condition_id,condition,motion_class,frame_index,topic,bag_time_unix,bag_time_utc,header_time_unix,header_time_utc,filename_time_unix,estimated_gps_time_unix,estimated_gps_time_utc,gps_week,gps_tow_s,in_gnss_interval,gt_valid,validity_reason,interpolation_segment,interpolation_alpha,interpolation_confidence,time_offset_s,time_offset_confidence,time_offset_uncertainty_s,spatial_confidence,enu_e_m,enu_n_m,enu_u_m,gt_lidar_x_m,gt_lidar_y_m,gt_lidar_z_m,raw_target_points,intensity_target_points,height_target_points,background_target_points,neighborhood_target_points,cluster_target_points,target_point_count_bin,target_intensity_median,target_intensity_q25,target_intensity_q75,target_radial_velocity_median_mps,target_radial_velocity_q25_mps,target_radial_velocity_q75_mps,target_range_median_m
300m_roundtrip_10,300m往返10m/s,roundtrip,0,/aqronos_cloud_0,1770273490.342803,2026-02-05T06:38:10.342803+00:00,1649360865.999987,2022-04-07T19:47:45.999987+00:00,1770273489.0,1770273588.6144028,2026-02-05T06:39:48.614403+00:00,2404,369606.61440280423,False,False,outside GNSS interval; no extrapolation,-1,,HIGH,98.27159976959229,LOW,9.665771722793579,LOW,,,,,,,,,,,,,,,,,,,,
300m_roundtrip_10,300m往返10m/s,roundtrip,1,/aqronos_cloud_0,1770273491.3436637,2026-02-05T06:38:11.343664+00:00,1649360866.999843,2022-04-07T19:47:46.999843+00:00,1770273489.0,1770273589.6152635,2026-02-05T06:39:49.615263+00:00,2404,369607.6152634953,False,False,outside GNSS interval; no extrapolation,-1,,HIGH,98.27159976959229,LOW,9.665771722793579,LOW,,,,,,,,,,,,,,,,,,,,
300m_roundtrip_10,300m往返10m/s,roundtrip,2,/aqronos_cloud_0,1770273492.3324044,2026-02-05T06:38:12.332404+00:00,1649360867.999849,2022-04-07T19:47:47.999849+00:00,1770273489.0,1770273590.6040041,2026-02-05T06:39:50.604004+00:00,2404,369608.6040041779,False,False,outside GNSS interval; no extrapolation,-1,,HIGH,98.27159976959229,LOW,9.665771722793579,LOW,,,,,,,,,,,,,,,,,,,,
300m_roundtrip_10,300m往返10m/s,roundtrip,3,/aqronos_cloud_0,1770273493.3339264,2026-02-05T06:38:13.333926+00:00,1649360868.99986,2022-04-07T19:47:48.999860+00:00,1770273489.0,1770273591.6055262,2026-02-05T06:39:51.605526+00:00,2404,369609.6055262421,False,False,outside GNSS interval; no extrapolation,-1,,HIGH,98.27159976959229,LOW,9.665771722793579,LOW,,,,,,,,,,,,,,,,,,,,
300m_roundtrip_10,300m往返10m/s,roundtrip,4,/aqronos_cloud_0,1770273494.3280363,2026-02-05T06:38:14.328036+00:00,1649360869.999871,2022-04-07T19:47:49.999871+00:00,1770273489.0,1770273592.599636,2026-02-05T06:39:52.599636+00:00,2404,369610.5996361111,False,False,outside GNSS interval; no extrapolation,-1,,HIGH,98.27159976959229,LOW,9.665771722793579,LOW,,,,,,,,,,,,,,,,,,,,
300m_roundtrip_10,300m往返10m/s,roundtrip,5,/aqronos_cloud_0,1770273495.3391278,2026-02-05T06:38:15.339128+00:00,1649360870.999882,2022-04-07T19:47:50.999882+00:00,1770273489.0,1770273593.6107275,2026-02-05T06:39:53.610728+00:00,2404,369611.61072758184,False,False,outside GNSS interval; no extrapolation,-1,,HIGH,98.27159976959229,LOW,9.665771722793579,LOW,,,,,,,,,,,,,,,,,,,,
300m_roundtrip_10,300m往返10m/s,roundtrip,6,/aqronos_cloud_0,1770273496.3429077,2026-02-05T06:38:16.342908+00:00,1649360871.999893,2022-04-07T19:47:51.999893+00:00,1770273489.0,1770273594.6145074,2026-02-05T06:39:54.614507+00:00,2404,369612.61450747,True,True,within GNSS interval; piecewise-linear interpolation,0,0.1102618878553311,HIGH,98.27159976959229,LOW,9.665771722793579,LOW,-0.46707243388342323,-0.3061471141488479,0.07718309971337595,0.5000286244992949,0.24870482238347474,0.07718309971337595,0,0,0,0,0,0,0,,,,,,,
300m_roundtrip_10,300m往返10m/s,roundtrip,7,/aqronos_cloud_0,1770273497.3350718,2026-02-05T06:38:17.335072+00:00,1649360872.999903,2022-04-07T19:47:52.999903+00:00,1770273489.0,1770273595.6066716,2026-02-05T06:39:55.606672+00:00,2404,369613.60667160497,True,True,within GNSS interval; piecewise-linear interpolation,0,0.3034582028877047,HIGH,98.27159976959229,LOW,9.665771722793579,LOW,-1.2854574156268355,-0.8425654129989083,0.21242013163291892,1.3761580790459,0.6844751157264539,0.21242013163291892,0,0,0,0,0,0,0,,,,,,,
300m_roundtrip_10,300m往返10m/s,roundtrip,8,/aqronos_cloud_0,1770273498.3299046,2026-02-05T06:38:18.329905+00:00,1649360873.999914,2022-04-07T19:47:53.999914+00:00,1770273489.0,1770273596.6015043,2026-02-05T06:39:56.601504+00:00,2404,369614.6015043591,True,True,within GNSS interval; piecewise-linear interpolation,0,0.4971741571299277,HIGH,98.27159976959229,LOW,9.665771722793579,LOW,-2.106043603564033,-1.3804265135965927,0.34802090995413254,2.2546440548202007,1.1214174983552492,0.34802090995413254,0,0,0,0,0,0,0,,,,,,,
300m_roundtrip_10,300m往返10m/s,roundtrip,9,/aqronos_cloud_0,1770273499.3440182,2026-02-05T06:38:19.344018+00:00,1649360874.999924,2022-04-07T19:47:54.999924+00:00,1770273489.0,1770273597.615618,2026-02-05T06:39:57.615618+00:00,2404,369615.61561802373,True,True,within GNSS interval; piecewise-linear interpolation,0,0.6946445313579027,HIGH,98.27159976959229,LOW,9.665771722793579,LOW,-2.9425336193303586,-1.9287119309395955,0.4862497747135758,3.150156017522382,1.5668282862859249,0.4862497747135758,0,0,0,0,0,0,0,,,,,,,
300m_roundtrip_10,300m往返10m/s,roundtrip,10,/aqronos_cloud_0,1770273500.3284237,2026-02-05T06:38:20.328424+00:00,1649360875.999936,2022-04-07T19:47:55.999936+00:00,1770273489.0,1770273598.6000235,2026-02-05T06:39:58.600024+00:00,2404,369616.6000235413,True,True,within GNSS interval; piecewise-linear interpolation,0,0.8863300718734426,HIGH,98.27159976959229,LOW,9.665771722793579,LOW,-3.7545189180613376,-2.460935496074729,0.6204292675101699,4.0194342334563125,1.9991909025504595,0.6204292675101699,0,0,0,0,0,0,0,,,,,,,
300m_roundtrip_10,300m往返10m/s,roundtrip,11,/aqronos_cloud_0,1770273501.330976,2026-02-05T06:38:21.330976+00:00,1649360876.999946,2022-04-07T19:47:56.999946+00:00,1770273489.0,1770273599.6025758,2026-02-05T06:39:59.602576+00:00,2404,369617.6025758122,True,True,within GNSS interval; piecewise-linear interpolation,1,0.048690203006656385,HIGH,98.27159976959229,LOW,9.665771722793579,LOW,-5.547521981370753,-3.1573873512746387,0.7017467980827717,5.882273170234228,2.4784990156389664,0.7017467980827717,0,0,0,0,0,0,0,,,,,,,
300m_roundtrip_10,300m往返10m/s,roundtrip,12,/aqronos_cloud_0,1770273502.3496609,2026-02-05T06:38:22.349661+00:00,1649360877.999969,2022-04-07T19:47:57.999969+00:00,1770273489.0,1770273600.6212606,2026-02-05T06:40:00.621261+00:00,2404,369618.62126067624,True,True,within GNSS interval; piecewise-linear interpolation,1,0.16712439954436636,HIGH,98.27159976959229,LOW,9.665771722793579,LOW,-8.737604123813954,-4.0837489769243644,0.7060006076406501,9.159583846642514,3.0207209880005363,0.7060006076406501,11,11,0,0,0,0,>10,19.0,17.5,25.5,-1.5199999809265137,-2.3350000381469727,-1.034999966621399,12.770001411437988
300m_roundtrip_10,300m往返10m/s,roundtrip,13,/aqronos_cloud_0,1770273503.3403416,2026-02-05T06:38:23.340342+00:00,1649360878.999983,2022-04-07T19:47:58.999983+00:00,1770273489.0,1770273601.6119413,2026-02-05T06:40:01.611941+00:00,2404,369619.6119413708,True,True,within GNSS interval; piecewise-linear interpolation,1,0.2823027792664414,HIGH,98.27159976959229,LOW,9.665771722793579,LOW,-11.839989271755094,-4.984644446292202,0.7101374777917191,12.346799571404695,3.5480370002000057,0.7101374777917191,11,9,0,0,0,0,>10,13.0,11.0,19.0,-1.350000023841858,-1.9049999713897705,-0.39500001072883606,12.309999465942383
300m_roundtrip_10,300m往返10m/s,roundtrip,14,/aqronos_cloud_0,1770273504.3399334,2026-02-05T06:38:24.339933+00:00,1649360879.999988,2022-04-07T19:47:59.999988+00:00,1770273489.0,1770273602.6115332,2026-02-05T06:40:02.611533+00:00,2404,369620.6115331982,True,True,within GNSS interval; piecewise-linear interpolation,1,0.3985171838595441,HIGH,98.27159976959229,LOW,9.665771722793579,LOW,-14.970280248728816,-5.893643434000142,0.7143115589226183,15.562684172809803,4.080096198619389,0.7143115589226183,5,5,0,0,0,0,3-5,24.0,20.0,33.0,-1.399999976158142,-2.869999885559082,-0.6399999856948853,14.109999656677246
300m_roundtrip_10,300m往返10m/s,roundtrip,15,/aqronos_cloud_0,1770273505.3384173,2026-02-05T06:38:25.338417+00:00,1649360880.999995,2022-04-07T19:48:00.999995+00:00,1770273489.0,1770273603.610017,2026-02-05T06:40:03.610017+00:00,2404,369621.61001709447,True,True,within GNSS interval; piecewise-linear interpolation,1,0.514602778318452,HIGH,98.27159976959229,LOW,9.665771722793579,LOW,-18.09710166268043,-6.801634902184151,0.7184810135706605,18.775004340627593,4.61156567137621,0.7184810135706605,5,4,0,0,0,0,3-5,17.0,11.0,25.0,-0.8299999833106995,-1.3300000429153442,-0.3100000023841858,19.06999969482422
300m_roundtrip_10,300m往返10m/s,roundtrip,16,/aqronos_cloud_0,1770273506.338136,2026-02-05T06:38:26.338136+00:00,1649360881.999846,2022-04-07T19:48:01.999846+00:00,1770273489.0,1770273604.6097357,2026-02-05T06:40:04.609736+00:00,2404,369622.60973576055,True,True,within GNSS interval; piecewise-linear interpolation,1,0.6308319294128226,HIGH,98.27159976959229,LOW,9.665771722793579,LOW,-21.227789843770307,-7.7107492332075065,0.7226556243527067,21.99129700716471,5.143692383041232,0.7226556243527067,2,1,0,0,0,0,2,19.0,13.0,25.0,-0.6649999618530273,-0.7124999761581421,-0.6175000071525574,22.184999465942383
300m_roundtrip_10,300m往返10m/s,roundtrip,17,/aqronos_cloud_0,1770273507.3397064,2026-02-05T06:38:27.339706+00:00,1649360882.999854,2022-04-07T19:48:02.999854+00:00,1770273489.0,1770273605.6113062,2026-02-05T06:40:05.611306+00:00,2404,369623.6113062237,True,True,within GNSS interval; piecewise-linear interpolation,1,0.7472763738819062,HIGH,98.27159976959229,LOW,9.665771722793579,LOW,-24.36427705563116,-8.621547533273764,0.726837967842382,25.213547271221245,5.67680476271166,0.726837967842382,57,57,0,0,0,0,>10,38.0,31.0,44.0,-21.93000030517578,-47.650001525878906,47.099998474121094,27.37000274658203
300m_roundtrip_10,300m往返10m/s,roundtrip,18,/aqronos_cloud_0,1770273508.3302617,2026-02-05T06:38:28.330262+00:00,1649360883.999865,2022-04-07T19:48:03.999865+00:00,1770273489.0,1770273606.6018615,2026-02-05T06:40:06.601861+00:00,2404,369624.60186151013,True,True,within GNSS interval; piecewise-linear interpolation,1,0.8624401734166374,HIGH,98.27159976959229,LOW,9.665771722793579,LOW,-27.466269479201816,-9.522328960190647,0.7309743143158133,28.40035953308974,6.2040540230930725,0.7309743143158133,12,11,0,0,0,0,>10,37.5,26.75,48.25,-10.09000015258789,-18.407499313354492,-7.097499847412109,25.895000457763672
300m_roundtrip_10,300m往返10m/s,roundtrip,19,/aqronos_cloud_0,1770273509.3452263,2026-02-05T06:38:29.345226+00:00,1649360884.999876,2022-04-07T19:48:04.999876+00:00,1770273489.0,1770273607.616826,2026-02-05T06:40:07.616826+00:00,2404,369625.61682609067,True,True,within GNSS interval; piecewise-linear interpolation,1,0.9804418428758073,HIGH,98.27159976959229,LOW,9.665771722793579,LOW,-30.644701296403568,-10.445307471002536,0.7352125887674932,31.665701321678675,6.744295776122035,0.7352125887674932,882,878,0,0,0,0,>10,56.0,42.0,65.0,-9.649999618530273,-9.84000015258789,-9.420000076293945,30.34000015258789
300m_roundtrip_10,300m往返10m/s,roundtrip,20,/aqronos_cloud_0,1770273510.3418534,2026-02-05T06:38:30.341853+00:00,1649360885.999887,2022-04-07T19:48:05.999887+00:00,1770273489.0,1770273608.6134531,2026-02-05T06:40:08.613453+00:00,2404,369626.61345318303,True,True,within GNSS interval; piecewise-linear interpolation,2,0.11026191349705884,HIGH,98.27159976959229,LOW,9.665771722793579,LOW,-33.233418427288065,-10.954920748889073,0.9861958309167987,34.29654257976385,6.9438862355380895,0.9861958309167987,544,543,0,0,0,0,>10,56.0,41.0,64.25,-3.0799999237060547,-3.2699999809265137,-2.799999952316284,33.400001525878906
300m_roundtrip_10,300m往返10m/s,roundtrip,21,/aqronos_cloud_0,1770273511.341968,2026-02-05T06:38:31.341968+00:00,1649360886.999898,2022-04-07T19:48:06.999898+00:00,1770273489.0,1770273609.6135678,2026-02-05T06:40:09.613568+00:00,2404,369627.61356786237,True,True,within GNSS interval; piecewise-linear interpolation,2,0.2433791109657413,HIGH,98.27159976959229,LOW,9.665771722793579,LOW,-35.72272325623654,-11.385478999993268,1.288355241006637,36.819312360736554,7.076745451368375,1.288355241006637,4,4,0,0,0,0,3-5,29.5,19.5,43.25,2.0399999618530273,-1.8224999904632568,5.259999752044678,35.785003662109375
300m_roundtrip_10,300m往返10m/s,roundtrip,22,/aqronos_cloud_0,1770273512.3209796,2026-02-05T06:38:32.320980+00:00,1649360887.999909,2022-04-07T19:48:07.999909+00:00,1770273489.0,1770273610.5925794,2026-02-05T06:40:10.592579+00:00,2404,369628.592579398,True,True,within GNSS interval; piecewise-linear interpolation,2,0.373687439207623,HIGH,98.27159976959229,LOW,9.665771722793579,LOW,-38.159501951348666,-11.806952160328807,1.584138868817936,39.28884987316076,7.206801241571176,1.584138868817936,2,2,0,0,0,0,2,29.0,29.0,29.0,3.0550003051757812,-5.642499923706055,11.752500534057617,39.035003662109375
300m_roundtrip_10,300m往返10m/s,roundtrip,23,/aqronos_cloud_0,1770273513.3311071,2026-02-05T06:38:33.331107+00:00,1649360888.999937,2022-04-07T19:48:08.999937+00:00,1770273489.0,1770273611.602707,2026-02-05T06:40:11.602707+00:00,2404,369629.6027069424,True,True,within GNSS interval; piecewise-linear interpolation,2,0.5081373683758067,HIGH,98.27159976959229,LOW,9.665771722793579,LOW,-40.67372899559575,-12.241821038764705,1.88932341338917,41.836876911058795,7.340990606261824,1.88932341338917,2,2,0,0,0,0,2,34.0,28.5,39.5,2.440000534057617,-12.50999927520752,17.389999389648438,43.375
300m_roundtrip_10,300m往返10m/s,roundtrip,24,/aqronos_cloud_0,1770273514.3398116,2026-02-05T06:38:34.339812+00:00,1649360889.999931,2022-04-07T19:48:09.999931+00:00,1770273489.0,1770273612.6114113,2026-02-05T06:40:12.611411+00:00,2404,369630.6114113663,True,True,within GNSS interval; piecewise-linear interpolation,2,0.6423978774541191,HIGH,98.27159976959229,LOW,9.665771722793579,LOW,-43.18441386532757,-12.676077251187722,2.194077998017564,44.38131415524329,7.474990917959462,2.194077998017564,1,1,0,0,0,0,1,45.0,45.0,45.0,23.600000381469727,23.600000381469727,23.600000381469727,45.2400016784668
300m_roundtrip_10,300m往返10m/s,roundtrip,25,/aqronos_cloud_0,1770273515.3348556,2026-02-05T06:38:35.334856+00:00,1649360890.999942,2022-04-07T19:48:10.999942+00:00,1770273489.0,1770273613.6064553,2026-02-05T06:40:13.606455+00:00,2404,369631.6064553593,True,True,within GNSS interval; piecewise-linear interpolation,2,0.7748401567671002,HIGH,98.27159976959229,LOW,9.665771722793579,LOW,-45.661097657655084,-13.104452526791507,2.4947054282004966,46.89129322877766,7.6071765236280156,2.4947054282004966,0,0,0,0,0,0,0,,,,,,,
300m_roundtrip_10,300m往返10m/s,roundtrip,26,/aqronos_cloud_0,1770273516.3290899,2026-02-05T06:38:36.329090+00:00,1649360891.999951,2022-04-07T19:48:11.999951+00:00,1770273489.0,1770273614.6006896,2026-02-05T06:40:14.600690+00:00,2404,369632.6006896828,True,True,within GNSS interval; piecewise-linear interpolation,2,0.907174667504909,HIGH,98.27159976959229,LOW,9.665771722793579,LOW,-48.13576616691109,-13.532479232487477,2.795088237179561,49.39922992679668,7.739254569577307,2.795088237179561,0,0,0,0,0,0,0,,,,,,,
300m_roundtrip_10,300m往返10m/s,roundtrip,27,/aqronos_cloud_0,1770273517.3134463,2026-02-05T06:38:37.313446+00:00,1649360892.999963,2022-04-07T19:48:12.999963+00:00,1770273489.0,1770273615.585046,2026-02-05T06:40:15.585046+00:00,2404,369633.58504608617,True,True,within GNSS interval; piecewise-linear interpolation,3,0.037133366238449705,HIGH,98.27159976959229,LOW,9.665771722793579,LOW,-50.62509603776642,-13.924656307319683,3.1465925699605477,51.91748119726105,7.8339995048568,3.1465925699605477,0,0,0,0,0,0,0,,,,,,,
300m_roundtrip_10,300m往返10m/s,roundtrip,28,/aqronos_cloud_0,1770273518.3289845,2026-02-05T06:38:38.328984+00:00,1649360893.999973,2022-04-07T19:48:13.999973+00:00,1770273489.0,1770273616.6005843,2026-02-05T06:40:16.600584+00:00,2404,369634.6005843018,True,True,within GNSS interval; piecewise-linear interpolation,3,0.1685484370080006,HIGH,98.27159976959229,LOW,9.665771722793579,LOW,-53.291688037779934,-14.25003232153791,3.6448926779331727,54.60384067401087,7.841429635479022,3.6448926779331727,0,0,0,0,0,0,0,,,,,,,
300m_roundtrip_10,300m往返10m/s,roundtrip,29,/aqronos_cloud_0,1770273519.336795,2026-02-05T06:38:39.336795+00:00,1649360894.999989,2022-04-07T19:48:14.999989+00:00,1770273489.0,1770273617.6083949,2026-02-05T06:40:17.608395+00:00,2404,369635.60839489446,True,True,within GNSS interval; piecewise-linear interpolation,3,0.2989635196865791,HIGH,98.27159976959229,LOW,9.665771722793579,LOW,-55.93798890810885,-14.57293242384283,4.139401027694316,57.26975860270162,7.848803227364149,4.139401027694316,0,0,0,0,0,0,0,,,,,,,
300m_roundtrip_10,300m往返10m/s,roundtrip,30,/aqronos_cloud_0,1770273520.326547,2026-02-05T06:38:40.326547+00:00,1649360895.999995,2022-04-07T19:48:15.999995+00:00,1770273489.0,1770273618.5981467,2026-02-05T06:40:18.598147+00:00,2404,369636.59814671025,True,True,within GNSS interval; piecewise-linear interpolation,3,0.42704171794078966,HIGH,98.27159976959229,LOW,9.665771722793579,LOW,-58.53687118881571,-14.890046537255937,4.625048371224111,59.88790642722771,7.8560446931816905,4.625048371224111,0,0,0,0,0,0,0,,,,,,,
300m_roundtrip_10,300m往返10m/s,roundtrip,31,/aqronos_cloud_0,1770273521.3269856,2026-02-05T06:38:41.326986+00:00,1649360896.999846,2022-04-07T19:48:16.999846+00:00,1770273489.0,1770273619.5985854,2026-02-05T06:40:19.598585+00:00,2404,369637.59858540044,True,True,within GNSS interval; piecewise-linear interpolation,3,0.556502844313899,HIGH,98.27159976959229,LOW,9.665771722793579,LOW,-61.163814977512885,-15.210584699650965,5.115939506253087,62.534323780021076,7.8633643489397365,5.115939506253087,0,0,0,0,0,0,0,,,,,,,
300m_roundtrip_10,300m往返10m/s,roundtrip,32,/aqronos_cloud_0,1770273522.3345158,2026-02-05T06:38:42.334516+00:00,1649360897.999857,2022-04-07T19:48:17.999857+00:00,1770273489.0,1770273620.6061156,2026-02-05T06:40:20.606116+00:00,2404,369638.60611561284,True,True,within GNSS interval; piecewise-linear interpolation,3,0.6868816445663704,HIGH,98.27159976959229,LOW,9.665771722793579,LOW,-63.809379627660725,-15.533394968795017,5.6103102801887115,65.19950003092221,7.8707358894378805,5.6103102801887115,0,0,0,0,0,0,0,,,,,,,
300m_roundtrip_10,300m往返10m/s,roundtrip,33,/aqronos_cloud_0,1770273523.327191,2026-02-05T06:38:43.327191+00:00,1649360898.999868,2022-04-07T19:48:18.999868+00:00,1770273489.0,1770273621.598791,2026-02-05T06:40:21.598791+00:00,2404,369639.59879091725,True,True,within GNSS interval; piecewise-linear interpolation,3,0.8153381549880345,HIGH,98.27159976959229,LOW,9.665771722793579,LOW,-66.41593838103796,-15.851445760965404,6.097392109069277,67.82538123389763,7.877998744802327,6.097392109069277,0,0,0,0,0,0,0,,,,,,,
300m_roundtrip_10,300m往返10m/s,roundtrip,34,/aqronos_cloud_0,1770273524.3198223,2026-02-05T06:38:44.319822+00:00,1649360899.999879,2022-04-07T19:48:19.999879+00:00,1770273489.0,1770273622.591422,2026-02-05T06:40:22.591422+00:00,2404,369640.59142211423,True,True,within GNSS interval; piecewise-linear interpolation,3,0.9437889577151154,HIGH,98.27159976959229,LOW,9.665771722793579,LOW,-69.02238131746495,-16.16948242121848,6.584452295494298,70.45114576137044,7.88526127745709,6.584452295494298,0,0,0,0,0,0,0,,,,,,,
300m_roundtrip_10,300m往返10m/s,roundtrip,35,/aqronos_cloud_0,1770273525.3388886,2026-02-05T06:38:45.338889+00:00,1649360900.99989,2022-04-07T19:48:20.999890+00:00,1770273489.0,1770273623.6104884,2026-02-05T06:40:23.610488+00:00,2404,369641.610488448,True,True,within GNSS interval; piecewise-linear interpolation,4,0.06520839916642673,HIGH,98.27159976959229,LOW,9.665771722793579,LOW,-72.18266867630899,-16.513050260838263,6.888205518524355,73.6298828585477,7.85231407849389,6.888205518524355,0,0,0,0,0,0,0,,,,,,,
300m_roundtrip_10,300m往返10m/s,roundtrip,36,/aqronos_cloud_0,1770273526.3411467,2026-02-05T06:38:46.341147+00:00,1649360901.999901,2022-04-07T19:48:21.999901+00:00,1770273489.0,1770273624.6127465,2026-02-05T06:40:24.612746+00:00,2404,369642.61274651036,True,True,within GNSS interval; piecewise-linear interpolation,4,0.17698793960773812,HIGH,98.27159976959229,LOW,9.665771722793579,LOW,-75.64479663378269,-16.86341785763361,7.043531645933099,77.1091432193731,7.790388410195224,7.043531645933099,0,0,0,0,0,0,0,,,,,,,
300m_roundtrip_10,300m往返10m/s,roundtrip,37,/aqronos_cloud_0,1770273527.3271942,2026-02-05T06:38:47.327194+00:00,1649360902.999912,2022-04-07T19:48:22.999912+00:00,1770273489.0,1770273625.598794,2026-02-05T06:40:25.598794+00:00,2404,369643.5987940167,True,True,within GNSS interval; piecewise-linear interpolation,4,0.2869595539555536,HIGH,98.27159976959229,LOW,9.665771722793579,LOW,-79.05092801577732,-17.208118596987422,7.196345523267856,80.53212990464422,7.729464329764356,7.196345523267856,0,0,0,0,0,0,0,,,,,,,
300m_roundtrip_10,300m往返10m/s,roundtrip,38,/aqronos_cloud_0,1770273528.3278723,2026-02-05T06:38:48.327872+00:00,1649360903.999924,2022-04-07T19:48:23.999924+00:00,1770273489.0,1770273626.599472,2026-02-05T06:40:26.599472+00:00,2404,369644.59947207914,True,True,within GNSS interval; piecewise-linear interpolation,4,0.3985628806331634,HIGH,98.27159976959229,LOW,9.665771722793579,LOW,-82.50759813548041,-17.55793386021022,7.3514267883216124,84.00590541948925,7.667636283580057,7.3514267883216124,0,0,0,0,0,0,0,,,,,,,
300m_roundtrip_10,300m往返10m/s,roundtrip,39,/aqronos_cloud_0,1770273529.3314426,2026-02-05T06:38:49.331443+00:00,1649360904.999935,2022-04-07T19:48:24.999935+00:00,1770273489.0,1770273627.6030424,2026-02-05T06:40:27.603042+00:00,2404,369645.60304239736,True,True,within GNSS interval; piecewise-linear interpolation,4,0.5104887739574404,HIGH,98.27159976959229,LOW,9.665771722793579,LOW,-85.97425905494136,-17.908760193082728,7.506956284132628,87.48972117374699,7.605629536042295,7.506956284132628,0,0,0,0,0,0,0,,,,,,,
300m_roundtrip_10,300m往返10m/s,roundtrip,40,/aqronos_cloud_0,1770273530.3326888,2026-02-05T06:38:50.332689+00:00,1649360905.999946,2022-04-07T19:48:25.999946+00:00,1770273489.0,1770273628.6042886,2026-02-05T06:40:28.604289+00:00,2404,369646.60428861127,True,True,within GNSS interval; piecewise-linear interpolation,4,0.6221554652644302,HIGH,98.27159976959229,LOW,9.665771722793579,LOW,-89.43289175611531,-18.258774069690677,7.662125599132353,90.96546898193309,7.543766385965052,7.662125599132353,0,0,0,0,0,0,0,,,,,,,
300m_roundtrip_10,300m往返10m/s,roundtrip,41,/aqronos_cloud_0,1770273531.3286152,2026-02-05T06:38:51.328615+00:00,1649360906.999956,2022-04-07T19:48:26.999956+00:00,1770273489.0,1770273629.600215,2026-02-05T06:40:29.600215+00:00,2404,369647.6002149914,True,True,within GNSS interval; piecewise-linear interpolation,4,0.733228847727377,HIGH,98.27159976959229,LOW,9.665771722793579,LOW,-92.87314800728535,-18.606928248244543,7.816470466610299,94.42274940391722,7.4822319279412,7.816470466610299,0,0,0,0,0,0,0,,,,,,,
300m_roundtrip_10,300m往返10m/s,roundtrip,42,/aqronos_cloud_0,1770273532.3250208,2026-02-05T06:38:52.325021+00:00,1649360907.999967,2022-04-07T19:48:27.999967+00:00,1770273489.0,1770273630.5966206,2026-02-05T06:40:30.596621+00:00,2404,369648.5966205929,True,True,within GNSS interval; piecewise-linear interpolation,4,0.8443556766464939,HIGH,98.27159976959229,LOW,9.665771722793579,LOW,-96.31505964609974,-18.955249952146353,7.970889601982242,97.88169340526164,7.420667860674872,7.970889601982242,0,0,0,0,0,0,0,,,,,,,
300m_roundtrip_10,300m往返10m/s,roundtrip,43,/aqronos_cloud_0,1770273533.3306744,2026-02-05T06:38:53.330674+00:00,1649360908.999978,2022-04-07T19:48:28.999978+00:00,1770273489.0,1770273631.6022742,2026-02-05T06:40:31.602274+00:00,2404,369649.6022742127,True,True,within GNSS interval; piecewise-linear interpolation,4,0.9565139158085896,HIGH,98.27159976959229,LOW,9.665771722793579,LOW,-99.78891697214581,-19.30680456187973,8.126741959911543,101.37274117765378,7.358532393952665,8.126741959911543,0,0,0,0,0,0,0,,,,,,,
300m_roundtrip_10,300m往返10m/s,roundtrip,44,/aqronos_cloud_0,1770273534.3343,2026-02-05T06:38:54.334300+00:00,1649360909.999993,2022-04-07T19:48:29.999993+00:00,1770273489.0,1770273632.6058998,2026-02-05T06:40:32.605900+00:00,2404,369650.605899844,True,True,within GNSS interval; piecewise-linear interpolation,5,0.12233622884653543,HIGH,98.27159976959229,LOW,9.665771722793579,LOW,-101.83792134132123,-19.47945722007692,8.18348752619283,103.42777666894844,7.287419984333592,8.18348752619283,0,0,0,0,0,0,0,,,,,,,
300m_roundtrip_10,300m往返10m/s,roundtrip,45,/aqronos_cloud_0,1770273535.3306682,2026-02-05T06:38:55.330668+00:00,1649360910.999844,2022-04-07T19:48:30.999844+00:00,1770273489.0,1770273633.602268,2026-02-05T06:40:33.602268+00:00,2404,369651.6022680138,True,True,within GNSS interval; piecewise-linear interpolation,5,0.32095018457857033,HIGH,98.27159976959229,LOW,9.665771722793579,LOW,-102.97781545582423,-19.5384679003591,8.17751035518366,104.56664152460556,7.211080654922062,8.17751035518366,0,0,0,0,0,0,0,,,,,,,
300m_roundtrip_10,300m往返10m/s,roundtrip,46,/aqronos_cloud_0,1770273536.342054,2026-02-05T06:38:56.342054+00:00,1649360911.999861,2022-04-07T19:48:31.999861+00:00,1770273489.0,1770273634.6136537,2026-02-05T06:40:34.613654+00:00,2404,369652.61365369306,True,True,within GNSS interval; piecewise-linear interpolation,5,0.5225576993680249,HIGH,98.27159976959229,LOW,9.665771722793579,LOW,-104.13489033860907,-19.598368004326503,8.171443094762866,105.7226716352986,7.133590720105413,8.171443094762866,0,0,0,0,0,0,0,,,,,,,
300m_roundtrip_10,300m往返10m/s,roundtrip,47,/aqronos_cloud_0,1770273537.33704,2026-02-05T06:38:57.337040+00:00,1649360912.999866,2022-04-07T19:48:32.999866+00:00,1770273489.0,1770273635.6086397,2026-02-05T06:40:35.608640+00:00,2404,369653.60863975034,True,True,within GNSS interval; piecewise-linear interpolation,5,0.7208961476723614,HIGH,98.27159976959229,LOW,9.665771722793579,LOW,-105.27320324853771,-19.657296827920057,8.165474214988839,106.8599567141182,7.05735728482504,8.165474214988839,0,0,0,0,0,0,0,,,,,,,
300m_roundtrip_10,300m往返10m/s,roundtrip,48,/aqronos_cloud_0,1770273538.3285444,2026-02-05T06:38:58.328544+00:00,1649360913.999876,2022-04-07T19:48:33.999876+00:00,1770273489.0,1770273636.6001441,2026-02-05T06:40:36.600144+00:00,2404,369654.6001441811,True,True,within GNSS interval; piecewise-linear interpolation,5,0.9185405757995929,HIGH,98.27159976959229,LOW,9.665771722793579,LOW,-106.40753300676731,-19.716019449473933,8.15952622134674,107.9932622377957,6.981390603382399,8.15952622134674,0,0,0,0,0,0,0,,,,,,,
300m_roundtrip_10,300m往返10m/s,roundtrip,49,/aqronos_cloud_0,1770273539.3357885,2026-02-05T06:38:59.335788+00:00,1649360914.999887,2022-04-07T19:48:34.999887+00:00,1770273489.0,1770273637.6073883,2026-02-05T06:40:37.607388+00:00,2404,369655.6073882912,True,True,within GNSS interval; piecewise-linear interpolation,6,0.06932616426054633,HIGH,98.27159976959229,LOW,9.665771722793579,LOW,-108.83958126252209,-19.89870964731686,8.340266031045527,110.42983660900724,6.87490229293026,8.340266031045527,0,0,0,0,0,0,0,,,,,,,
300m_roundtrip_10,300m往返10m/s,roundtrip,50,/aqronos_cloud_0,1770273540.3100302,2026-02-05T06:39:00.310030+00:00,1649360915.999914,2022-04-07T19:48:35.999914+00:00,1770273489.0,1770273638.58163,2026-02-05T06:40:38.581630+00:00,2404,369656.58163002477,True,True,within GNSS interval; piecewise-linear interpolation,6,0.18215793530968813,HIGH,98.27159976959229,LOW,9.665771722793579,LOW,-112.03695564106846,-20.156656058433356,8.638418931590115,113.6352645182419,6.752545493805444,8.638418931590115,0,0,0,0,0,0,0,,,,,,,
300m_roundtrip_10,300m往返10m/s,roundtrip,51,/aqronos_cloud_0,1770273541.340113,2026-02-05T06:39:01.340113+00:00,1649360916.999908,2022-04-07T19:48:36.999908+00:00,1770273489.0,1770273639.6117127,2026-02-05T06:40:39.611713+00:00,2404,369657.6117127274,True,True,within GNSS interval; piecewise-linear interpolation,6,0.3014569261689215,HIGH,98.27159976959229,LOW,9.665771722793579,LOW,-115.417595094061,-20.42938727815831,8.953661170774955,117.02441910908112,6.623175525359246,8.953661170774955,0,0,0,0,0,0,0,,,,,,,
300m_roundtrip_10,300m往返10m/s,roundtrip,52,/aqronos_cloud_0,1770273542.32561,2026-02-05T06:39:02.325610+00:00,1649360917.999918,2022-04-07T19:48:37.999918+00:00,1770273489.0,1770273640.5972097,2026-02-05T06:40:40.597210+00:00,2404,369658.59720972524,True,True,within GNSS interval; piecewise-linear interpolation,6,0.41559222524283895,HIGH,98.27159976959229,LOW,9.665771722793579,LOW,-118.65190824498842,-20.690313704324236,9.255258585731701,120.26687883189308,6.499405157031376,9.255258585731701,0,0,0,0,0,0,0,,,,,,,
300m_roundtrip_10,300m往返10m/s,roundtrip,53,/aqronos_cloud_0,1770273543.3352995,2026-02-05T06:39:03.335299+00:00,1649360918.999929,2022-04-07T19:48:38.999929+00:00,1770273489.0,1770273641.6068993,2026-02-05T06:40:41.606899+00:00,2404,369659.6068992947,True,True,within GNSS interval; piecewise-linear interpolation,6,0.5325293861241198,HIGH,98.27159976959229,LOW,9.665771722793579,LOW,-121.9656192558607,-20.957645508965868,9.56425979500119,123.58893640158479,6.3725963994346735,9.56425979500119,0,0,0,0,0,0,0,,,,,,,
300m_roundtrip_10,300m往返10m/s,roundtrip,54,/aqronos_cloud_0,1770273544.3343868,2026-02-05T06:39:04.334387+00:00,1649360919.999952,2022-04-07T19:48:39.999952+00:00,1770273489.0,1770273642.6059866,2026-02-05T06:40:42.605987+00:00,2404,369660.6059866284,True,True,within GNSS interval; piecewise-linear interpolation,6,0.6482386494513049,HIGH,98.27159976959229,LOW,9.665771722793579,LOW,-125.24453467554055,-21.222170198516135,9.870016339989323,126.87611073712195,6.247119196000202,9.870016339989323,0,0,0,0,0,0,0,,,,,,,
300m_roundtrip_10,300m往返10m/s,roundtrip,55,/aqronos_cloud_0,1770273545.3387384,2026-02-05T06:39:05.338738+00:00,1649360920.99996,2022-04-07T19:48:40.999960+00:00,1770273489.0,1770273643.6103382,2026-02-05T06:40:43.610338+00:00,2404,369661.6103382443,True,True,within GNSS interval; piecewise-linear interpolation,6,0.7645575954336978,HIGH,98.27159976959229,LOW,9.665771722793579,LOW,-128.54072699943524,-21.488088692766695,10.17738394408228,130.1806054938544,6.12098084174376,10.17738394408228,0,0,0,0,0,0,0,,,,,,,
300m_roundtrip_10,300m往返10m/s,roundtrip,56,/aqronos_cloud_0,1770273546.3404276,2026-02-05T06:39:06.340428+00:00,1649360921.999963,2022-04-07T19:48:41.999963+00:00,1770273489.0,1770273644.6120274,2026-02-05T06:40:44.612027+00:00,2404,369662.6120274399,True,True,within GNSS interval; piecewise-linear interpolation,6,0.8805681933087218,HIGH,98.27159976959229,LOW,9.665771722793579,LOW,-131.8281814977245,-21.753302267765072,10.483936752114387,133.47634041618971,5.995176865713271,10.483936752114387,0,0,0,0,0,0,0,,,,,,,
300m_roundtrip_10,300m往返10m/s,roundtrip,57,/aqronos_cloud_0,1770273547.3405359,2026-02-05T06:39:07.340536+00:00,1649360922.999984,2022-04-07T19:48:42.999984+00:00,1770273489.0,1770273645.6121356,2026-02-05T06:40:45.612136+00:00,2404,369663.61213568196,True,True,within GNSS interval; piecewise-linear interpolation,6,0.9963956931001099,HIGH,98.27159976959229,LOW,9.665771722793579,LOW,-135.11044744746994,-22.01809725947687,10.790005731662614,136.76687372109095,5.869571444533342,10.790005731662614,0,0,0,0,0,0,0,,,,,,,
300m_roundtrip_10,300m往返10m/s,roundtrip,58,/aqronos_cloud_0,1770273548.331703,2026-02-05T06:39:08.331703+00:00,1649360923.99999,2022-04-07T19:48:43.999990+00:00,1770273489.0,1770273646.6033027,2026-02-05T06:40:46.603303+00:00,2404,369664.60330275045,True,True,within GNSS interval; piecewise-linear interpolation,7,0.11775232914543585,HIGH,98.27159976959229,LOW,9.665771722793579,LOW,-137.8975651833094,-22.947988371751308,11.132350361296456,139.64447105813915,6.462999047473321,11.132350361296456,0,0,0,0,0,0,0,,,,,,,
300m_roundtrip_10,300m往返10m/s,roundtrip,59,/aqronos_cloud_0,1770273549.338407,2026-02-05T06:39:09.338407+00:00,1649360924.999997,2022-04-07T19:48:44.999997+00:00,1770273489.0,1770273647.6100068,2026-02-05T06:40:47.610007+00:00,2404,369665.6100068425,True,True,within GNSS interval; piecewise-linear interpolation,7,0.2412274277335831,HIGH,98.27159976959229,LOW,9.665771722793579,LOW,-140.71303594007637,-23.914431923474794,11.481345860993212,142.5545489639437,7.089365795494128,11.481345860993212,0,0,0,0,0,0,0,,,,,,,
300m_roundtrip_10,300m往返10m/s,roundtrip,60,/aqronos_cloud_0,1770273550.3278563,2026-02-05T06:39:10.327856+00:00,1649360925.999855,2022-04-07T19:48:45.999855+00:00,1770273489.0,1770273648.599456,2026-02-05T06:40:48.599456+00:00,2404,369666.5994561051,True,True,within GNSS interval; piecewise-linear interpolation,7,0.3625861727884578,HIGH,98.27159976959229,LOW,9.665771722793579,LOW,-143.48024974825984,-24.86431070830369,11.824359605118808,145.41474836202906,7.704996666439666,11.824359605118808,0,0,0,0,0,0,0,,,,,,,
300m_roundtrip_10,300m往返10m/s,roundtrip,61,/aqronos_cloud_0,1770273551.3391154,2026-02-05T06:39:11.339115+00:00,1649360926.99986,2022-04-07T19:48:46.999860+00:00,1770273489.0,1770273649.6107152,2026-02-05T06:40:49.610715+00:00,2404,369667.61071518407,True,True,within GNSS interval; piecewise-linear interpolation,7,0.4866199533841932,HIGH,98.27159976959229,LOW,9.665771722793579,LOW,-146.30845953397014,-25.835127081995907,12.174934188441648,148.33799336132242,8.334197506810039,12.174934188441648,0,0,0,0,0,0,0,,,,,,,
300m_roundtrip_10,300m往返10m/s,roundtrip,62,/aqronos_cloud_0,1770273552.3376658,2026-02-05T06:39:12.337666+00:00,1649360927.999869,2022-04-07T19:48:47.999869+00:00,1770273489.0,1770273650.6092656,2026-02-05T06:40:50.609266+00:00,2404,369668.6092655991,True,True,within GNSS interval; piecewise-linear interpolation,7,0.6090949804739103,HIGH,98.27159976959229,LOW,9.665771722793579,LOW,-149.10112672879868,-26.79374304206754,12.521103041662169,151.2245014461259,8.955491073765007,12.521103041662169,0,0,0,0,0,0,0,,,,,,,
300m_roundtrip_10,300m往返10m/s,roundtrip,63,/aqronos_cloud_0,1770273553.334971,2026-02-05T06:39:13.334971+00:00,1649360928.999892,2022-04-07T19:48:48.999892+00:00,1770273489.0,1770273651.6065707,2026-02-05T06:40:51.606571+00:00,2404,369669.6065707539,True,True,within GNSS interval; piecewise-linear interpolation,7,0.7314172728802653,HIGH,98.27159976959229,LOW,9.665771722793579,LOW,-151.89031127781874,-27.7511635428802,12.866840198793756,154.1074098591528,9.57600984541289,12.866840198793756,0,0,0,0,0,0,0,,,,,,,
300m_roundtrip_10,300m往返10m/s,roundtrip,64,/aqronos_cloud_0,1770273554.3366232,2026-02-05T06:39:14.336623+00:00,1649360929.999891,2022-04-07T19:48:49.999891+00:00,1770273489.0,1770273652.608223,2026-02-05T06:40:52.608223+00:00,2404,369670.60822299466,True,True,within GNSS interval; piecewise-linear interpolation,7,0.8542727476495805,HIGH,98.27159976959229,LOW,9.665771722793579,LOW,-154.69165341462858,-28.712757279126297,13.214084366223927,157.0028843865781,10.199233354344717,13.214084366223927,0,0,0,0,0,0,0,,,,,,,
300m_roundtrip_10,300m往返10m/s,roundtrip,65,/aqronos_cloud_0,1770273555.3379374,2026-02-05T06:39:15.337937+00:00,1649360930.999901,2022-04-07T19:48:50.999901+00:00,1770273489.0,1770273653.6095371,2026-02-05T06:40:53.609537+00:00,2404,369671.60953715787,True,True,within GNSS interval; piecewise-linear interpolation,7,0.9770867562536636,HIGH,98.27159976959229,LOW,9.665771722793579,LOW,-157.4920500427736,-29.674026458368907,13.561211331844007,159.8973816337853,10.822246512951931,13.561211331844007,0,0,0,0,0,0,0,,,,,,,
300m_roundtrip_10,300m往返10m/s,roundtrip,66,/aqronos_cloud_0,1770273556.3265998,2026-02-05T06:39:16.326600+00:00,1649360931.999913,2022-04-07T19:48:51.999913+00:00,1770273489.0,1770273654.5981996,2026-02-05T06:40:54.598200+00:00,2404,369672.5981996392,True,True,within GNSS interval; piecewise-linear interpolation,8,0.08213156310091665,HIGH,98.27159976959229,LOW,9.665771722793579,LOW,-160.386818851949,-32.05434031958868,13.619489011039034,163.053567110691,12.843155657831861,13.619489011039034,0,0,0,0,0,0,0,,,,,,,
300m_roundtrip_10,300m往返10m/s,roundtrip,67,/aqronos_cloud_0,1770273557.3277187,2026-02-05T06:39:17.327719+00:00,1649360932.999925,2022-04-07T19:48:52.999925+00:00,1770273489.0,1770273655.5993185,2026-02-05T06:40:55.599319+00:00,2404,369673.59931853757,True,True,within GNSS interval; piecewise-linear interpolation,8,0.184673931884565,HIGH,98.27159976959229,LOW,9.665771722793579,LOW,-163.34867076418712,-34.802282629692236,13.611391988649913,166.31988208757548,15.22116746635298,13.611391988649913,0,0,0,0,0,0,0,,,,,,,
300m_roundtrip_10,300m往返10m/s,roundtrip,68,/aqronos_cloud_0,1770273558.3346775,2026-02-05T06:39:18.334677+00:00,1649360933.999938,2022-04-07T19:48:53.999938+00:00,1770273489.0,1770273656.6062772,2026-02-05T06:40:56.606277+00:00,2404,369674.60627726064,True,True,within GNSS interval; piecewise-linear interpolation,8,0.28781446084336626,HIGH,98.27159976959229,LOW,9.665771722793579,LOW,-166.32780004069542,-37.566254505652516,13.603247733917831,169.6052504524581,17.613050925946478,13.603247733917831,0,0,0,0,0,0,0,,,,,,,
300m_roundtrip_10,300m往返10m/s,roundtrip,69,/aqronos_cloud_0,1770273559.3259857,2026-02-05T06:39:19.325986+00:00,1649360934.999944,2022-04-07T19:48:54.999944+00:00,1770273489.0,1770273657.5975854,2026-02-05T06:40:57.597585+00:00,2404,369675.5975854729,True,True,within GNSS interval; piecewise-linear interpolation,8,0.38935194299978476,HIGH,98.27159976959229,LOW,9.665771722793579,LOW,-169.26062662990125,-40.28726774719078,13.59523006009083,172.83955645315524,19.96775888168828,13.59523006009083,0,0,0,0,0,0,0,,,,,,,
300m_roundtrip_10,300m往返10m/s,roundtrip,70,/aqronos_cloud_0,1770273560.3413367,2026-02-05T06:39:20.341337+00:00,1649360935.999955,2022-04-07T19:48:55.999955+00:00,1770273489.0,1770273658.6129365,2026-02-05T06:40:58.612936+00:00,2404,369676.61293653,True,True,within GNSS interval; piecewise-linear interpolation,8,0.4933520799509672,HIGH,98.27159976959229,LOW,9.665771722793579,LOW,-172.2645849756637,-43.07427549798394,13.58701792839001,176.15230618725207,22.379577105621898,13.58701792839001,0,0,0,0,0,0,0,,,,,,,
300m_roundtrip_10,300m往返10m/s,roundtrip,71,/aqronos_cloud_0,1770273561.3322003,2026-02-05T06:39:21.332200+00:00,1649360936.999968,2022-04-07T19:48:56.999968+00:00,1770273489.0,1770273659.6038,2026-02-05T06:40:59.603800+00:00,2404,369677.6038000916,True,True,within GNSS interval; piecewise-linear interpolation,8,0.5948440175361984,HIGH,98.27159976959229,LOW,9.665771722793579,LOW,-175.1960960474218,-45.794068230813025,13.579003850885357,179.3851614421087,24.733228858650794,13.579003850885357,0,0,0,0,0,0,0,,,,,,,
300m_roundtrip_10,300m往返10m/s,roundtrip,72,/aqronos_cloud_0,1770273562.327745,2026-02-05T06:39:22.327745+00:00,1649360937.999978,2022-04-07T19:48:57.999978+00:00,1770273489.0,1770273660.5993447,2026-02-05T06:41:00.599345+00:00,2404,369678.5993447636,True,True,within GNSS interval; piecewise-linear interpolation,8,0.6968154307839981,HIGH,98.27159976959229,LOW,9.665771722793579,LOW,-178.14145637900197,-48.52671000814406,13.570951912687402,182.6332895891004,27.097999906084635,13.570951912687402,0,0,0,0,0,0,0,,,,,,,
300m_roundtrip_10,300m往返10m/s,roundtrip,73,/aqronos_cloud_0,1770273563.3465948,2026-02-05T06:39:23.346595+00:00,1649360938.999988,2022-04-07T19:48:58.999988+00:00,1770273489.0,1770273661.6181946,2026-02-05T06:41:01.618195+00:00,2404,369679.6181946133,True,True,within GNSS interval; piecewise-linear interpolation,8,0.801173941237686,HIGH,98.27159976959229,LOW,9.665771722793579,LOW,-181.15576604838097,-51.323321493686436,13.562711482846918,185.95745470936816,29.51812900123109,13.562711482846918,0,0,0,0,0,0,0,,,,,,,
300m_roundtrip_10,300m往返10m/s,roundtrip,74,/aqronos_cloud_0,1770273564.3347197,2026-02-05T06:39:24.334720+00:00,1649360939.999842,2022-04-07T19:48:59.999842+00:00,1770273489.0,1770273662.6063194,2026-02-05T06:41:02.606319+00:00,2404,369680.6063194607,True,True,within GNSS interval; piecewise-linear interpolation,8,0.9023853584533581,HIGH,98.27159976959229,LOW,9.665771722793579,LOW,-184.0791745201811,-54.035596809066504,13.554719555988283,189.18137445887933,31.865275338408416,13.554719555988283,0,0,0,0,0,0,0,,,,,,,
300m_roundtrip_10,300m往返10m/s,roundtrip,75,/aqronos_cloud_0,1770273565.3277013,2026-02-05T06:39:25.327701+00:00,1649360940.99985,2022-04-07T19:49:00.999850+00:00,1770273489.0,1770273663.599301,2026-02-05T06:41:03.599301+00:00,2404,369681.599301133,True,True,within GNSS interval; piecewise-linear interpolation,9,0.003844586211259869,HIGH,98.27159976959229,LOW,9.665771722793579,LOW,-187.06968133633254,-56.607111972278275,13.550116664501186,192.4552582808753,34.064708440857586,13.550116664501186,0,0,0,0,0,0,0,,,,,,,
300m_roundtrip_10,300m往返10m/s,roundtrip,76,/aqronos_cloud_0,1770273566.336806,2026-02-05T06:39:26.336806+00:00,1649360941.999861,2022-04-07T19:49:01.999861+00:00,1770273489.0,1770273664.6084058,2026-02-05T06:41:04.608406+00:00,2404,369682.6084058617,True,True,within GNSS interval; piecewise-linear interpolation,9,0.10090211734643452,HIGH,98.27159976959229,LOW,9.665771722793579,LOW,-191.38632202746123,-55.486896013937255,13.628503770759151,196.6089427468797,32.44138592006767,13.628503770759151,0,0,0,0,0,0,0,,,,,,,
300m_roundtrip_10,300m往返10m/s,roundtrip,77,/aqronos_cloud_0,1770273567.333006,2026-02-05T06:39:27.333006+00:00,1649360942.999872,2022-04-07T19:49:02.999872+00:00,1770273489.0,1770273665.6046057,2026-02-05T06:41:05.604606+00:00,2404,369683.604605708,True,True,within GNSS interval; piecewise-linear interpolation,9,0.1967184333800204,HIGH,98.27159976959229,LOW,9.665771722793579,LOW,-195.64775958750573,-54.381005878108624,13.705888427656214,200.70950803886282,30.838823173444553,13.705888427656214,0,0,0,0,0,0,0,,,,,,,
300m_roundtrip_10,300m往返10m/s,roundtrip,78,/aqronos_cloud_0,1770273568.319776,2026-02-05T06:39:28.319776+00:00,1649360943.999883,2022-04-07T19:49:03.999883+00:00,1770273489.0,1770273666.5913758,2026-02-05T06:41:06.591376+00:00,2404,369684.591375861,True,True,within GNSS interval; piecewise-linear interpolation,9,0.2916277843410374,HIGH,98.27159976959229,LOW,9.665771722793579,LOW,-199.86885981059254,-53.285583726949156,13.782540587376765,204.77125875675705,29.251429747642305,13.782540587376765,0,0,0,0,0,0,0,,,,,,,
300m_roundtrip_10,300m往返10m/s,roundtrip,79,/aqronos_cloud_0,1770273569.3242004,2026-02-05T06:39:29.324200+00:00,1649360944.999894,2022-04-07T19:49:04.999894+00:00,1770273489.0,1770273667.5958002,2026-02-05T06:41:07.595800+00:00,2404,369685.5958001946,True,True,within GNSS interval; piecewise-linear interpolation,9,0.3882351465464859,HIGH,98.27159976959229,LOW,9.665771722793579,LOW,-204.16547920613286,-52.17056351604917,13.860564121232716,208.9056777451771,27.63563646598754,13.860564121232716,0,0,0,0,0,0,0,,,,,,,
300m_roundtrip_10,300m往返10m/s,roundtrip,80,/aqronos_cloud_0,1770273570.337869,2026-02-05T06:39:30.337869+00:00,1649360945.999905,2022-04-07T19:49:05.999905+00:00,1770273489.0,1770273668.6094687,2026-02-05T06:41:08.609469+00:00,2404,369686.60946873174,True,True,within GNSS interval; piecewise-linear interpolation,9,0.4857316330916151,HIGH,98.27159976959229,LOW,9.665771722793579,LOW,-208.50164247075006,-51.04528123416292,13.939305743456215,213.07814779377634,26.004972256260473,13.939305743456215,0,0,0,0,0,0,0,,,,,,,
300m_roundtrip_10,300m往返10m/s,roundtrip,81,/aqronos_cloud_0,1770273571.3261325,2026-02-05T06:39:31.326133+00:00,1649360946.999916,2022-04-07T19:49:06.999916+00:00,1770273489.0,1770273669.5977323,2026-02-05T06:41:09.597732+00:00,2404,369687.59773233876,True,True,within GNSS interval; piecewise-linear interpolation,9,0.5807846271770681,HIGH,98.27159976959229,LOW,9.665771722793579,LOW,-212.72913123214698,-49.948201186718464,14.016073914461275,217.14604587816174,24.415176346940186,14.016073914461275,0,0,0,0,0,0,0,,,,,,,
300m_roundtrip_10,300m往返10m/s,roundtrip,82,/aqronos_cloud_0,1770273572.3384724,2026-02-05T06:39:32.338472+00:00,1649360947.999929,2022-04-07T19:49:07.999929+00:00,1770273489.0,1770273670.6100721,2026-02-05T06:41:10.610072+00:00,2404,369688.61007216916,True,True,within GNSS interval; piecewise-linear interpolation,9,0.6781533162872545,HIGH,98.27159976959229,LOW,9.665771722793579,LOW,-217.05961069663613,-48.824393913771594,14.094712322941387,221.31304669408937,22.78664959580923,14.094712322941387,0,0,0,0,0,0,0,,,,,,,
300m_roundtrip_10,300m往返10m/s,roundtrip,83,/aqronos_cloud_0,1770273573.3291323,2026-02-05T06:39:33.329132+00:00,1649360948.999939,2022-04-07T19:49:08.999939+00:00,1770273489.0,1770273671.600732,2026-02-05T06:41:11.600732+00:00,2404,369689.6007321213,True,True,within GNSS interval; piecewise-linear interpolation,9,0.773436795213657,HIGH,98.27159976959229,LOW,9.665771722793579,LOW,-221.29735028794283,-47.72465366269361,14.171666641682817,225.3908086323386,21.1929987436665,14.171666641682817,0,0,0,0,0,0,0,,,,,,,
300m_roundtrip_10,300m往返10m/s,roundtrip,84,/aqronos_cloud_0,1770273574.3377647,2026-02-05T06:39:34.337765+00:00,1649360949.999952,2022-04-07T19:49:09.999952+00:00,1770273489.0,1770273672.6093645,2026-02-05T06:41:12.609365+00:00,2404,369690.6093645428,True,True,within GNSS interval; piecewise-linear interpolation,9,0.8704488989814134,HIGH,98.27159976959229,LOW,9.665771722793579,LOW,-225.61197059363212,-46.60496201669942,14.250017059186854,229.54254898387632,19.570436012124542,14.250017059186854,0,0,0,0,0,0,0,,,,,,,
300m_roundtrip_10,300m往返10m/s,roundtrip,85,/aqronos_cloud_0,1770273575.329833,2026-02-05T06:39:35.329833+00:00,1649360950.999975,2022-04-07T19:49:10.999975+00:00,1770273489.0,1770273673.6014328,2026-02-05T06:41:13.601433+00:00,2404,369691.60143283353,True,True,within GNSS interval; piecewise-linear interpolation,9,0.9658678344748727,HIGH,98.27159976959229,LOW,9.665771722793579,LOW,-229.85573462551957,-45.5036583567205,14.327080777458553,233.626107935833,17.974519599614467,14.327080777458553,0,0,0,0,0,0,0,,,,,,,
300m_roundtrip_10,300m往返10m/s,roundtrip,86,/aqronos_cloud_0,1770273576.3357399,2026-02-05T06:39:36.335740+00:00,1649360951.999973,2022-04-07T19:49:11.999973+00:00,1770273489.0,1770273674.6073396,2026-02-05T06:41:14.607340+00:00,2404,369692.6073396538,True,True,within GNSS interval; piecewise-linear interpolation,10,0.11126717003581717,HIGH,98.27159976959229,LOW,9.665771722793579,LOW,-232.30526960327492,-44.748318238977625,14.617317017501195,235.96900662788235,16.93452632102459,14.617317017501195,0,0,0,0,0,0,0,,,,,,,
300m_roundtrip_10,300m往返10m/s,roundtrip,87,/aqronos_cloud_0,1770273577.3290448,2026-02-05T06:39:37.329045+00:00,1649360952.999983,2022-04-07T19:49:12.999983+00:00,1770273489.0,1770273675.6006446,2026-02-05T06:41:15.600645+00:00,2404,369693.6006446217,True,True,within GNSS interval; piecewise-linear interpolation,10,0.28103091523268936,HIGH,98.27159976959229,LOW,9.665771722793579,LOW,-233.72649461645693,-44.1969276468076,15.018080554471037,237.3149680061085,16.218774903595776,15.018080554471037,0,0,0,0,0,0,0,,,,,,,
300m_roundtrip_10,300m往返10m/s,roundtrip,88,/aqronos_cloud_0,1770273578.3446543,2026-02-05T06:39:38.344654+00:00,1649360953.999993,2022-04-07T19:49:13.999993+00:00,1770273489.0,1770273676.616254,2026-02-05T06:41:16.616254+00:00,2404,369694.6162541245,True,True,within GNSS interval; piecewise-linear interpolation,10,0.4546066834275283,HIGH,98.27159976959229,LOW,9.665771722793579,LOW,-235.17963305396435,-43.63315565002272,15.427843184962901,238.69115277344656,15.48695138042433,15.427843184962901,0,0,0,0,0,0,0,,,,,,,
300m_roundtrip_10,300m往返10m/s,roundtrip,89,/aqronos_cloud_0,1770273579.3318567,2026-02-05T06:39:39.331857+00:00,1649360954.999844,2022-04-07T19:49:14.999844+00:00,1770273489.0,1770273677.6034565,2026-02-05T06:41:17.603456+00:00,2404,369695.6034565304,True,True,within GNSS interval; piecewise-linear interpolation,10,0.6233274520909651,HIGH,98.27159976959229,LOW,9.665771722793579,LOW,-236.59212649530366,-43.085152633025025,15.826144553322882,240.0288449765861,14.775597320813489,15.826144553322882,0,0,0,0,0,0,0,,,,,,,
300m_roundtrip_10,300m往返10m/s,roundtrip,90,/aqronos_cloud_0,1770273580.3215132,2026-02-05T06:39:40.321513+00:00,1649360955.999857,2022-04-07T19:49:15.999857+00:00,1770273489.0,1770273678.593113,2026-02-05T06:41:18.593113+00:00,2404,369696.5931129788,True,True,within GNSS interval; piecewise-linear interpolation,10,0.7924676361887919,HIGH,98.27159976959229,LOW,9.665771722793579,LOW,-238.00813119109586,-42.53578735976663,16.225436041291445,241.36986248911637,14.062474937870082,16.225436041291445,0,0,0,0,0,0,0,,,,,,,
300m_roundtrip_10,300m往返10m/s,roundtrip,91,/aqronos_cloud_0,1770273581.328571,2026-02-05T06:39:41.328571+00:00,1649360956.999872,2022-04-07T19:49:16.999872+00:00,1770273489.0,1770273679.6001709,2026-02-05T06:41:19.600171+00:00,2404,369697.600170884,True,True,within GNSS interval; piecewise-linear interpolation,10,0.964581868116196,HIGH,98.27159976959229,LOW,9.665771722793579,LOW,-239.44903396604448,-41.97676241511025,16.631748403628187,242.73445955634475,13.33681348807789,16.631748403628187,0,0,0,0,0,0,0,,,,,,,
300m_roundtrip_10,300m往返10m/s,roundtrip,92,/aqronos_cloud_0,1770273582.3362198,2026-02-05T06:39:42.336220+00:00,1649360957.999883,2022-04-07T19:49:17.999883+00:00,1770273489.0,1770273680.6078196,2026-02-05T06:41:20.607820+00:00,2404,369698.6078195904,True,True,within GNSS interval; piecewise-linear interpolation,11,0.0875391304198177,HIGH,98.27159976959229,LOW,9.665771722793579,LOW,-242.61318304668683,-42.33796354817569,16.715154532103124,245.91911856657853,13.320918470169886,16.715154532103124,0,0,0,0,0,0,0,,,,,,,
300m_roundtrip_10,300m往返10m/s,roundtrip,93,/aqronos_cloud_0,1770273583.342815,2026-02-05T06:39:43.342815+00:00,1649360958.999898,2022-04-07T19:49:18.999898+00:00,1770273489.0,1770273681.6144147,2026-02-05T06:41:21.614415+00:00,2404,369699.61441472516,True,True,within GNSS interval; piecewise-linear interpolation,11,0.19762779187954252,HIGH,98.27159976959229,LOW,9.665771722793579,LOW,-246.21950436494134,-42.93687847312978,16.714895558668974,249.57098027689437,13.488723674376857,16.714895558668974,0,0,0,0,0,0,0,,,,,,,
300m_roundtrip_10,300m往返10m/s,roundtrip,94,/aqronos_cloud_0,1770273584.3305523,2026-02-05T06:39:44.330552+00:00,1649360959.999901,2022-04-07T19:49:19.999901+00:00,1770273489.0,1770273682.602152,2026-02-05T06:41:22.602152+00:00,2404,369700.6021521424,True,True,within GNSS interval; piecewise-linear interpolation,11,0.30565403439080663,HIGH,98.27159976959229,LOW,9.665771722793579,LOW,-249.75826427112685,-43.52457322814663,16.714641436885397,253.15442741400483,13.65338518850514,16.714641436885397,0,0,0,0,0,0,0,,,,,,,
300m_roundtrip_10,300m往返10m/s,roundtrip,95,/aqronos_cloud_0,1770273585.3343813,2026-02-05T06:39:45.334381+00:00,1649360960.99991,2022-04-07T19:49:20.999910+00:00,1770273489.0,1770273683.605981,2026-02-05T06:41:23.605981+00:00,2404,369701.60598114476,True,True,within GNSS interval; piecewise-linear interpolation,11,0.41544017123279275,HIGH,98.27159976959229,LOW,9.665771722793579,LOW,-253.35467538642513,-44.12184232957696,16.71438317511254,256.7962537759633,13.82072926252318,16.71438317511254,0,0,0,0,0,0,0,,,,,,,
300m_roundtrip_10,300m往返10m/s,roundtrip,96,/aqronos_cloud_0,1770273586.31437,2026-02-05T06:39:46.314370+00:00,1649360961.999922,2022-04-07T19:49:21.999922+00:00,1770273489.0,1770273684.5859697,2026-02-05T06:41:24.585970+00:00,2404,369702.58596971974,True,True,within GNSS interval; piecewise-linear interpolation,11,0.522618943256113,HIGH,98.27159976959229,LOW,9.665771722793579,LOW,-256.8656735699524,-44.70492659413132,16.714131046925218,260.35158861717963,13.98409900003793,16.714131046925218,0,0,0,0,0,0,0,,,,,,,
300m_roundtrip_10,300m往返10m/s,roundtrip,97,/aqronos_cloud_0,1770273587.338594,2026-02-05T06:39:47.338594+00:00,1649360962.999934,2022-04-07T19:49:22.999934+00:00,1770273489.0,1770273685.6101937,2026-02-05T06:41:25.610194+00:00,2404,369703.61019376264,True,True,within GNSS interval; piecewise-linear interpolation,11,0.6346356320180457,HIGH,98.27159976959229,LOW,9.665771722793579,LOW,-260.5351538536257,-45.314330558662235,16.713867537984456,264.0674068602394,14.154843044729223,16.713867537984456,0,0,0,0,0,0,0,,,,,,,
300m_roundtrip_10,300m往返10m/s,roundtrip,98,/aqronos_cloud_0,1770273588.3288097,2026-02-05T06:39:48.328810+00:00,1649360963.999944,2022-04-07T19:49:23.999944+00:00,1770273489.0,1770273686.6004095,2026-02-05T06:41:26.600410+00:00,2404,369704.600409541,True,True,within GNSS interval; piecewise-linear interpolation,11,0.7429329263653203,HIGH,98.27159976959229,LOW,9.665771722793579,LOW,-264.0827929668212,-45.90349991594847,16.713612778576408,267.65984533041103,14.319917715926437,16.713612778576408,0,0,0,0,0,0,0,,,,,,,
300m_roundtrip_10,300m往返10m/s,roundtrip,99,/aqronos_cloud_0,1770273589.3342147,2026-02-05T06:39:49.334215+00:00,1649360964.999956,2022-04-07T19:49:24.999956+00:00,1770273489.0,1770273687.6058145,2026-02-05T06:41:27.605814+00:00,2404,369705.6058144902,True,True,within GNSS interval; piecewise-linear interpolation,11,0.8528914203632496,HIGH,98.27159976959229,LOW,9.665771722793579,LOW,-267.68485021567756,-46.501706691356745,16.713354111349222,271.30738912493644,14.487524509350518,16.713354111349222,0,0,0,0,0,0,0,,,,,,,
300m_roundtrip_10,300m往返10m/s,roundtrip,100,/aqronos_cloud_0,1770273590.3273351,2026-02-05T06:39:50.327335+00:00,1649360965.999965,2022-04-07T19:49:25.999965+00:00,1770273489.0,1770273688.598935,2026-02-05T06:41:28.598935+00:00,2404,369706.5989349221,True,True,within GNSS interval; piecewise-linear interpolation,11,0.9615063890268413,HIGH,98.27159976959229,LOW,9.665771722793579,LOW,-271.24289581073964,-47.092604291014126,16.71309860464161,274.9103654893537,14.653083403017284,16.71309860464161,0,0,0,0,0,0,0,,,,,,,
300m_roundtrip_10,300m往返10m/s,roundtrip,101,/aqronos_cloud_0,1770273591.339938,2026-02-05T06:39:51.339938+00:00,1649360966.999978,2022-04-07T19:49:26.999978+00:00,1770273489.0,1770273689.6115377,2026-02-05T06:41:29.611538+00:00,2404,369707.61153772817,True,True,within GNSS interval; piecewise-linear interpolation,12,0.07400685078129146,HIGH,98.27159976959229,LOW,9.665771722793579,LOW,-274.53685910123727,-48.40061642915144,16.95564990936391,278.33600484521224,15.561975539771446,16.95564990936391,0,0,0,0,0,0,0,,,,,,,
300m_roundtrip_10,300m往返10m/s,roundtrip,102,/aqronos_cloud_0,1770273592.326054,2026-02-05T06:39:52.326054+00:00,1649360967.999988,2022-04-07T19:49:27.999988+00:00,1770273489.0,1770273690.5976539,2026-02-05T06:41:30.597654+00:00,2404,369708.59765389905,True,True,within GNSS interval; piecewise-linear interpolation,12,0.18447506477944114,HIGH,98.27159976959229,LOW,9.665771722793579,LOW,-277.571433586729,-50.04046302119476,17.31783546846749,281.5433601156117,16.831074165912973,17.31783546846749,0,0,0,0,0,0,0,,,,,,,
300m_roundtrip_10,300m往返10m/s,roundtrip,103,/aqronos_cloud_0,1770273593.335284,2026-02-05T06:39:53.335284+00:00,1649360968.999998,2022-04-07T19:49:28.999998+00:00,1770273489.0,1770273691.6068838,2026-02-05T06:41:31.606884+00:00,2404,369709.6068837975,True,True,within GNSS interval; piecewise-linear interpolation,12,0.29753256012074586,HIGH,98.27159976959229,LOW,9.665771722793579,LOW,-280.6771359271512,-51.718746228013856,17.68851035021878,284.82589307615325,18.129919388621623,17.68851035021878,0,0,0,0,0,0,0,,,,,,,
300m_roundtrip_10,300m往返10m/s,roundtrip,104,/aqronos_cloud_0,1770273594.3367,2026-02-05T06:39:54.336700+00:00,1649360969.999849,2022-04-07T19:49:29.999849+00:00,1770273489.0,1770273692.6082997,2026-02-05T06:41:32.608300+00:00,2404,369710.60829976544,True,True,within GNSS interval; piecewise-linear interpolation,12,0.4097147113865801,HIGH,98.27159976959229,LOW,9.665771722793579,LOW,-283.7587924656064,-53.384035380280295,18.056315293442893,288.08301112925443,19.418708343347156,18.056315293442893,0,0,0,0,0,0,0,,,,,,,
300m_roundtrip_10,300m往返10m/s,roundtrip,105,/aqronos_cloud_0,1770273595.3160858,2026-02-05T06:39:55.316086+00:00,1649360970.999861,2022-04-07T19:49:30.999861+00:00,1770273489.0,1770273693.5876856,2026-02-05T06:41:33.587686+00:00,2404,369711.58768561826,True,True,within GNSS interval; piecewise-linear interpolation,12,0.5194289713996667,HIGH,98.27159976959229,LOW,9.665771722793579,LOW,-286.7726557488119,-55.01268989427496,18.4160289084846,291.2684759553341,20.679145274581288,18.4160289084846,0,0,0,0,0,0,0,,,,,,,
300m_roundtrip_10,300m往返10m/s,roundtrip,106,/aqronos_cloud_0,1770273596.328629,2026-02-05T06:39:56.328629+00:00,1649360971.999871,2022-04-07T19:49:31.999871+00:00,1770273489.0,1770273694.6002288,2026-02-05T06:41:34.600229+00:00,2404,369712.6002288197,True,True,within GNSS interval; piecewise-linear interpolation,12,0.6328576346367674,HIGH,98.27159976959229,LOW,9.665771722793579,LOW,-289.8885541138249,-56.69648290691934,18.78792071632707,294.56178547560904,21.982254607748246,18.78792071632707,0,0,0,0,0,0,0,,,,,,,
300m_roundtrip_10,300m往返10m/s,roundtrip,107,/aqronos_cloud_0,1770273597.3252852,2026-02-05T06:39:57.325285+00:00,1649360972.99989,2022-04-07T19:49:32.999890+00:00,1770273489.0,1770273695.596885,2026-02-05T06:41:35.596885+00:00,2404,369713.59688499913,True,True,within GNSS interval; piecewise-linear interpolation,12,0.7445065775934939,HIGH,98.27159976959229,LOW,9.665771722793579,LOW,-292.95556335898453,-58.353856842700495,19.15397746120015,297.80342225659996,23.264917873390523,19.15397746120015,0,0,0,0,0,0,0,,,,,,,
300m_roundtrip_10,300m往返10m/s,roundtrip,108,/aqronos_cloud_0,1770273598.3287334,2026-02-05T06:39:58.328733+00:00,1649360973.999898,2022-04-07T19:49:33.999898+00:00,1770273489.0,1770273696.6003332,2026-02-05T06:41:36.600333+00:00,2404,369714.60033324704,True,True,within GNSS interval; piecewise-linear interpolation,12,0.856916392034385,HIGH,98.27159976959229,LOW,9.665771722793579,LOW,-296.0434738309226,-60.02252554342019,19.522528830127733,301.0671503259037,24.55632230466113,19.522528830127733,0,0,0,0,0,0,0,,,,,,,
300m_roundtrip_10,300m往返10m/s,roundtrip,109,/aqronos_cloud_0,1770273599.323694,2026-02-05T06:39:59.323694+00:00,1649360974.999906,2022-04-07T19:49:34.999906+00:00,1770273489.0,1770273697.5952938,2026-02-05T06:41:37.595294+00:00,2404,369715.59529379354,True,True,within GNSS interval; piecewise-linear interpolation,12,0.9683753842049778,HIGH,98.27159976959229,LOW,9.665771722793579,LOW,-299.10526510624067,-61.67707975271148,19.887962794662577,304.30327203941084,25.83680334726391,19.887962794662577,0,0,0,0,0,0,0,,,,,,,
300m_roundtrip_10,300m往返10m/s,roundtrip,110,/aqronos_cloud_0,1770273600.3221464,2026-02-05T06:40:00.322146+00:00,1649360975.999922,2022-04-07T19:49:35.999922+00:00,1770273489.0,1770273698.5937462,2026-02-05T06:41:38.593746+00:00,2404,369716.59374621854,True,True,within GNSS interval; piecewise-linear interpolation,13,0.0918074201008738,HIGH,98.27159976959229,LOW,9.665771722793579,LOW,-301.47281747487824,-60.88426318166376,19.988190305271065,306.560328266705,24.769301815461,19.988190305271065,0,0,0,0,0,0,0,,,,,,,
300m_roundtrip_10,300m往返10m/s,roundtrip,111,/aqronos_cloud_0,1770273601.349527,2026-02-05T06:40:01.349527+00:00,1649360976.999938,2022-04-07T19:49:36.999938+00:00,1770273489.0,1770273699.6211267,2026-02-05T06:41:39.621127+00:00,2404,369717.621126685,True,True,within GNSS interval; piecewise-linear interpolation,13,0.22351344497513914,HIGH,98.27159976959229,LOW,9.665771722793579,LOW,-303.62301074589516,-59.073425136081156,19.983229154998575,308.4810452454358,22.716666480660543,19.983229154998575,0,0,0,0,0,0,0,,,,,,,
300m_roundtrip_10,300m往返10m/s,roundtrip,112,/aqronos_cloud_0,1770273602.3435137,2026-02-05T06:40:02.343514+00:00,1649360977.999944,2022-04-07T19:49:37.999944+00:00,1770273489.0,1770273700.6151135,2026-02-05T06:41:40.615113+00:00,2404,369718.61511353,True,True,within GNSS interval; piecewise-linear interpolation,13,0.3509385425004671,HIGH,98.27159976959229,LOW,9.665771722793579,LOW,-305.7033148741171,-57.32144594772419,19.978429260248788,310.33933189987675,20.73074929903897,19.978429260248788,0,0,0,0,0,0,0,,,,,,,
300m_roundtrip_10,300m往返10m/s,roundtrip,113,/aqronos_cloud_0,1770273603.3451245,2026-02-05T06:40:03.345124+00:00,1649360978.99995,2022-04-07T19:49:38.999950+00:00,1770273489.0,1770273701.6167243,2026-02-05T06:41:41.616724+00:00,2404,369719.61672428594,True,True,within GNSS interval; piecewise-linear interpolation,13,0.4793409946007861,HIGH,98.27159976959229,LOW,9.665771722793579,LOW,-307.7995750015619,-55.55602902293788,19.973592550152695,312.2118716724132,18.729600069094857,19.973592550152695,0,0,0,0,0,0,0,,,,,,,
300m_roundtrip_10,300m往返10m/s,roundtrip,114,/aqronos_cloud_0,1770273604.3448553,2026-02-05T06:40:04.344855+00:00,1649360979.999961,2022-04-07T19:49:39.999961+00:00,1770273489.0,1770273702.616455,2026-02-05T06:41:42.616455+00:00,2404,369720.61645511136,True,True,within GNSS interval; piecewise-linear interpolation,13,0.6075024472069748,HIGH,98.27159976959229,LOW,9.665771722793579,LOW,-309.89190064316153,-53.79392562198886,19.96876491811288,314.0808968614621,16.732206810662234,19.96876491811288,0,0,0,0,0,0,0,,,,,,,
300m_roundtrip_10,300m往返10m/s,roundtrip,115,/aqronos_cloud_0,1770273605.3198435,2026-02-05T06:40:05.319844+00:00,1649360980.999971,2022-04-07T19:49:40.999971+00:00,1770273489.0,1770273703.5914433,2026-02-05T06:41:43.591443+00:00,2404,369721.5914433335,True,True,within GNSS interval; piecewise-linear interpolation,13,0.7324919980374053,HIGH,98.27159976959229,LOW,9.665771722793579,LOW,-311.9324427626248,-52.07543298537563,19.964056766418583,315.90366505048854,14.78424756764123,19.964056766418583,0,0,0,0,0,0,0,,,,,,,
300m_roundtrip_10,300m往返10m/s,roundtrip,116,/aqronos_cloud_0,1770273606.344277,2026-02-05T06:40:06.344277+00:00,1649360981.999981,2022-04-07T19:49:41.999981+00:00,1770273489.0,1770273704.6158767,2026-02-05T06:41:44.615877+00:00,2404,369722.6158767079,True,True,within GNSS interval; piecewise-linear interpolation,13,0.8638202176171944,HIGH,98.27159976959229,LOW,9.665771722793579,LOW,-314.0764680971125,-50.26978941895002,19.959109847452837,317.8188723568679,12.737500319569214,19.959109847452837,0,0,0,0,0,0,0,,,,,,,
300m_roundtrip_10,300m往返10m/s,roundtrip,117,/aqronos_cloud_0,1770273607.3303707,2026-02-05T06:40:07.330371+00:00,1649360982.999992,2022-04-07T19:49:42.999992+00:00,1770273489.0,1770273705.6019704,2026-02-05T06:41:45.601970+00:00,2404,369723.6019704674,True,True,within GNSS interval; piecewise-linear interpolation,13,0.9902334534744593,HIGH,98.27159976959229,LOW,9.665771722793579,LOW,-316.1402528736044,-48.53172240816538,19.954348067875035,319.66240266369437,10.767352978513244,19.954348067875035,0,0,0,0,0,0,0,,,,,,,
300m_roundtrip_10,300m往返10m/s,roundtrip,118,/aqronos_cloud_0,1770273608.3387814,2026-02-05T06:40:08.338781+00:00,1649360983.999844,2022-04-07T19:49:43.999844+00:00,1770273489.0,1770273706.6103811,2026-02-05T06:41:46.610381+00:00,2404,369724.61038115964,True,True,within GNSS interval; piecewise-linear interpolation,14,0.12658011071276012,HIGH,98.27159976959229,LOW,9.665771722793579,LOW,-315.7211350647475,-46.21461062033799,19.96402213014334,318.97194330832195,8.516146045872802,19.96402213014334,0,0,0,0,0,0,0,,,,,,,
300m_roundtrip_10,300m往返10m/s,roundtrip,119,/aqronos_cloud_0,1770273609.342522,2026-02-05T06:40:09.342522+00:00,1649360984.999854,2022-04-07T19:49:44.999854+00:00,1770273489.0,1770273707.6141217,2026-02-05T06:41:47.614122+00:00,2404,369725.6141217087,True,True,within GNSS interval; piecewise-linear interpolation,14,0.26287062949004764,HIGH,98.27159976959229,LOW,9.665771722793579,LOW,-315.0981878755863,-43.864327302504535,19.974834435892557,318.0751610238475,6.256129141329183,19.974834435892557,0,0,0,0,0,0,0,,,,,,,
300m_roundtrip_10,300m往返10m/s,roundtrip,120,/aqronos_cloud_0,1770273610.3366494,2026-02-05T06:40:10.336649+00:00,1649360985.999865,2022-04-07T19:49:45.999865+00:00,1770273489.0,1770273708.6082492,2026-02-05T06:41:48.608249+00:00,2404,369726.6082492207,True,True,within GNSS interval; piecewise-linear interpolation,14,0.397855864929073,HIGH,98.27159976959229,LOW,9.665771722793579,LOW,-314.48120678438937,-41.53655314878965,19.985543189885792,317.1869674143923,4.017756900230651,19.985543189885792,0,0,0,0,0,0,0,,,,,,,
300m_roundtrip_10,300m往返10m/s,roundtrip,121,/aqronos_cloud_0,1770273611.3373876,2026-02-05T06:40:11.337388+00:00,1649360986.999878,2022-04-07T19:49:46.999878+00:00,1770273489.0,1770273709.6089873,2026-02-05T06:41:49.608987+00:00,2404,369727.6089873646,True,True,within GNSS interval; piecewise-linear interpolation,14,0.5337387092748442,HIGH,98.27159976959229,LOW,9.665771722793579,LOW,-313.8601229650611,-39.19330003690226,19.996323153688998,316.29286759977197,1.7645001952595578,19.996323153688998,0,0,0,0,0,0,0,,,,,,,
300m_roundtrip_10,300m往返10m/s,roundtrip,122,/aqronos_cloud_0,1770273612.3336003,2026-02-05T06:40:12.333600+00:00,1649360987.999889,2022-04-07T19:49:47.999889+00:00,1770273489.0,1770273710.6052,2026-02-05T06:41:50.605200+00:00,2404,369728.6052000855,True,True,within GNSS interval; piecewise-linear interpolation,14,0.669007079834813,HIGH,98.27159976959229,LOW,9.665771722793579,LOW,-313.24184773961827,-36.86064331499836,20.00705436957851,315.4028109806015,-0.478567091138828,20.00705436957851,0,0,0,0,0,0,0,,,,,,,
300m_roundtrip_10,300m往返10m/s,roundtrip,123,/aqronos_cloud_0,1770273613.3325524,2026-02-05T06:40:13.332552+00:00,1649360988.9999,2022-04-07T19:49:48.999900+00:00,1770273489.0,1770273711.6041522,2026-02-05T06:41:51.604152+00:00,2404,369729.60415223584,True,True,within GNSS interval; piecewise-linear interpolation,14,0.8046474172984681,HIGH,98.27159976959229,LOW,9.665771722793579,LOW,-312.62187235381805,-34.52157215123627,20.017815094636575,314.5103068446658,-2.7278024624326633,20.017815094636575,0,0,0,0,0,0,0,,,,,,,
300m_roundtrip_10,300m往返10m/s,roundtrip,124,/aqronos_cloud_0,1770273614.3368125,2026-02-05T06:40:14.336812+00:00,1649360989.999919,2022-04-07T19:49:49.999919+00:00,1770273489.0,1770273712.6084123,2026-02-05T06:41:52.608412+00:00,2404,369730.608412299,True,True,within GNSS interval; piecewise-linear interpolation,14,0.9410084770577515,HIGH,98.27159976959229,LOW,9.665771722793579,LOW,-311.9986027408606,-32.17007237832806,20.028632996598,313.61306040535834,-4.98898910213617,20.028632996598,0,0,0,0,0,0,0,,,,,,,
300m_roundtrip_10,300m往返10m/s,roundtrip,125,/aqronos_cloud_0,1770273615.3428814,2026-02-05T06:40:15.342881+00:00,1649360990.999922,2022-04-07T19:49:50.999922+00:00,1770273489.0,1770273713.6144812,2026-02-05T06:41:53.614481+00:00,2404,369731.61448124395,True,True,within GNSS interval; piecewise-linear interpolation,15,0.07529077778100537,HIGH,98.27159976959229,LOW,9.665771722793579,LOW,-310.33390271942784,-30.588709916552098,20.03375794018562,311.7728710058719,-6.362173856963391,20.03375794018562,0,0,0,0,0,0,0,,,,,,,
300m_roundtrip_10,300m往返10m/s,roundtrip,126,/aqronos_cloud_0,1770273616.338641,2026-02-05T06:40:16.338641+00:00,1649360991.999936,2022-04-07T19:49:51.999936+00:00,1770273489.0,1770273714.6102407,2026-02-05T06:41:54.610241+00:00,2404,369732.6102407311,True,True,within GNSS interval; piecewise-linear interpolation,15,0.2064485110371905,HIGH,98.27159976959229,LOW,9.665771722793579,LOW,-307.90367608922276,-29.606084286938234,20.0345331060396,309.24341299959394,-7.050212225521484,20.0345331060396,0,0,0,0,0,0,0,,,,,,,
300m_roundtrip_10,300m往返10m/s,roundtrip,127,/aqronos_cloud_0,1770273617.3311071,2026-02-05T06:40:17.331107+00:00,1649360992.999946,2022-04-07T19:49:52.999946+00:00,1770273489.0,1770273715.602707,2026-02-05T06:41:55.602707+00:00,2404,369733.6027069424,True,True,within GNSS interval; piecewise-linear interpolation,15,0.33717246625878616,HIGH,98.27159976959229,LOW,9.665771722793579,LOW,-305.4814869487263,-28.626708495544115,20.035305708187174,306.72232067100254,-7.735975044450701,20.035305708187174,0,0,0,0,0,0,0,,,,,,,
300m_roundtrip_10,300m往返10m/s,roundtrip,128,/aqronos_cloud_0,1770273618.3424807,2026-02-05T06:40:18.342481+00:00,1649360993.999957,2022-04-07T19:49:53.999957+00:00,1770273489.0,1770273716.6140804,2026-02-05T06:41:56.614080+00:00,2404,369734.6140804623,True,True,within GNSS interval; piecewise-linear interpolation,15,0.47038682179002134,HIGH,98.27159976959229,LOW,9.665771722793579,LOW,-303.01315308612993,-27.62867477898236,20.036093029049653,304.1531994321391,-8.434802216686133,20.036093029049653,0,0,0,0,0,0,0,,,,,,,
300m_roundtrip_10,300m往返10m/s,roundtrip,129,/aqronos_cloud_0,1770273619.3314888,2026-02-05T06:40:19.331489+00:00,1649360994.999967,2022-04-07T19:49:54.999967+00:00,1770273489.0,1770273717.6030886,2026-02-05T06:41:57.603089+00:00,2404,369735.60308865056,True,True,within GNSS interval; piecewise-linear interpolation,15,0.6006552990840353,HIGH,98.27159976959229,LOW,9.665771722793579,LOW,-300.59940351348513,-26.652711400064838,20.036862939240546,301.6408912770921,-9.118175650846133,20.036862939240546,0,0,0,0,0,0,0,,,,,,,
300m_roundtrip_10,300m往返10m/s,roundtrip,130,/aqronos_cloud_0,1770273620.3217173,2026-02-05T06:40:20.321717+00:00,1649360995.999985,2022-04-07T19:49:55.999985+00:00,1770273489.0,1770273718.593317,2026-02-05T06:41:58.593317+00:00,2404,369736.5933170651,True,True,within GNSS interval; piecewise-linear interpolation,15,0.7310845000427875,HIGH,98.27159976959229,LOW,9.665771722793579,LOW,-298.1826758859406,-25.675543889386745,20.03763379933728,299.12548346676385,-9.802392222847342,20.03763379933728,0,0,0,0,0,0,0,,,,,,,
300m_roundtrip_10,300m往返10m/s,roundtrip,131,/aqronos_cloud_0,1770273621.1455743,2026-02-05T06:40:21.145574+00:00,1649360996.799993,2022-04-07T19:49:56.799993+00:00,1770273489.0,1770273719.417174,2026-02-05T06:41:59.417174+00:00,2404,369737.4171741341,True,True,within GNSS interval; piecewise-linear interpolation,15,0.8395998866329758,HIGH,98.27159976959229,LOW,9.665771722793579,LOW,-296.17199015867686,-24.862553321284295,20.03827514483958,297.032697120123,-10.371651447594143,20.03827514483958,0,0,0,0,0,0,0,,,,,,,
300m_roundtrip_10,300m往返10m/s,roundtrip,132,/aqronos_cloud_0,1770273621.4431357,2026-02-05T06:40:21.443136+00:00,1649360997.000001,2022-04-07T19:49:57.000001+00:00,1770273489.0,1770273719.7147355,2026-02-05T06:41:59.714736+00:00,2404,369737.7147355412,True,True,within GNSS interval; piecewise-linear interpolation,15,0.8787935675990136,HIGH,98.27159976959229,LOW,9.665771722793579,LOW,-295.4457689526929,-24.568916686371487,20.038506786561516,296.27682274158815,-10.577256985599178,20.038506786561516,0,0,0,0,0,0,0,,,,,,,
300m_roundtrip_10,300m往返10m/s,roundtrip,133,/aqronos_cloud_0,1770273622.1566157,2026-02-05T06:40:22.156616+00:00,1649360997.799999,2022-04-07T19:49:57.799999+00:00,1770273489.0,1770273720.4282155,2026-02-05T06:42:00.428216+00:00,2404,369738.42821553693,True,True,within GNSS interval; piecewise-linear interpolation,15,0.9727704969385408,HIGH,98.27159976959229,LOW,9.665771722793579,LOW,-293.70446685303153,-23.86484734124901,20.039062207159887,294.4644195349928,-11.070249137412063,20.039062207159887,0,0,0,0,0,0,0,,,,,,,
300m_roundtrip_10,300m往返10m/s,roundtrip,134,/aqronos_cloud_0,1770273623.164084,2026-02-05T06:40:23.164084+00:00,1649360998.79985,2022-04-07T19:49:58.799850+00:00,1770273489.0,1770273721.4356837,2026-02-05T06:42:01.435684+00:00,2404,369739.4356837605,True,True,within GNSS interval; piecewise-linear interpolation,16,0.1005284999856625,HIGH,98.27159976959229,LOW,9.665771722793579,LOW,-290.9378559147174,-23.24857710661551,20.016806059129,291.64430972010587,-11.354688442138713,20.016806059129,0,0,0,0,0,0,0,,,,,,,
300m_roundtrip_10,300m往返10m/s,roundtrip,135,/aqronos_cloud_0,1770273623.4541862,2026-02-05T06:40:23.454186+00:00,1649360998.999853,2022-04-07T19:49:58.999853+00:00,1770273489.0,1770273721.725786,2026-02-05T06:42:01.725786+00:00,2404,369739.7257860039,True,True,within GNSS interval; piecewise-linear interpolation,16,0.1369492506995293,HIGH,98.27159976959229,LOW,9.665771722793579,LOW,-290.11832265513146,-23.09921520849708,20.008684512928856,290.81285790917445,-11.405987821041702,20.008684512928856,0,0,0,0,0,0,0,,,,,,,
300m_roundtrip_10,300m往返10m/s,roundtrip,136,/aqronos_cloud_0,1770273624.3488445,2026-02-05T06:40:24.348845+00:00,1649360999.999864,2022-04-07T19:49:59.999864+00:00,1770273489.0,1770273722.6204443,2026-02-05T06:42:02.620444+00:00,2404,369740.620444331,True,True,within GNSS interval; piecewise-linear interpolation,16,0.2492687126966849,HIGH,98.27159976959229,LOW,9.665771722793579,LOW,-287.59093008355507,-22.63859186299451,19.983638140135728,288.24870922333133,-11.564192100916085,19.983638140135728,0,0,0,0,0,0,0,,,,,,,
300m_roundtrip_10,300m往返10m/s,roundtrip,137,/aqronos_cloud_0,1770273625.3661761,2026-02-05T06:40:25.366176+00:00,1649361000.999878,2022-04-07T19:50:00.999878+00:00,1770273489.0,1770273723.637776,2026-02-05T06:42:03.637776+00:00,2404,369741.6377759312,True,True,within GNSS interval; piecewise-linear interpolation,16,0.3769891334924167,HIGH,98.27159976959229,LOW,9.665771722793579,LOW,-284.71698787427067,-22.11480901655054,19.955157472443194,285.33297099492887,-11.744088949048727,19.955157472443194,0,0,0,0,0,0,0,,,,,,,
300m_roundtrip_10,300m往返10m/s,roundtrip,138,/aqronos_cloud_0,1770273626.3463905,2026-02-05T06:40:26.346390+00:00,1649361001.999883,2022-04-07T19:50:01.999883+00:00,1770273489.0,1770273724.6179903,2026-02-05T06:42:04.617990+00:00,2404,369742.6179902886,True,True,within GNSS interval; piecewise-linear interpolation,16,0.5000496873676812,HIGH,98.27159976959229,LOW,9.665771722793579,LOW,-281.947901162243,-21.61013633545402,19.92771591909452,282.52361318740685,-11.917422278470056,19.92771591909452,0,0,0,0,0,0,0,,,,,,,
300m_roundtrip_10,300m往返10m/s,roundtrip,139,/aqronos_cloud_0,1770273627.3462672,2026-02-05T06:40:27.346267+00:00,1649361002.999894,2022-04-07T19:50:02.999894+00:00,1770273489.0,1770273725.617867,2026-02-05T06:42:05.617867+00:00,2404,369743.6178670262,True,True,within GNSS interval; piecewise-linear interpolation,16,0.6255787455879264,HIGH,98.27159976959229,LOW,9.665771722793579,LOW,-279.12326860416624,-21.095340290965666,19.899723908336544,279.6579017252319,-12.094232547197546,19.899723908336544,0,0,0,0,0,0,0,,,,,,,
300m_roundtrip_10,300m往返10m/s,roundtrip,140,/aqronos_cloud_0,1770273628.3459017,2026-02-05T06:40:28.345902+00:00,1649361003.999905,2022-04-07T19:50:03.999905+00:00,1770273489.0,1770273726.6175015,2026-02-05T06:42:06.617501+00:00,2404,369744.6175015305,True,True,within GNSS interval; piecewise-linear interpolation,16,0.7510773927445787,HIGH,98.27159976959229,LOW,9.665771722793579,LOW,-276.2993203504376,-20.580668962582635,19.87173867901094,276.7928845193094,-12.270999981314446,19.87173867901094,0,0,0,0,0,0,0,,,,,,,
300m_roundtrip_10,300m往返10m/s,roundtrip,141,/aqronos_cloud_0,1770273629.3437538,2026-02-05T06:40:29.343754+00:00,1649361004.999923,2022-04-07T19:50:04.999923+00:00,1770273489.0,1770273727.6153536,2026-02-05T06:42:07.615354+00:00,2404,369745.6153536175,True,True,within GNSS interval; piecewise-linear interpolation,16,0.8763522671537705,HIGH,98.27159976959229,LOW,9.665771722793579,LOW,-273.48040739130164,-20.066915328691145,19.84380334928024,273.9329758367551,-12.44745222689911,19.84380334928024,0,0,0,0,0,0,0,,,,,,,
300m_roundtrip_10,300m往返10m/s,roundtrip,142,/aqronos_cloud_0,1770273630.3333983,2026-02-05T06:40:30.333398+00:00,1649361005.999929,2022-04-07T19:50:05.999929+00:00,1770273489.0,1770273728.604998,2026-02-05T06:42:08.604998+00:00,2404,369746.60499814496,True,True,within GNSS interval; piecewise-linear interpolation,17,0.0005011824648081218,HIGH,98.27159976959229,LOW,9.665771722793579,LOW,-270.68019449222425,-19.562793237271567,19.816074688380482,271.0927758681532,-12.61655427174339,19.816074688380482,0,0,0,0,0,0,0,,,,,,,
300m_roundtrip_10,300m往返10m/s,roundtrip,143,/aqronos_cloud_0,1770273631.3482852,2026-02-05T06:40:31.348285+00:00,1649361006.999942,2022-04-07T19:50:06.999942+00:00,1770273489.0,1770273729.619885,2026-02-05T06:42:09.619885+00:00,2404,369747.61988500104,True,True,within GNSS interval; piecewise-linear interpolation,17,0.10751389564584661,HIGH,98.27159976959229,LOW,9.665771722793579,LOW,-266.8552763734763,-20.19451853269258,19.782728946559928,267.3695315065701,-11.536495528923716,19.782728946559928,0,0,0,0,0,0,0,,,,,,,
300m_roundtrip_10,300m往返10m/s,roundtrip,144,/aqronos_cloud_0,1770273632.3286922,2026-02-05T06:40:32.328692+00:00,1649361007.99995,2022-04-07T19:50:07.999950+00:00,1770273489.0,1770273730.600292,2026-02-05T06:42:10.600292+00:00,2404,369748.6002920006,True,True,within GNSS interval; piecewise-linear interpolation,17,0.2108909493727275,HIGH,98.27159976959229,LOW,9.665771722793579,LOW,-263.16030636375604,-20.80478153663013,19.750516095943627,263.7727809807281,-10.493130798083111,19.750516095943627,0,0,0,0,0,0,0,,,,,,,
300m_roundtrip_10,300m往返10m/s,roundtrip,145,/aqronos_cloud_0,1770273633.3462224,2026-02-05T06:40:33.346222+00:00,1649361008.999965,2022-04-07T19:50:08.999965+00:00,1770273489.0,1770273731.6178222,2026-02-05T06:42:11.617822+00:00,2404,369749.6178222035,True,True,within GNSS interval; piecewise-linear interpolation,17,0.31818238496484785,HIGH,98.27159976959229,LOW,9.665771722793579,LOW,-259.3254259669893,-21.438152206626253,19.717083502708103,260.0398391578373,-9.410258963547875,19.717083502708103,0,0,0,0,0,0,0,,,,,,,
300m_roundtrip_10,300m往返10m/s,roundtrip,146,/aqronos_cloud_0,1770273634.3448184,2026-02-05T06:40:34.344818+00:00,1649361009.999971,2022-04-07T19:50:09.999971+00:00,1770273489.0,1770273732.6164181,2026-02-05T06:42:12.616418+00:00,2404,369750.6164181565,True,True,within GNSS interval; piecewise-linear interpolation,17,0.4234773364766511,HIGH,98.27159976959229,LOW,9.665771722793579,LOW,-255.56190520503233,-22.059737085402332,19.684273024740126,256.37636009197854,-8.347537259046248,19.684273024740126,0,0,0,0,0,0,0,,,,,,,
300m_roundtrip_10,300m往返10m/s,roundtrip,147,/aqronos_cloud_0,1770273635.3389277,2026-02-05T06:40:35.338928+00:00,1649361010.999982,2022-04-07T19:50:10.999982+00:00,1770273489.0,1770273733.6105275,2026-02-05T06:42:13.610528+00:00,2404,369751.61052754865,True,True,within GNSS interval; piecewise-linear interpolation,17,0.5282992115627541,HIGH,98.27159976959229,LOW,9.665771722793579,LOW,-251.8152934489161,-22.678529264732724,19.651609959952168,252.7293405577233,-7.289590223968574,19.651609959952168,0,0,0,0,0,0,0,,,,,,,
300m_roundtrip_10,300m往返10m/s,roundtrip,148,/aqronos_cloud_0,1770273636.3406007,2026-02-05T06:40:36.340601+00:00,1649361011.999992,2022-04-07T19:50:11.999992+00:00,1770273489.0,1770273734.6122005,2026-02-05T06:42:14.612200+00:00,2404,369752.6122005318,True,True,within GNSS interval; piecewise-linear interpolation,17,0.6339186143632217,HIGH,98.27159976959229,LOW,9.665771722793579,LOW,-248.04017593760312,-23.30202946814724,19.618698381202947,249.0545730066442,-6.223593894980521,19.618698381202947,0,0,0,0,0,0,0,,,,,,,
300m_roundtrip_10,300m往返10m/s,roundtrip,149,/aqronos_cloud_0,1770273637.3265784,2026-02-05T06:40:37.326578+00:00,1649361012.999844,2022-04-07T19:50:12.999844+00:00,1770273489.0,1770273735.5981781,2026-02-05T06:42:15.598178+00:00,2404,369753.5981781815,True,True,within GNSS interval; piecewise-linear interpolation,17,0.7378830541399743,HIGH,98.27159976959229,LOW,9.665771722793579,LOW,-244.32421119297646,-23.915759972485922,19.586302497907763,245.43738582675198,-5.174300789653216,19.586302497907763,0,0,0,0,0,0,0,,,,,,,
300m_roundtrip_10,300m往返10m/s,roundtrip,150,/aqronos_cloud_0,1770273638.3287127,2026-02-05T06:40:38.328713+00:00,1649361013.999855,2022-04-07T19:50:13.999855+00:00,1770273489.0,1770273736.6003125,2026-02-05T06:42:16.600312+00:00,2404,369754.6003125046,True,True,within GNSS interval; piecewise-linear interpolation,17,0.8435511020081288,HIGH,98.27159976959229,LOW,9.665771722793579,LOW,-240.54735497795951,-24.539547341031025,19.553375761091623,241.76092579009247,-4.107813495348168,19.553375761091623,0,0,0,0,0,0,0,,,,,,,
300m_roundtrip_10,300m往返10m/s,roundtrip,151,/aqronos_cloud_0,1770273639.342624,2026-02-05T06:40:39.342624+00:00,1649361014.999864,2022-04-07T19:50:14.999864+00:00,1770273489.0,1770273737.6142237,2026-02-05T06:42:17.614224+00:00,2404,369755.6142237519,True,True,within GNSS interval; piecewise-linear interpolation,17,0.9504609440692838,HIGH,98.27159976959229,LOW,9.665771722793579,LOW,-236.72611374580416,-25.170665360113865,19.520062074469955,238.04126057631052,-3.0287930109663037,19.520062074469955,0,0,0,0,0,0,0,,,,,,,
300m_roundtrip_10,300m往返10m/s,roundtrip,152,/aqronos_cloud_0,1770273640.3325102,2026-02-05T06:40:40.332510+00:00,1649361015.999875,2022-04-07T19:50:15.999875+00:00,1770273489.0,1770273738.60411,2026-02-05T06:42:18.604110+00:00,2404,369756.60411003575,True,True,within GNSS interval; piecewise-linear interpolation,18,0.058027260474211764,HIGH,98.27159976959229,LOW,9.665771722793579,LOW,-233.21411550845986,-26.01064317659521,19.527951760320367,234.65338785721727,-1.7789879099549282,19.527951760320367,0,0,0,0,0,0,0,,,,,,,
300m_roundtrip_10,300m往返10m/s,roundtrip,153,/aqronos_cloud_0,1770273641.337712,2026-02-05T06:40:41.337712+00:00,1649361016.999886,2022-04-07T19:50:16.999886+00:00,1770273489.0,1770273739.6093118,2026-02-05T06:42:19.609312+00:00,2404,369757.6093118523,True,True,within GNSS interval; piecewise-linear interpolation,18,0.17018396972133137,HIGH,98.27159976959229,LOW,9.665771722793579,LOW,-229.84840295842056,-27.06893455503849,19.573037531343363,231.4366151771819,-0.3297208068448505,19.573037531343363,0,0,0,0,0,0,0,,,,,,,
300m_roundtrip_10,300m往返10m/s,roundtrip,154,/aqronos_cloud_0,1770273642.348551,2026-02-05T06:40:42.348551+00:00,1649361017.999897,2022-04-07T19:50:17.999897+00:00,1770273489.0,1770273740.6201508,2026-02-05T06:42:20.620151+00:00,2404,369758.62015083776,True,True,within GNSS interval; piecewise-linear interpolation,18,0.28296965347000447,HIGH,98.27159976959229,LOW,9.665771722793579,LOW,-226.46381550212072,-28.13316082847577,19.61837614324005,228.20180284524673,1.1276737819940337,19.61837614324005,0,0,0,0,0,0,0,,,,,,,
300m_roundtrip_10,300m往返10m/s,roundtrip,155,/aqronos_cloud_0,1770273643.3428798,2026-02-05T06:40:43.342880+00:00,1649361018.999908,2022-04-07T19:50:18.999908+00:00,1770273489.0,1770273741.6144795,2026-02-05T06:42:21.614480+00:00,2404,369759.614479575,True,True,within GNSS interval; piecewise-linear interpolation,18,0.3939131846532031,HIGH,98.27159976959229,LOW,9.665771722793579,LOW,-223.13450923274516,-29.180004867797003,19.66297422994378,225.0198253912681,2.561264434983041,19.66297422994378,0,0,0,0,0,0,0,,,,,,,
300m_roundtrip_10,300m往返10m/s,roundtrip,156,/aqronos_cloud_0,1770273644.332859,2026-02-05T06:40:44.332859+00:00,1649361019.999919,2022-04-07T19:50:19.999919+00:00,1770273489.0,1770273742.6044588,2026-02-05T06:42:22.604459+00:00,2404,369760.60445884214,True,True,within GNSS interval; piecewise-linear interpolation,18,0.504371418008968,HIGH,98.27159976959229,LOW,9.665771722793579,LOW,-219.8197662739309,-30.222269720458804,19.70737723222615,221.85176679068172,3.988584164179514,19.70737723222615,0,0,0,0,0,0,0,,,,,,,
300m_roundtrip_10,300m往返10m/s,roundtrip,157,/aqronos_cloud_0,1770273645.3296638,2026-02-05T06:40:45.329664+00:00,1649361020.99993,2022-04-07T19:50:20.999930+00:00,1770273489.0,1770273743.6012635,2026-02-05T06:42:23.601264+00:00,2404,369761.60126355634,True,True,within GNSS interval; piecewise-linear interpolation,18,0.6155912095626044,HIGH,98.27159976959229,LOW,9.665771722793579,LOW,-216.48216970251187,-31.2717205050225,19.752086372578727,218.66186589798804,5.42574459974735,19.752086372578727,0,0,0,0,0,0,0,,,,,,,
300m_roundtrip_10,300m往返10m/s,roundtrip,158,/aqronos_cloud_0,1770273646.3399472,2026-02-05T06:40:46.339947+00:00,1649361021.999941,2022-04-07T19:50:21.999941+00:00,1770273489.0,1770273744.611547,2026-02-05T06:42:24.611547+00:00,2404,369762.6115470265,True,True,within GNSS interval; piecewise-linear interpolation,18,0.7283149109652862,HIGH,98.27159976959229,LOW,9.665771722793579,LOW,-213.099442275462,-32.33536192372556,19.797400068249917,215.42883128509055,6.882338264810734,19.797400068249917,0,0,0,0,0,0,0,,,,,,,
300m_roundtrip_10,300m往返10m/s,roundtrip,159,/aqronos_cloud_0,1770273647.3261209,2026-02-05T06:40:47.326121+00:00,1649361022.999952,2022-04-07T19:50:22.999952+00:00,1770273489.0,1770273745.5977206,2026-02-05T06:42:25.597721+00:00,2404,369763.59772065625,True,True,within GNSS interval; piecewise-linear interpolation,18,0.8383485253482125,HIGH,98.27159976959229,LOW,9.665771722793579,LOW,-209.797441714454,-33.37362014494199,19.84163237834713,212.27295120436645,8.304171150528799,19.84163237834713,0,0,0,0,0,0,0,,,,,,,
300m_roundtrip_10,300m往返10m/s,roundtrip,160,/aqronos_cloud_0,1770273648.3132696,2026-02-05T06:40:48.313270+00:00,1649361023.999971,2022-04-07T19:50:23.999971+00:00,1770273489.0,1770273746.5848694,2026-02-05T06:42:26.584869+00:00,2404,369764.584869418,True,True,within GNSS interval; piecewise-linear interpolation,18,0.9484909413599389,HIGH,98.27159976959229,LOW,9.665771722793579,LOW,-206.49217612356082,-34.412904999576014,19.885908425509697,209.11395057820712,9.727409949655385,19.885908425509697,0,0,0,0,0,0,0,,,,,,,
300m_roundtrip_10,300m往返10m/s,roundtrip,161,/aqronos_cloud_0,1770273649.314517,2026-02-05T06:40:49.314517+00:00,1649361024.999982,2022-04-07T19:50:24.999982+00:00,1770273489.0,1770273747.5861168,2026-02-05T06:42:27.586117+00:00,2404,369765.586116824,True,True,within GNSS interval; piecewise-linear interpolation,19,0.0638140797272443,HIGH,98.27159976959229,LOW,9.665771722793579,LOW,-203.25988715530158,-34.98416223136099,19.912918458254687,205.97201064624218,10.677273236197728,19.912918458254687,0,0,0,0,0,0,0,,,,,,,
300m_roundtrip_10,300m往返10m/s,roundtrip,162,/aqronos_cloud_0,1770273650.3372593,2026-02-05T06:40:50.337259+00:00,1649361025.999994,2022-04-07T19:50:25.999994+00:00,1770273489.0,1770273748.608859,2026-02-05T06:42:28.608859+00:00,2404,369766.60885909543,True,True,within GNSS interval; piecewise-linear interpolation,19,0.1847657359111514,HIGH,98.27159976959229,LOW,9.665771722793579,LOW,-200.06323600996927,-35.145698718760144,19.924866820002002,202.81695722355101,11.216077914797093,19.924866820002002,0,0,0,0,0,0,0,,,,,,,
300m_roundtrip_10,300m往返10m/s,roundtrip,163,/aqronos_cloud_0,1770273651.3393295,2026-02-05T06:40:51.339329+00:00,1649361026.999848,2022-04-07T19:50:26.999848+00:00,1770273489.0,1770273749.6109293,2026-02-05T06:42:29.610929+00:00,2404,369767.61092928395,True,True,within GNSS interval; piecewise-linear interpolation,19,0.30327266801010655,HIGH,98.27159976959229,LOW,9.665771722793579,LOW,-196.93119687816986,-35.30397016495355,19.936573676600393,199.72567502429837,11.74399205401554,19.936573676600393,0,0,0,0,0,0,0,,,,,,,
300m_roundtrip_10,300m往返10m/s,roundtrip,164,/aqronos_cloud_0,1770273652.3309116,2026-02-05T06:40:52.330912+00:00,1649361027.999849,2022-04-07T19:50:27.999849+00:00,1770273489.0,1770273750.6025114,2026-02-05T06:42:30.602511+00:00,2404,369768.6025114392,True,True,within GNSS interval; piecewise-linear interpolation,19,0.4205392631908097,HIGH,98.27159976959229,LOW,9.665771722793579,LOW,-193.8319388140749,-35.4605850842726,19.94815800495357,196.66674731577942,12.2663808506659,19.94815800495357,0,0,0,0,0,0,0,,,,,,,
300m_roundtrip_10,300m往返10m/s,roundtrip,165,/aqronos_cloud_0,1770273653.341594,2026-02-05T06:40:53.341594+00:00,1649361028.999868,2022-04-07T19:50:28.999868+00:00,1770273489.0,1770273751.6131938,2026-02-05T06:42:31.613194+00:00,2404,369769.6131937836,True,True,within GNSS interval; piecewise-linear interpolation,19,0.5400646869960867,HIGH,98.27159976959229,LOW,9.665771722793579,LOW,-190.6729817980377,-35.62021677287918,19.9599654745384,193.54889751220122,12.798832076136797,19.9599654745384,0,0,0,0,0,0,0,,,,,,,
300m_roundtrip_10,300m往返10m/s,roundtrip,166,/aqronos_cloud_0,1770273654.3317573,2026-02-05T06:40:54.331757+00:00,1649361029.999869,2022-04-07T19:50:29.999869+00:00,1770273489.0,1770273752.603357,2026-02-05T06:42:32.603357+00:00,2404,369770.6033571099,True,True,within GNSS interval; piecewise-linear interpolation,19,0.6571634884736638,HIGH,98.27159976959229,LOW,9.665771722793579,LOW,-187.57815838122414,-35.77660759600753,19.971533227179204,190.494346743313,13.320473400324722,19.971533227179204,0,0,0,0,0,0,0,,,,,,,
300m_roundtrip_10,300m往返10m/s,roundtrip,167,/aqronos_cloud_0,1770273655.3333588,2026-02-05T06:40:55.333359+00:00,1649361030.999887,2022-04-07T19:50:30.999887+00:00,1770273489.0,1770273753.6049585,2026-02-05T06:42:33.604959+00:00,2404,369771.6049585675,True,True,within GNSS interval; piecewise-linear interpolation,19,0.7756149874655199,HIGH,98.27159976959229,LOW,9.665771722793579,LOW,-184.4475843000978,-35.934805008742536,19.983234607748265,187.40451053016588,13.848140601068774,19.983234607748265,0,0,0,0,0,0,0,,,,,,,
300m_roundtrip_10,300m往返10m/s,roundtrip,168,/aqronos_cloud_0,1770273656.3361535,2026-02-05T06:40:56.336154+00:00,1649361031.999903,2022-04-07T19:50:31.999903+00:00,1770273489.0,1770273754.6077533,2026-02-05T06:42:34.607753+00:00,2404,369772.60775331006,True,True,within GNSS interval; piecewise-linear interpolation,19,0.8942076068546448,HIGH,98.27159976959229,LOW,9.665771722793579,LOW,-181.31328052486228,-36.09319089424422,19.994949929073574,184.31099315707058,14.376436452405088,19.994949929073574,0,0,0,0,0,0,0,,,,,,,
300m_roundtrip_10,300m往返10m/s,roundtrip,169,/aqronos_cloud_0,1770273657.3423936,2026-02-05T06:40:57.342394+00:00,1649361032.99991,2022-04-07T19:50:32.999910+00:00,1770273489.0,1770273755.6139934,2026-02-05T06:42:35.613993+00:00,2404,369773.61399343953,True,True,within GNSS interval; piecewise-linear interpolation,20,0.013195130557217688,HIGH,98.27159976959229,LOW,9.665771722793579,LOW,-178.1665155926498,-36.21381297563367,20.00558149388974,181.20063194720467,14.868709109864707,20.00558149388974,0,0,0,0,0,0,0,,,,,,,
300m_roundtrip_10,300m往返10m/s,roundtrip,170,/aqronos_cloud_0,1770273658.3176804,2026-02-05T06:40:58.317680+00:00,1649361033.999913,2022-04-07T19:50:33.999913+00:00,1770273489.0,1770273756.5892801,2026-02-05T06:42:36.589280+00:00,2404,369774.5892801617,True,True,within GNSS interval; piecewise-linear interpolation,20,0.12842495900130912,HIGH,98.27159976959229,LOW,9.665771722793579,LOW,-175.10341102551396,-36.03331992362344,20.007159764229208,178.13769834197956,15.05208048444402,20.007159764229208,0,0,0,0,0,0,0,,,,,,,
300m_roundtrip_10,300m往返10m/s,roundtrip,171,/aqronos_cloud_0,1770273659.3358326,2026-02-05T06:40:59.335833+00:00,1649361034.999924,2022-04-07T19:50:34.999924+00:00,1770273489.0,1770273757.6074324,2026-02-05T06:42:37.607432+00:00,2404,369775.60743239865,True,True,within GNSS interval; piecewise-linear interpolation,20,0.24871933492571277,HIGH,98.27159976959229,LOW,9.665771722793579,LOW,-171.90567778864138,-35.84489389415316,20.00880740224178,174.94014358108524,15.243511343669173,20.00880740224178,0,0,0,0,0,0,0,,,,,,,
300m_roundtrip_10,300m往返10m/s,roundtrip,172,/aqronos_cloud_0,1770273660.316286,2026-02-05T06:41:00.316286+00:00,1649361035.999947,2022-04-07T19:50:35.999947+00:00,1770273489.0,1770273758.5878859,2026-02-05T06:42:38.587886+00:00,2404,369776.58788588986,True,True,within GNSS interval; piecewise-linear interpolation,20,0.3645596155528715,HIGH,98.27159976959229,LOW,9.665771722793579,LOW,-168.82634583580844,-35.66344464547826,20.010394033771984,171.86098349586663,15.427854163380658,20.010394033771984,0,0,0,0,0,0,0,,,,,,,
300m_roundtrip_10,300m往返10m/s,roundtrip,173,/aqronos_cloud_0,1770273661.3299685,2026-02-05T06:41:01.329968+00:00,1649361036.999953,2022-04-07T19:50:36.999953+00:00,1770273489.0,1770273759.6015682,2026-02-05T06:42:39.601568+00:00,2404,369777.6015682553,True,True,within GNSS interval; piecewise-linear interpolation,20,0.48432587752184414,HIGH,98.27159976959229,LOW,9.665771722793579,LOW,-165.64265122322865,-35.47584584018172,20.01203443835721,168.67746657572349,15.618444606688772,20.01203443835721,0,0,0,0,0,0,0,,,,,,,
300m_roundtrip_10,300m往返10m/s,roundtrip,174,/aqronos_cloud_0,1770273662.3363645,2026-02-05T06:41:02.336365+00:00,1649361037.999958,2022-04-07T19:50:37.999958+00:00,1770273489.0,1770273760.6079643,2026-02-05T06:42:40.607964+00:00,2404,369778.6079643105,True,True,within GNSS interval; piecewise-linear interpolation,20,0.6032312641658794,HIGH,98.27159976959229,LOW,9.665771722793579,LOW,-162.48184088614553,-35.289595487945434,20.01366305177682,165.5168326538305,15.80766509315665,20.01366305177682,0,0,0,0,0,0,0,,,,,,,
300m_roundtrip_10,300m往返10m/s,roundtrip,175,/aqronos_cloud_0,1770273663.3171966,2026-02-05T06:41:03.317197+00:00,1649361038.999979,2022-04-07T19:50:38.999979+00:00,1770273489.0,1770273761.5887964,2026-02-05T06:42:41.588796+00:00,2404,369779.5887964104,True,True,within GNSS interval; piecewise-linear interpolation,20,0.7191162772957703,HIGH,98.27159976959229,LOW,9.665771722793579,LOW,-159.401319828588,-35.108076171423946,20.015250295995454,162.43648353025515,15.992079098086641,20.015250295995454,0,0,0,0,0,0,0,,,,,,,
300m_roundtrip_10,300m往返10m/s,roundtrip,176,/aqronos_cloud_0,1770273664.3297238,2026-02-05T06:41:04.329724+00:00,1649361039.999991,2022-04-07T19:50:39.999991+00:00,1770273489.0,1770273762.6013236,2026-02-05T06:42:42.601324+00:00,2404,369780.6013236378,True,True,within GNSS interval; piecewise-linear interpolation,20,0.8387460600608779,HIGH,98.27159976959229,LOW,9.665771722793579,LOW,-156.22125318350865,-34.92069114365683,20.01688883126366,159.25659437512365,16.182452354755206,20.01688883126366,0,0,0,0,0,0,0,,,,,,,
300m_roundtrip_10,300m往返10m/s,roundtrip,177,/aqronos_cloud_0,1770273665.3411624,2026-02-05T06:41:05.341162+00:00,1649361040.999842,2022-04-07T19:50:40.999842+00:00,1770273489.0,1770273763.6127622,2026-02-05T06:42:43.612762+00:00,2404,369781.612762246,True,True,within GNSS interval; piecewise-linear interpolation,20,0.958247222796089,HIGH,98.27159976959229,LOW,9.665771722793579,LOW,-153.04460558891583,-34.73350758301034,20.018525604859732,156.08012407965026,16.37262093150714,20.018525604859732,0,0,0,0,0,0,0,,,,,,,
300m_roundtrip_10,300m往返10m/s,roundtrip,178,/aqronos_cloud_0,1770273666.3207862,2026-02-05T06:41:06.320786+00:00,1649361041.999848,2022-04-07T19:50:41.999848+00:00,1770273489.0,1770273764.592386,2026-02-05T06:42:44.592386+00:00,2404,369782.59238604055,True,True,within GNSS interval; piecewise-linear interpolation,21,0.07382499668484274,HIGH,98.27159976959229,LOW,9.665771722793579,LOW,-149.95750519785727,-34.41837680079816,20.011094760185927,152.97742560893712,16.425141729349534,20.011094760185927,0,0,0,0,0,0,0,,,,,,,
300m_roundtrip_10,300m往返10m/s,roundtrip,179,/aqronos_cloud_0,1770273667.338462,2026-02-05T06:41:07.338462+00:00,1649361042.999856,2022-04-07T19:50:42.999856+00:00,1770273489.0,1770273765.610062,2026-02-05T06:42:45.610062+00:00,2404,369783.61006191716,True,True,within GNSS interval; piecewise-linear interpolation,21,0.1937958019400542,HIGH,98.27159976959229,LOW,9.665771722793579,LOW,-146.74440913477727,-34.01254751942261,19.998089777010613,149.73888090265353,16.402516486711068,19.998089777010613,0,0,0,0,0,0,0,,,,,,,
300m_roundtrip_10,300m往返10m/s,roundtrip,180,/aqronos_cloud_0,1770273668.3367612,2026-02-05T06:41:08.336761+00:00,1649361043.999885,2022-04-07T19:50:43.999885+00:00,1770273489.0,1770273766.608361,2026-02-05T06:42:46.608361+00:00,2404,369784.608361039,True,True,within GNSS interval; piecewise-linear interpolation,21,0.31148233877022874,HIGH,98.27159976959229,LOW,9.665771722793579,LOW,-143.59249107136054,-33.614445309741136,19.98533241134834,146.5619987433529,16.380322033273846,19.98533241134834,0,0,0,0,0,0,0,,,,,,,
300m_roundtrip_10,300m往返10m/s,roundtrip,181,/aqronos_cloud_0,1770273669.332333,2026-02-05T06:41:09.332333+00:00,1649361044.999876,2022-04-07T19:50:44.999876+00:00,1770273489.0,1770273767.6039329,2026-02-05T06:42:47.603933+00:00,2404,369785.60393289075,True,True,within GNSS interval; piecewise-linear interpolation,21,0.428847365775199,HIGH,98.27159976959229,LOW,9.665771722793579,LOW,-140.4491837858027,-33.21743068216799,19.972609897747443,143.3937955617437,16.358188213236478,19.972609897747443,0,0,0,0,0,0,0,,,,,,,
300m_roundtrip_10,300m往返10m/s,roundtrip,182,/aqronos_cloud_0,1770273670.3418198,2026-02-05T06:41:10.341820+00:00,1649361045.999885,2022-04-07T19:50:45.999885+00:00,1770273489.0,1770273768.6134195,2026-02-05T06:42:48.613420+00:00,2404,369786.613419566,True,True,within GNSS interval; piecewise-linear interpolation,21,0.5478527702544584,HIGH,98.27159976959229,LOW,9.665771722793579,LOW,-137.26194339174072,-32.81486709449444,19.95970956520627,140.18131130879914,16.335745035115735,19.95970956520627,0,0,0,0,0,0,0,,,,,,,
300m_roundtrip_10,300m往返10m/s,roundtrip,183,/aqronos_cloud_0,1770273671.3313897,2026-02-05T06:41:11.331390+00:00,1649361046.999896,2022-04-07T19:50:46.999896+00:00,1770273489.0,1770273769.6029894,2026-02-05T06:42:49.602989+00:00,2404,369787.60298946843,True,True,within GNSS interval; piecewise-linear interpolation,21,0.6645102451709866,HIGH,98.27159976959229,LOW,9.665771722793579,LOW,-134.13758599007306,-32.420245927188375,19.947063751123945,137.0322080996005,16.313744652022848,19.947063751123945,0,0,0,0,0,0,0,,,,,,,
300m_roundtrip_10,300m往返10m/s,roundtrip,184,/aqronos_cloud_0,1770273672.3417747,2026-02-05T06:41:12.341775+00:00,1649361047.999907,2022-04-07T19:50:47.999907+00:00,1770273489.0,1770273770.6133745,2026-02-05T06:42:50.613374+00:00,2404,369788.6133745049,True,True,within GNSS interval; piecewise-linear interpolation,21,0.7836215548011656,HIGH,98.27159976959229,LOW,9.665771722793579,LOW,-130.94750921075254,-32.01732409059584,19.934151938333866,133.8168649964119,16.29128150129518,19.934151938333866,0,0,0,0,0,0,0,,,,,,,
300m_roundtrip_10,300m往返10m/s,roundtrip,185,/aqronos_cloud_0,1770273673.3364716,2026-02-05T06:41:13.336472+00:00,1649361048.999918,2022-04-07T19:50:48.999918+00:00,1770273489.0,1770273771.6080713,2026-02-05T06:42:51.608071+00:00,2404,369789.60807136045,True,True,within GNSS interval; piecewise-linear interpolation,21,0.900883431088547,HIGH,98.27159976959229,LOW,9.665771722793579,LOW,-127.80696454034832,-31.620658394427327,19.921440606397905,130.6514463106614,16.269167134407333,19.921440606397905,0,0,0,0,0,0,0,,,,,,,
300m_roundtrip_10,300m往返10m/s,roundtrip,186,/aqronos_cloud_0,1770273674.3296895,2026-02-05T06:41:14.329690+00:00,1649361049.999929,2022-04-07T19:50:49.999929+00:00,1770273489.0,1770273772.6012893,2026-02-05T06:42:52.601289+00:00,2404,369790.60128930554,True,True,within GNSS interval; piecewise-linear interpolation,22,0.018208791392179745,HIGH,98.27159976959229,LOW,9.665771722793579,LOW,-124.6854379716634,-31.221252565828575,19.893096861014502,127.50458764585625,16.24208063103199,19.893096861014502,0,0,0,0,0,0,0,,,,,,,
300m_roundtrip_10,300m往返10m/s,roundtrip,187,/aqronos_cloud_0,1770273675.341796,2026-02-05T06:41:15.341796+00:00,1649361050.99994,2022-04-07T19:50:50.999940+00:00,1770273489.0,1770273773.6133957,2026-02-05T06:42:53.613396+00:00,2404,369791.61339572415,True,True,within GNSS interval; piecewise-linear interpolation,22,0.13910203882167443,HIGH,98.27159976959229,LOW,9.665771722793579,LOW,-121.58519168260756,-30.795536186371972,19.776249618514093,124.37574512330667,16.186349512006213,19.776249618514093,0,0,0,0,0,0,0,,,,,,,
300m_roundtrip_10,300m往返10m/s,roundtrip,188,/aqronos_cloud_0,1770273676.3280199,2026-02-05T06:41:16.328020+00:00,1649361051.999951,2022-04-07T19:50:51.999951+00:00,1770273489.0,1770273774.5996196,2026-02-05T06:42:54.599620+00:00,2404,369792.59961966024,True,True,within GNSS interval; piecewise-linear interpolation,22,0.2569036969608566,HIGH,98.27159976959229,LOW,9.665771722793579,LOW,-118.56422763990021,-30.380706603551435,19.66239049727933,121.32691613533794,16.13204359855958,19.66239049727933,0,0,0,0,0,0,0,,,,,,,
300m_roundtrip_10,300m往返10m/s,roundtrip,189,/aqronos_cloud_0,1770273677.3410301,2026-02-05T06:41:17.341030+00:00,1649361052.999962,2022-04-07T19:50:52.999962+00:00,1770273489.0,1770273775.61263,2026-02-05T06:42:55.612630+00:00,2404,369793.6126299237,True,True,within GNSS interval; piecewise-linear interpolation,22,0.37790490609780597,HIGH,98.27159976959229,LOW,9.665771722793579,LOW,-115.46121272736859,-29.954610045150226,19.545438906288993,118.19527945192104,16.076262709783244,19.545438906288993,0,0,0,0,0,0,0,,,,,,,
300m_roundtrip_10,300m往返10m/s,roundtrip,190,/aqronos_cloud_0,1770273678.3329551,2026-02-05T06:41:18.332955+00:00,1649361053.999973,2022-04-07T19:50:53.999973+00:00,1770273489.0,1770273776.604555,2026-02-05T06:42:56.604555+00:00,2404,369794.6045549248,True,True,within GNSS interval; piecewise-linear interpolation,22,0.4963875403247372,HIGH,98.27159976959229,LOW,9.665771722793579,LOW,-112.42278539672856,-29.537382456810462,19.430921599590985,115.1288260971205,16.021642870123138,19.430921599590985,0,0,0,0,0,0,0,,,,,,,
300m_roundtrip_10,300m往返10m/s,roundtrip,191,/aqronos_cloud_0,1770273679.3431542,2026-02-05T06:41:19.343154+00:00,1649361054.999984,2022-04-07T19:50:54.999984+00:00,1770273489.0,1770273777.614754,2026-02-05T06:42:57.614754+00:00,2404,369795.6147539948,True,True,within GNSS interval; piecewise-linear interpolation,22,0.6170529603578622,HIGH,98.27159976959229,LOW,9.665771722793579,LOW,-109.32838162621827,-29.112468354208733,19.314294559654392,112.00587998368161,15.966016778268147,19.314294559654392,0,0,0,0,0,0,0,,,,,,,
300m_roundtrip_10,300m往返10m/s,roundtrip,192,/aqronos_cloud_0,1770273680.3289864,2026-02-05T06:41:20.328986+00:00,1649361055.999997,2022-04-07T19:50:55.999997+00:00,1770273489.0,1770273778.6005862,2026-02-05T06:42:58.600586+00:00,2404,369796.60058620916,True,True,within GNSS interval; piecewise-linear interpolation,22,0.7348078284455148,HIGH,98.27159976959229,LOW,9.665771722793579,LOW,-106.30861749075723,-28.697803538997267,19.20048066252117,108.95826197073397,15.911732434776711,19.20048066252117,0,0,0,0,0,0,0,,,,,,,
300m_roundtrip_10,300m往返10m/s,roundtrip,193,/aqronos_cloud_0,1770273681.3363633,2026-02-05T06:41:21.336363+00:00,1649361056.999846,2022-04-07T19:50:56.999846+00:00,1770273489.0,1770273779.607963,2026-02-05T06:42:59.607963+00:00,2404,369797.6079631184,True,True,within GNSS interval; piecewise-linear interpolation,22,0.8551361493672863,HIGH,98.27159976959229,LOW,9.665771722793579,LOW,-103.22285845674992,-28.274076505286935,19.084179439803062,105.84404033162546,15.856261743749293,19.084179439803062,0,0,0,0,0,0,0,,,,,,,
300m_roundtrip_10,300m往返10m/s,roundtrip,194,/aqronos_cloud_0,1770273682.329519,2026-02-05T06:41:22.329519+00:00,1649361057.999857,2022-04-07T19:50:57.999857+00:00,1770273489.0,1770273780.6011188,2026-02-05T06:43:00.601119+00:00,2404,369798.60111883626,True,True,within GNSS interval; piecewise-linear interpolation,22,0.9737657892217251,HIGH,98.27159976959229,LOW,9.665771722793579,LOW,-100.18066124101836,-27.856331247806562,18.969520047400753,102.77378231884624,15.801574135307236,18.969520047400753,0,0,0,0,0,0,0,,,,,,,
300m_roundtrip_10,300m往返10m/s,roundtrip,195,/aqronos_cloud_0,1770273683.3390505,2026-02-05T06:41:23.339051+00:00,1649361058.999868,2022-04-07T19:50:58.999868+00:00,1770273489.0,1770273781.6106503,2026-02-05T06:43:01.610650+00:00,2404,369799.6106503342,True,True,within GNSS interval; piecewise-linear interpolation,23,0.08957254969200874,HIGH,98.27159976959229,LOW,9.665771722793579,LOW,-96.98539590214114,-27.412069279480523,18.338330289173765,99.548393494083,15.738675713836546,18.338330289173765,0,0,0,0,0,0,0,,,,,,,
300m_roundtrip_10,300m往返10m/s,roundtrip,196,/aqronos_cloud_0,1770273684.3228624,2026-02-05T06:41:24.322862+00:00,1649361059.999879,2022-04-07T19:50:59.999879+00:00,1770273489.0,1770273782.5944622,2026-02-05T06:43:02.594462+00:00,2404,369800.59446218953,True,True,within GNSS interval; piecewise-linear interpolation,23,0.20113400824889588,HIGH,98.27159976959229,LOW,9.665771722793579,LOW,-93.84365179473697,-26.973807029194372,17.583772403483565,96.37685980755458,15.675399243879685,17.583772403483565,0,0,0,0,0,0,0,,,,,,,
300m_roundtrip_10,300m往返10m/s,roundtrip,197,/aqronos_cloud_0,1770273685.3332174,2026-02-05T06:41:25.333217+00:00,1649361060.99989,2022-04-07T19:51:00.999890+00:00,1770273489.0,1770273783.6048172,2026-02-05T06:43:03.604817+00:00,2404,369801.60481718526,True,True,within GNSS interval; piecewise-linear interpolation,23,0.3157053832272739,HIGH,98.27159976959229,LOW,9.665771722793579,LOW,-90.6171437616606,-26.523720509477545,16.808856625377086,93.11975847564149,15.610415581416731,16.808856625377086,0,0,0,0,0,0,0,,,,,,,
300m_roundtrip_10,300m往返10m/s,roundtrip,198,/aqronos_cloud_0,1770273686.315964,2026-02-05T06:41:26.315964+00:00,1649361061.999901,2022-04-07T19:51:01.999901+00:00,1770273489.0,1770273784.5875638,2026-02-05T06:43:04.587564+00:00,2404,369802.58756378636,True,True,within GNSS interval; piecewise-linear interpolation,23,0.4271460449946953,HIGH,98.27159976959229,LOW,9.665771722793579,LOW,-87.47880147963956,-26.085932801864676,16.055115761723318,89.95165887012969,15.547207626111065,16.055115761723318,0,0,0,0,0,0,0,,,,,,,
300m_roundtrip_10,300m往返10m/s,roundtrip,199,/aqronos_cloud_0,1770273687.3296833,2026-02-05T06:41:27.329683+00:00,1649361062.999912,2022-04-07T19:51:02.999912+00:00,1770273489.0,1770273785.601283,2026-02-05T06:43:05.601283+00:00,2404,369803.60128310666,True,True,within GNSS interval; piecewise-linear interpolation,23,0.5420989247842082,HIGH,98.27159976959229,LOW,9.665771722793579,LOW,-84.24154967799083,-25.634347564228726,15.277619634924788,86.68371189873018,15.482007578186392,15.277619634924788,0,0,0,0,0,0,0,,,,,,,
300m_roundtrip_10,300m往返10m/s,roundtrip,200,/aqronos_cloud_0,1770273688.339518,2026-02-05T06:41:28.339518+00:00,1649361063.999923,2022-04-07T19:51:03.999923+00:00,1770273489.0,1770273786.6111178,2026-02-05T06:43:06.611118+00:00,2404,369804.61111787305,True,True,within GNSS interval; piecewise-linear interpolation,23,0.656611307239172,HIGH,98.27159976959229,LOW,9.665771722793579,LOW,-81.01670296608413,-25.184492792970516,14.503102859075135,83.4282876404022,15.417057375653812,14.503102859075135,0,0,0,0,0,0,0,,,,,,,
300m_roundtrip_10,300m往返10m/s,roundtrip,201,/aqronos_cloud_0,1770273689.3284001,2026-02-05T06:41:29.328400+00:00,1649361064.999935,2022-04-07T19:51:04.999935+00:00,1770273489.0,1770273787.6,2026-02-05T06:43:07.600000+00:00,2404,369805.59999993787,True,True,within GNSS interval; piecewise-linear interpolation,23,0.7687477130934581,HIGH,98.27159976959229,LOW,9.665771722793579,LOW,-77.85876744896699,-24.743971897990996,13.744656255697656,80.24040901947382,15.353454801719275,13.744656255697656,0,0,0,0,0,0,0,,,,,,,
300m_roundtrip_10,300m往返10m/s,roundtrip,202,/aqronos_cloud_0,1770273690.3416781,2026-02-05T06:41:30.341678+00:00,1649361065.999945,2022-04-07T19:51:05.999945+00:00,1770273489.0,1770273788.613278,2026-02-05T06:43:08.613278+00:00,2404,369806.6132779454,True,True,within GNSS interval; piecewise-linear interpolation,23,0.8836505492712207,HIGH,98.27159976959229,LOW,9.665771722793579,LOW,-74.6229249532234,-24.292583253570854,12.967498604232482,76.97388471682132,15.28828313799768,12.967498604232482,0,0,0,0,0,0,0,,,,,,,
300m_roundtrip_10,300m往返10m/s,roundtrip,203,/aqronos_cloud_0,1770273691.3276522,2026-02-05T06:41:31.327652+00:00,1649361066.999956,2022-04-07T19:51:06.999956+00:00,1770273489.0,1770273789.599252,2026-02-05T06:43:09.599252+00:00,2404,369807.5992520188,True,True,within GNSS interval; piecewise-linear interpolation,23,0.9954571971932968,HIGH,98.27159976959229,LOW,9.665771722793579,LOW,-71.47427593212193,-23.853357792115506,12.211282353983552,73.79538064516765,15.224867599246805,12.211282353983552,0,0,0,0,0,0,0,,,,,,,
300m_roundtrip_10,300m往返10m/s,roundtrip,204,/aqronos_cloud_0,1770273692.3296232,2026-02-05T06:41:32.329623+00:00,1649361067.999967,2022-04-07T19:51:07.999967+00:00,1770273489.0,1770273790.601223,2026-02-05T06:43:10.601223+00:00,2404,369808.6012230252,True,True,within GNSS interval; piecewise-linear interpolation,24,0.11584286218891951,HIGH,98.27159976959229,LOW,9.665771722793579,LOW,-68.52628589791243,-23.392495426934463,11.61040572025164,70.81356344548966,15.116214255334961,11.61040572025164,0,0,0,0,0,0,0,,,,,,,
300m_roundtrip_10,300m往返10m/s,roundtrip,205,/aqronos_cloud_0,1770273693.3276713,2026-02-05T06:41:33.327671+00:00,1649361068.999978,2022-04-07T19:51:08.999978+00:00,1770273489.0,1770273791.599271,2026-02-05T06:43:11.599271+00:00,2404,369809.5992710923,True,True,within GNSS interval; piecewise-linear interpolation,24,0.23603783216140292,HIGH,98.27159976959229,LOW,9.665771722793579,LOW,-65.60028132979717,-22.932835474720015,11.01883478528858,67.85371946672181,15.006152337975589,11.01883478528858,0,0,0,0,0,0,0,,,,,,,
300m_roundtrip_10,300m往返10m/s,roundtrip,206,/aqronos_cloud_0,1770273694.3292356,2026-02-05T06:41:34.329236+00:00,1649361069.999989,2022-04-07T19:51:09.999989+00:00,1770273489.0,1770273792.6008353,2026-02-05T06:43:12.600835+00:00,2404,369810.60083535657,True,True,within GNSS interval; piecewise-linear interpolation,24,0.35665625790857064,HIGH,98.27159976959229,LOW,9.665771722793579,LOW,-62.663968231038695,-22.471556106475088,10.425179702140262,64.8834477385626,14.895702664335815,10.425179702140262,0,0,0,0,0,0,0,,,,,,,
300m_roundtrip_10,300m往返10m/s,roundtrip,207,/aqronos_cloud_0,1770273695.3350046,2026-02-05T06:41:35.335005+00:00,1649361070.99984,2022-04-07T19:51:10.999840+00:00,1770273489.0,1770273793.6066043,2026-02-05T06:43:13.606604+00:00,2404,369811.6066043709,True,True,within GNSS interval; piecewise-linear interpolation,24,0.47778106187938446,HIGH,98.27159976959229,LOW,9.665771722793579,LOW,-59.71532795256612,-22.00834020303125,9.829032346318005,61.90070626614886,14.784789302754554,9.829032346318005,0,0,0,0,0,0,0,,,,,,,
300m_roundtrip_10,300m往返10m/s,roundtrip,208,/aqronos_cloud_0,1770273696.322828,2026-02-05T06:41:36.322828+00:00,1649361071.999851,2022-04-07T19:51:11.999851+00:00,1770273489.0,1770273794.5944278,2026-02-05T06:43:14.594428+00:00,2404,369812.59442785726,True,True,within GNSS interval; piecewise-linear interpolation,24,0.5967446851677523,HIGH,98.27159976959229,LOW,9.665771722793579,LOW,-56.819299064992904,-21.55338927281755,9.243521805640604,58.97118463838778,14.67585492323656,9.243521805640604,0,0,0,0,0,0,0,,,,,,,
300m_roundtrip_10,300m往返10m/s,roundtrip,209,/aqronos_cloud_0,1770273697.3318574,2026-02-05T06:41:37.331857+00:00,1649361072.999862,2022-04-07T19:51:12.999862+00:00,1770273489.0,1770273795.6034572,2026-02-05T06:43:15.603457+00:00,2404,369813.6034572457,True,True,within GNSS interval; piecewise-linear interpolation,24,0.7182621361224831,HIGH,98.27159976959229,LOW,9.665771722793579,LOW,-53.861100259496595,-21.088671774973335,8.645441935142905,55.97877409403706,14.56458201682655,8.645441935142905,0,0,0,0,0,0,0,,,,,,,
300m_roundtrip_10,300m往返10m/s,roundtrip,210,/aqronos_cloud_0,1770273698.32484,2026-02-05T06:41:38.324840+00:00,1649361073.999884,2022-04-07T19:51:13.999884+00:00,1770273489.0,1770273796.5964398,2026-02-05T06:43:16.596440+00:00,2404,369814.59643987165,True,True,within GNSS interval; piecewise-linear interpolation,24,0.8378470748101182,HIGH,98.27159976959229,LOW,9.665771722793579,LOW,-50.94994618243406,-20.631344756918335,8.056873428464634,53.033952353102706,14.455078701985027,8.056873428464634,0,0,0,0,0,0,0,,,,,,,
300m_roundtrip_10,300m往返10m/s,roundtrip,211,/aqronos_cloud_0,1770273699.3263533,2026-02-05T06:41:39.326353+00:00,1649361074.999892,2022-04-07T19:51:14.999892+00:00,1770273489.0,1770273797.597953,2026-02-05T06:43:17.597953+00:00,2404,369815.59795311437,True,True,within GNSS interval; piecewise-linear interpolation,24,0.9584593560267881,HIGH,98.27159976959229,LOW,9.665771722793579,LOW,-48.01378266501257,-20.17008888711594,7.463248587227873,50.06383193619722,14.344634654860304,7.463248587227873,0,0,0,0,0,0,0,,,,,,,
300m_roundtrip_10,300m往返10m/s,roundtrip,212,/aqronos_cloud_0,1770273700.3372507,2026-02-05T06:41:40.337251+00:00,1649361075.999899,2022-04-07T19:51:15.999899+00:00,1770273489.0,1770273798.6088505,2026-02-05T06:43:18.608850+00:00,2404,369816.60885051236,True,True,within GNSS interval; piecewise-linear interpolation,25,0.07778211162221516,HIGH,98.27159976959229,LOW,9.665771722793579,LOW,-44.97022514555228,-19.545059071556526,6.823772161100509,46.967685849633895,14.084280943037044,6.823772161100509,0,0,0,0,0,0,0,,,,,,,
300m_roundtrip_10,300m往返10m/s,roundtrip,213,/aqronos_cloud_0,1770273701.3273625,2026-02-05T06:41:41.327363+00:00,1649361076.999909,2022-04-07T19:51:16.999909+00:00,1770273489.0,1770273799.5989623,2026-02-05T06:43:19.598962+00:00,2404,369817.5989623402,True,True,within GNSS interval; piecewise-linear interpolation,25,0.19342391411647675,HIGH,98.27159976959229,LOW,9.665771722793579,LOW,-41.9487233472606,-18.85199052174198,6.177005478372285,43.88538631598157,13.753756032223095,6.177005478372285,0,0,0,0,0,0,0,,,,,,,
300m_roundtrip_10,300m往返10m/s,roundtrip,214,/aqronos_cloud_0,1770273702.3255818,2026-02-05T06:41:42.325582+00:00,1649361077.999919,2022-04-07T19:51:17.999919+00:00,1770273489.0,1770273800.5971816,2026-02-05T06:43:20.597182+00:00,2404,369818.59718159185,True,True,within GNSS interval; piecewise-linear interpolation,25,0.3100126370225581,HIGH,98.27159976959229,LOW,9.665771722793579,LOW,-38.90248030777896,-18.153246854950225,5.524942816505456,40.7778477054487,13.420524653869602,5.524942816505456,0,0,0,0,0,0,0,,,,,,,
300m_roundtrip_10,300m往返10m/s,roundtrip,215,/aqronos_cloud_0,1770273703.3357687,2026-02-05T06:41:43.335769+00:00,1649361078.999937,2022-04-07T19:51:18.999937+00:00,1770273489.0,1770273801.6073685,2026-02-05T06:43:21.607368+00:00,2404,369819.6073685025,True,True,within GNSS interval; piecewise-linear interpolation,25,0.4279991431073397,HIGH,98.27159976959229,LOW,9.665771722793579,LOW,-35.81971583489719,-17.44612594446526,4.865062569905753,37.63305278839926,13.083298161720647,4.865062569905753,0,0,0,0,0,0,0,,,,,,,
300m_roundtrip_10,300m往返10m/s,roundtrip,216,/aqronos_cloud_0,1770273704.3200212,2026-02-05T06:41:44.320021+00:00,1649361079.999957,2022-04-07T19:51:19.999957+00:00,1770273489.0,1770273802.591621,2026-02-05T06:43:22.591621+00:00,2404,369820.5916209553,True,True,within GNSS interval; piecewise-linear interpolation,25,0.5429565898880039,HIGH,98.27159976959229,LOW,9.665771722793579,LOW,-32.81609495833715,-16.757158899571508,4.222123382643206,34.56899397091857,12.754729261677221,4.222123382643206,0,0,0,0,0,0,0,,,,,,,
300m_roundtrip_10,300m往返10m/s,roundtrip,217,/aqronos_cloud_0,1770273705.3357255,2026-02-05T06:41:45.335726+00:00,1649361080.999952,2022-04-07T19:51:20.999952+00:00,1770273489.0,1770273803.6073253,2026-02-05T06:43:23.607325+00:00,2404,369821.6073253487,True,True,within GNSS interval; piecewise-linear interpolation,25,0.661587519797821,HIGH,98.27159976959229,LOW,9.665771722793579,LOW,-29.716492908522046,-16.046175805375718,3.558638973443131,31.40702267636083,12.415660891222135,3.558638973443131,0,0,0,0,0,0,0,,,,,,,
300m_roundtrip_10,300m往返10m/s,roundtrip,218,/aqronos_cloud_0,1770273706.3336308,2026-02-05T06:41:46.333631+00:00,1649361081.999962,2022-04-07T19:51:21.999962+00:00,1770273489.0,1770273804.6052306,2026-02-05T06:43:24.605231+00:00,2404,369822.6052306031,True,True,within GNSS interval; piecewise-linear interpolation,25,0.7781395688564574,HIGH,98.27159976959229,LOW,9.665771722793579,LOW,-26.671208087380272,-15.347651933586434,2.9067814227224735,28.300461565144282,12.082534333270042,2.9067814227224735,0,0,0,0,0,0,0,,,,,,,
300m_roundtrip_10,300m往返10m/s,roundtrip,219,/aqronos_cloud_0,1770273707.329224,2026-02-05T06:41:47.329224+00:00,1649361082.999975,2022-04-07T19:51:22.999975+00:00,1770273489.0,1770273805.6008239,2026-02-05T06:43:25.600824+00:00,2404,369823.6008239125,True,True,within GNSS interval; piecewise-linear interpolation,25,0.8944215903534583,HIGH,98.27159976959229,LOW,9.665771722793579,LOW,-23.632978576217003,-14.650746400551096,2.2564340943134473,25.20109772869647,11.75017956228254,2.2564340943134473,0,0,0,0,0,0,0,,,,,,,
300m_roundtrip_10,300m往返10m/s,roundtrip,220,/aqronos_cloud_0,1770273708.3207467,2026-02-05T06:41:48.320747+00:00,1649361083.999985,2022-04-07T19:51:23.999985+00:00,1770273489.0,1770273806.5923464,2026-02-05T06:43:26.592346+00:00,2404,369824.59234646306,True,True,within GNSS interval; piecewise-linear interpolation,26,0.010110027141461355,HIGH,98.27159976959229,LOW,9.665771722793579,LOW,-20.705041710062545,-13.974291970409016,1.6360655813712592,22.21367196565341,11.425076196332844,1.6360655813712592,0,0,0,0,0,0,0,,,,,,,
300m_roundtrip_10,300m往返10m/s,roundtrip,221,/aqronos_cloud_0,1770273709.3116922,2026-02-05T06:41:49.311692+00:00,1649361084.999994,2022-04-07T19:51:24.999994+00:00,1770273489.0,1770273807.583292,2026-02-05T06:43:27.583292+00:00,2404,369825.5832920407,True,True,within GNSS interval; piecewise-linear interpolation,26,0.12451244142601685,HIGH,98.27159976959229,LOW,9.665771722793579,LOW,-18.78846684607736,-13.479815023574178,1.2978967196743065,20.25203887200064,11.160950722178612,1.2978967196743065,0,0,0,0,0,0,0,,,,,,,
300m_roundtrip_10,300m往返10m/s,roundtrip,222,/aqronos_cloud_0,1770273710.3231237,2026-02-05T06:41:50.323124+00:00,1649361085.999845,2022-04-07T19:51:25.999845+00:00,1770273489.0,1770273808.5947235,2026-02-05T06:43:28.594723+00:00,2404,369826.5947234963,True,True,within GNSS interval; piecewise-linear interpolation,26,0.24127990375539318,HIGH,98.27159976959229,LOW,9.665771722793579,LOW,-16.832270513758935,-12.975115724845507,0.952736872601937,18.24985281850158,10.891364966087652,0.952736872601937,0,0,0,0,0,0,0,,,,,,,
300m_roundtrip_10,300m往返10m/s,roundtrip,223,/aqronos_cloud_0,1770273711.3140204,2026-02-05T06:41:51.314020+00:00,1649361086.999857,2022-04-07T19:51:26.999857+00:00,1770273489.0,1770273809.5856202,2026-02-05T06:43:29.585620+00:00,2404,369827.5856201981,True,True,within GNSS interval; piecewise-linear interpolation,26,0.3556766754389386,HIGH,98.27159976959229,LOW,9.665771722793579,LOW,-14.915790179835291,-12.480663166797717,0.6145846902029912,16.28831647729013,10.627252519234258,0.6145846902029912,0,0,0,0,0,0,0,,,,,,,
300m_roundtrip_10,300m往返10m/s,roundtrip,224,/aqronos_cloud_0,1770273712.3359785,2026-02-05T06:41:52.335979+00:00,1649361087.999868,2022-04-07T19:51:27.999868+00:00,1770273489.0,1770273810.6075783,2026-02-05T06:43:30.607578+00:00,2404,369828.6075783108,True,True,within GNSS interval; piecewise-linear interpolation,26,0.4736594164014667,HIGH,98.27159976959229,LOW,9.665771722793579,LOW,-12.939234377871031,-11.970711118187564,0.26583252915204314,14.265292307745117,10.354861000282279,0.26583252915204314,0,0,0,0,0,0,0,,,,,,,
300m_roundtrip_10,300m往返10m/s,roundtrip,225,/aqronos_cloud_0,1770273713.3365126,2026-02-05T06:41:53.336513+00:00,1649361088.999878,2022-04-07T19:51:28.999878+00:00,1770273489.0,1770273811.6081123,2026-02-05T06:43:31.608112+00:00,2404,369829.60811236844,True,True,within GNSS interval; piecewise-linear interpolation,26,0.5891687989046638,HIGH,98.27159976959229,LOW,9.665771722793579,LOW,-11.004114560299445,-11.471449567212854,-0.07560848536418185,12.284678272956713,10.088179823895267,-0.07560848536418185,0,0,0,0,0,0,0,,,,,,,
300m_roundtrip_10,300m往返10m/s,roundtrip,226,/aqronos_cloud_0,1770273714.3383386,2026-02-05T06:41:54.338339+00:00,1649361089.999889,2022-04-07T19:51:29.999889+00:00,1770273489.0,1770273812.6099384,2026-02-05T06:43:32.609938+00:00,2404,369830.60993841634,True,True,within GNSS interval; piecewise-linear interpolation,26,0.7048273387487073,HIGH,98.27159976959229,LOW,9.665771722793579,LOW,-9.066495921247274,-10.971543319472254,-0.41749040288479855,10.301506669975407,9.821154281931523,-0.41749040288479855,0,0,0,0,0,0,0,,,,,,,
300m_roundtrip_10,300m往返10m/s,roundtrip,227,/aqronos_cloud_0,1770273715.3375652,2026-02-05T06:41:55.337565+00:00,1649361090.9999,2022-04-07T19:51:30.999900+00:00,1770273489.0,1770273813.609165,2026-02-05T06:43:33.609165+00:00,2404,369831.60916498647,True,True,within GNSS interval; piecewise-linear interpolation,26,0.8201857747936645,HIGH,98.27159976959229,LOW,9.665771722793579,LOW,-7.133904898102616,-10.472934198293476,-0.7584852258387269,8.32348088098325,9.554821601728824,-0.7584852258387269,0,0,0,0,0,0,0,,,,,,,
300m_roundtrip_10,300m往返10m/s,roundtrip,228,/aqronos_cloud_0,1770273716.345833,2026-02-05T06:41:56.345833+00:00,1649361091.999911,2022-04-07T19:51:31.999911+00:00,1770273489.0,1770273814.6174328,2026-02-05T06:43:34.617433+00:00,2404,369832.61743286595,True,True,within GNSS interval; piecewise-linear interpolation,26,0.9365880094508338,HIGH,98.27159976959229,LOW,9.665771722793579,LOW,-5.183827196938628,-9.969813508420065,-1.102565474836677,6.327557306235189,9.286079061514902,-1.102565474836677,0,0,0,0,0,0,0,,,,,,,
300m_roundtrip_10,300m往返10m/s,roundtrip,229,/aqronos_cloud_0,1770273717.3374991,2026-02-05T06:41:57.337499+00:00,1649361092.999922,2022-04-07T19:51:32.999922+00:00,1770273489.0,1770273815.609099,2026-02-05T06:43:35.609099+00:00,2404,369833.6090989445,False,False,outside GNSS interval; no extrapolation,-1,,HIGH,98.27159976959229,LOW,9.665771722793579,LOW,,,,,,,,,,,,,,,,,,,,
300m_roundtrip_10,300m往返10m/s,roundtrip,230,/aqronos_cloud_0,1770273718.3299446,2026-02-05T06:41:58.329945+00:00,1649361093.999933,2022-04-07T19:51:33.999933+00:00,1770273489.0,1770273816.6015444,2026-02-05T06:43:36.601544+00:00,2404,369834.6015444134,False,False,outside GNSS interval; no extrapolation,-1,,HIGH,98.27159976959229,LOW,9.665771722793579,LOW,,,,,,,,,,,,,,,,,,,,
300m_roundtrip_10,300m往返10m/s,roundtrip,231,/aqronos_cloud_0,1770273719.3369176,2026-02-05T06:41:59.336918+00:00,1649361094.999944,2022-04-07T19:51:34.999944+00:00,1770273489.0,1770273817.6085174,2026-02-05T06:43:37.608517+00:00,2404,369835.6085174416,False,False,outside GNSS interval; no extrapolation,-1,,HIGH,98.27159976959229,LOW,9.665771722793579,LOW,,,,,,,,,,,,,,,,,,,,
300m_roundtrip_10,300m往返10m/s,roundtrip,232,/aqronos_cloud_0,1770273720.3286169,2026-02-05T06:42:00.328617+00:00,1649361095.999967,2022-04-07T19:51:35.999967+00:00,1770273489.0,1770273818.6002166,2026-02-05T06:43:38.600217+00:00,2404,369836.60021666036,False,False,outside GNSS interval; no extrapolation,-1,,HIGH,98.27159976959229,LOW,9.665771722793579,LOW,,,,,,,,,,,,,,,,,,,,
300m_roundtrip_10,300m往返10m/s,roundtrip,233,/aqronos_cloud_0,1770273721.3323426,2026-02-05T06:42:01.332343+00:00,1649361096.999971,2022-04-07T19:51:36.999971+00:00,1770273489.0,1770273819.6039424,2026-02-05T06:43:39.603942+00:00,2404,369837.6039424275,False,False,outside GNSS interval; no extrapolation,-1,,HIGH,98.27159976959229,LOW,9.665771722793579,LOW,,,,,,,,,,,,,,,,,,,,
300m_roundtrip_10,300m往返10m/s,roundtrip,234,/aqronos_cloud_0,1770273722.3289554,2026-02-05T06:42:02.328955+00:00,1649361097.999978,2022-04-07T19:51:37.999978+00:00,1770273489.0,1770273820.6005552,2026-02-05T06:43:40.600555+00:00,2404,369838.60055521474,False,False,outside GNSS interval; no extrapolation,-1,,HIGH,98.27159976959229,LOW,9.665771722793579,LOW,,,,,,,,,,,,,,,,,,,,
300m_roundtrip_13,300m往返13m/s,roundtrip,0,/aqronos_cloud_0,1770274155.3389156,2026-02-05T06:49:15.338916+00:00,1649361530.999944,2022-04-07T19:58:50.999944+00:00,1770274154.0,1770274254.929201,2026-02-05T06:50:54.929201+00:00,2404,370272.929200785,False,False,outside GNSS interval; no extrapolation,-1,,HIGH,99.5902853012085,LOW,7.437338471412659,LOW,,,,,,,,,,,,,,,,,,,,
300m_roundtrip_13,300m往返13m/s,roundtrip,1,/aqronos_cloud_0,1770274156.329261,2026-02-05T06:49:16.329261+00:00,1649361531.999968,2022-04-07T19:58:51.999968+00:00,1770274154.0,1770274255.9195464,2026-02-05T06:50:55.919546+00:00,2404,370273.91954626306,False,False,outside GNSS interval; no extrapolation,-1,,HIGH,99.5902853012085,LOW,7.437338471412659,LOW,,,,,,,,,,,,,,,,,,,,
300m_roundtrip_13,300m往返13m/s,roundtrip,2,/aqronos_cloud_0,1770274157.3415143,2026-02-05T06:49:17.341514+00:00,1649361532.99996,2022-04-07T19:58:52.999960+00:00,1770274154.0,1770274256.9317997,2026-02-05T06:50:56.931800+00:00,2404,370274.9317995475,True,True,within GNSS interval; piecewise-linear interpolation,0,0.050166118102390245,HIGH,99.5902853012085,LOW,7.437338471412659,LOW,-4.494590737373709,-2.4184821698913024,0.7901999768981283,4.749277151480231,1.8694299775588032,0.7901999768981283,0,0,0,0,0,0,0,,,,,,,
300m_roundtrip_13,300m往返13m/s,roundtrip,3,/aqronos_cloud_0,1770274158.3344207,2026-02-05T06:49:18.334421+00:00,1649361533.999971,2022-04-07T19:58:53.999971+00:00,1770274154.0,1770274257.924706,2026-02-05T06:50:57.924706+00:00,2404,370275.92470587953,True,True,within GNSS interval; piecewise-linear interpolation,0,0.11693772931266214,HIGH,99.5902853012085,LOW,7.437338471412659,LOW,-11.357628924473435,-3.1565473289495145,1.3295256578054762,11.65142950947226,1.7898927933630333,1.3295256578054762,5,4,0,0,0,0,3-5,19.0,12.0,20.0,-1.5199999809265137,-1.899999976158142,-1.4900000095367432,12.290000915527344
300m_roundtrip_13,300m往返13m/s,roundtrip,4,/aqronos_cloud_0,1770274159.3340788,2026-02-05T06:49:19.334079+00:00,1649361534.999982,2022-04-07T19:58:54.999982+00:00,1770274154.0,1770274258.924364,2026-02-05T06:50:58.924364+00:00,2404,370276.9243639873,True,True,within GNSS interval; piecewise-linear interpolation,0,0.18416338833213694,HIGH,99.5902853012085,LOW,7.437338471412659,LOW,-18.267335858917228,-3.8996313405177254,1.8725187602326026,18.600516591670086,1.709814755298685,1.8725187602326026,7,7,0,0,0,0,6-10,30.0,23.0,32.0,-2.1600000858306885,-2.309999942779541,-0.699999988079071,17.729999542236328
300m_roundtrip_13,300m往返13m/s,roundtrip,5,/aqronos_cloud_0,1770274160.1578813,2026-02-05T06:49:20.157881+00:00,1649361535.800004,2022-04-07T19:58:55.800004+00:00,1770274154.0,1770274259.7481666,2026-02-05T06:50:59.748167+00:00,2404,370277.74816645845,True,True,within GNSS interval; piecewise-linear interpolation,0,0.23956299305288734,HIGH,99.5902853012085,LOW,7.437338471412659,LOW,-23.961516302630265,-4.511995147963075,2.319990807056901,24.327149593695513,1.6438237078283597,2.319990807056901,7,7,0,0,0,0,6-10,30.0,26.0,32.5,0.14000000059604645,0.14000000059604645,0.1599999964237213,25.860002517700195
300m_roundtrip_13,300m往返13m/s,roundtrip,6,/aqronos_cloud_0,1770274161.149194,2026-02-05T06:49:21.149194+00:00,1649361536.799842,2022-04-07T19:58:56.799842+00:00,1770274154.0,1770274260.7394793,2026-02-05T06:51:00.739479+00:00,2404,370278.7394792007,True,True,within GNSS interval; piecewise-linear interpolation,0,0.30622743750032466,HIGH,99.5902853012085,LOW,7.437338471412659,LOW,-30.81353948541318,-5.248875730935379,2.8584508837607743,31.21822417010657,1.5644141788201873,2.8584508837607743,1,1,0,0,0,0,1,26.0,26.0,26.0,0.019999999552965164,0.019999999552965164,0.019999999552965164,30.439998626708984
300m_roundtrip_13,300m往返13m/s,roundtrip,7,/aqronos_cloud_0,1770274161.4232445,2026-02-05T06:49:21.423244+00:00,1649361536.999844,2022-04-07T19:58:56.999844+00:00,1770274154.0,1770274261.0135298,2026-02-05T06:51:01.013530+00:00,2404,370279.01352967485,True,True,within GNSS interval; piecewise-linear interpolation,0,0.3246569621422989,HIGH,99.5902853012085,LOW,7.437338471412659,LOW,-32.707795578615055,-5.452587904263217,3.0073092944861157,33.12327610248686,1.5424612489818892,3.0073092944861157,1,1,0,0,0,0,1,26.0,26.0,26.0,0.019999999552965164,0.019999999552965164,0.019999999552965164,30.439998626708984
300m_roundtrip_13,300m往返13m/s,roundtrip,8,/aqronos_cloud_0,1770274162.3455896,2026-02-05T06:49:22.345590+00:00,1649361537.999855,2022-04-07T19:58:57.999855+00:00,1770274154.0,1770274261.935875,2026-02-05T06:51:01.935875+00:00,2404,370279.9358748363,True,True,within GNSS interval; piecewise-linear interpolation,0,0.3866834298315199,HIGH,99.5902853012085,LOW,7.437338471412659,LOW,-39.08311000709997,-6.138202253102254,3.508307642652687,39.534925042196946,1.468576397378194,3.508307642652687,0,0,0,0,0,0,0,,,,,,,
300m_roundtrip_13,300m往返13m/s,roundtrip,9,/aqronos_cloud_0,1770274163.3474364,2026-02-05T06:49:23.347436+00:00,1649361538.999866,2022-04-07T19:58:58.999866+00:00,1770274154.0,1770274262.9377217,2026-02-05T06:51:02.937722+00:00,2404,370280.9377216266,True,True,within GNSS interval; piecewise-linear interpolation,0,0.4540562747999506,HIGH,99.5902853012085,LOW,7.437338471412659,LOW,-46.00794526883704,-6.882913195919514,4.0524895910684275,46.499226671808486,1.3883230339664285,4.0524895910684275,0,0,0,0,0,0,0,,,,,,,
300m_roundtrip_13,300m往返13m/s,roundtrip,10,/aqronos_cloud_0,1770274164.329639,2026-02-05T06:49:24.329639+00:00,1649361539.999878,2022-04-07T19:58:59.999878+00:00,1770274154.0,1770274263.9199243,2026-02-05T06:51:03.919924+00:00,2404,370281.9199241565,True,True,within GNSS interval; piecewise-linear interpolation,0,0.5201080697598547,HIGH,99.5902853012085,LOW,7.437338471412659,LOW,-52.796998025236114,-7.613021810486875,4.586001193472634,53.32697193762851,1.30964328239292,4.586001193472634,0,0,0,0,0,0,0,,,,,,,
300m_roundtrip_13,300m往返13m/s,roundtrip,11,/aqronos_cloud_0,1770274165.3310223,2026-02-05T06:49:25.331022+00:00,1649361540.999889,2022-04-07T19:59:00.999889+00:00,1770274154.0,1770274264.9213076,2026-02-05T06:51:04.921308+00:00,2404,370282.9213074611,True,True,within GNSS interval; piecewise-linear interpolation,0,0.5874497459390948,HIGH,99.5902853012085,LOW,7.437338471412659,LOW,-59.71862964119344,-8.357388226686687,5.129931386267256,60.28805166308186,1.2294270467017814,5.129931386267256,0,0,0,0,0,0,0,,,,,,,
300m_roundtrip_13,300m往返13m/s,roundtrip,12,/aqronos_cloud_0,1770274166.3336043,2026-02-05T06:49:26.333604+00:00,1649361541.9999,2022-04-07T19:59:01.999900+00:00,1770274154.0,1770274265.9238896,2026-02-05T06:51:05.923890+00:00,2404,370283.9238895343,True,True,within GNSS interval; piecewise-linear interpolation,0,0.6548720376903774,HIGH,99.5902853012085,LOW,7.437338471412659,LOW,-66.64854722987741,-9.102645733335326,5.674512724773289,67.25746458509252,1.1491147831406208,5.674512724773289,1,0,0,0,0,0,1,6.0,6.0,6.0,23.969999313354492,23.969999313354492,23.969999313354492,70.36000061035156
300m_roundtrip_13,300m往返13m/s,roundtrip,13,/aqronos_cloud_0,1770274167.3262148,2026-02-05T06:49:27.326215+00:00,1649361542.999911,2022-04-07T19:59:02.999911+00:00,1770274154.0,1770274266.9165,2026-02-05T06:51:06.916500+00:00,2404,370284.9164999889,True,True,within GNSS interval; piecewise-linear interpolation,0,0.721623751540883,HIGH,99.5902853012085,LOW,7.437338471412659,LOW,-73.50954029125045,-9.840490955391353,6.21367769131551,74.15756016167492,1.0696013003344103,6.21367769131551,0,0,0,0,0,0,0,,,,,,,
300m_roundtrip_13,300m往返13m/s,roundtrip,14,/aqronos_cloud_0,1770274168.3352473,2026-02-05T06:49:28.335247+00:00,1649361543.999922,2022-04-07T19:59:03.999922+00:00,1770274154.0,1770274267.9255326,2026-02-05T06:51:07.925533+00:00,2404,370285.92553247674,True,True,within GNSS interval; piecewise-linear interpolation,0,0.7894798249750634,HIGH,99.5902853012085,LOW,7.437338471412659,LOW,-80.48404359833528,-10.5905433013584,6.761762758386027,81.17181290724531,0.9887723235625288,6.761762758386027,0,0,0,0,0,0,0,,,,,,,
300m_roundtrip_13,300m往返13m/s,roundtrip,15,/aqronos_cloud_0,1770274169.3183992,2026-02-05T06:49:29.318399+00:00,1649361544.999934,2022-04-07T19:59:04.999934+00:00,1770274154.0,1770274268.9086845,2026-02-05T06:51:08.908684+00:00,2404,370286.90868438943,True,True,within GNSS interval; piecewise-linear interpolation,0,0.8555954646461595,HIGH,99.5902853012085,LOW,7.437338471412659,LOW,-87.27965855509184,-11.321357628369519,7.295790045400981,88.00615777304371,0.910016521277317,7.295790045400981,0,0,0,0,0,0,0,,,,,,,
300m_roundtrip_13,300m往返13m/s,roundtrip,16,/aqronos_cloud_0,1770274170.3350315,2026-02-05T06:49:30.335032+00:00,1649361545.999945,2022-04-07T19:59:05.999945+00:00,1770274154.0,1770274269.9253168,2026-02-05T06:51:09.925317+00:00,2404,370287.92531670793,True,True,within GNSS interval; piecewise-linear interpolation,0,0.9239626164364313,HIGH,99.5902853012085,LOW,7.437338471412659,LOW,-94.30669242435539,-12.077059218399166,7.848003179435884,95.07324046560318,0.8285787568393914,7.848003179435884,0,0,0,0,0,0,0,,,,,,,
300m_roundtrip_13,300m往返13m/s,roundtrip,17,/aqronos_cloud_0,1770274171.3294404,2026-02-05T06:49:31.329440+00:00,1649361546.999955,2022-04-07T19:59:06.999955+00:00,1770274154.0,1770274270.9197257,2026-02-05T06:51:10.919726+00:00,2404,370288.91972555383,True,True,within GNSS interval; piecewise-linear interpolation,0,0.9908352696783285,HIGH,99.5902853012085,LOW,7.437338471412659,LOW,-101.18011609278435,-12.816241253354056,8.38814499404914,101.98583749437967,0.7489212131295204,8.38814499404914,0,0,0,0,0,0,0,,,,,,,
300m_roundtrip_13,300m往返13m/s,roundtrip,18,/aqronos_cloud_0,1770274172.3396976,2026-02-05T06:49:32.339698+00:00,1649361547.999967,2022-04-07T19:59:07.999967+00:00,1770274154.0,1770274271.929983,2026-02-05T06:51:11.929983+00:00,2404,370289.92998279794,True,True,within GNSS interval; piecewise-linear interpolation,1,0.07216339366528843,HIGH,99.5902853012085,LOW,7.437338471412659,LOW,-106.98879793088757,-13.606437393024825,8.991960409887405,107.84721774915077,0.8459580331528258,8.991960409887405,0,0,0,0,0,0,0,,,,,,,
300m_roundtrip_13,300m往返13m/s,roundtrip,19,/aqronos_cloud_0,1770274173.3379533,2026-02-05T06:49:33.337953+00:00,1649361548.999978,2022-04-07T19:59:08.999978+00:00,1770274154.0,1770274272.9282386,2026-02-05T06:51:12.928239+00:00,2404,370290.9282385276,True,True,within GNSS interval; piecewise-linear interpolation,1,0.1545884509230117,HIGH,99.5902853012085,LOW,7.437338471412659,LOW,-112.54754036622558,-14.393291352335858,9.597087134912798,113.46002030718286,0.9692627786388801,9.597087134912798,0,0,0,0,0,0,0,,,,,,,
300m_roundtrip_13,300m往返13m/s,roundtrip,20,/aqronos_cloud_0,1770274174.3251252,2026-02-05T06:49:34.325125+00:00,1649361549.999988,2022-04-07T19:59:09.999988+00:00,1770274154.0,1770274273.9154105,2026-02-05T06:51:13.915411+00:00,2404,370291.91541041597,True,True,within GNSS interval; piecewise-linear interpolation,1,0.2360983255991622,HIGH,99.5902853012085,LOW,7.437338471412659,LOW,-118.04456292630327,-15.171408708218742,10.19549501184985,119.01050274915053,1.0911984458488746,10.19549501184985,0,0,0,0,0,0,0,,,,,,,
300m_roundtrip_13,300m往返13m/s,roundtrip,21,/aqronos_cloud_0,1770274175.330319,2026-02-05T06:49:35.330319+00:00,1649361550.999999,2022-04-07T19:59:10.999999+00:00,1770274154.0,1770274274.9206042,2026-02-05T06:51:14.920604+00:00,2404,370292.9206041263,True,True,within GNSS interval; piecewise-linear interpolation,1,0.31909624553674026,HIGH,99.5902853012085,LOW,7.437338471412659,LOW,-123.64193919695876,-15.963731383995155,10.804827430251542,124.66231486594864,1.2153601720794764,10.804827430251542,0,0,0,0,0,0,0,,,,,,,
300m_roundtrip_13,300m往返13m/s,roundtrip,22,/aqronos_cloud_0,1770274176.3217213,2026-02-05T06:49:36.321721+00:00,1649361551.999849,2022-04-07T19:59:11.999849+00:00,1770274154.0,1770274275.9120066,2026-02-05T06:51:15.912007+00:00,2404,370293.9120065139,True,True,within GNSS interval; piecewise-linear interpolation,1,0.4009554286455829,HIGH,99.5902853012085,LOW,7.437338471412659,LOW,-129.16251910321768,-16.745183341423115,11.405799768469317,130.23658375502094,1.3378183913970734,11.405799768469317,0,0,0,0,0,0,0,,,,,,,
300m_roundtrip_13,300m往返13m/s,roundtrip,23,/aqronos_cloud_0,1770274177.3376496,2026-02-05T06:49:37.337650+00:00,1649361552.99986,2022-04-07T19:59:12.999860+00:00,1770274154.0,1770274276.927935,2026-02-05T06:51:16.927935+00:00,2404,370294.92793478235,True,True,within GNSS interval; piecewise-linear interpolation,1,0.48483969117071357,HIGH,99.5902853012085,LOW,7.437338471412659,LOW,-134.81967028113556,-17.5459673055204,12.021639305035078,135.94875210459855,1.4633060523714008,12.021639305035078,0,0,0,0,0,0,0,,,,,,,
300m_roundtrip_13,300m往返13m/s,roundtrip,24,/aqronos_cloud_0,1770274178.3317447,2026-02-05T06:49:38.331745+00:00,1649361553.999871,2022-04-07T19:59:13.999871+00:00,1770274154.0,1770274277.92203,2026-02-05T06:51:17.922030+00:00,2404,370295.9220298694,True,True,within GNSS interval; piecewise-linear interpolation,1,0.5669212079945487,HIGH,99.5902853012085,LOW,7.437338471412659,LOW,-140.35524436389193,-18.32954172630781,12.624243914764602,141.538160992183,1.586096874456313,12.624243914764602,0,0,0,0,0,0,0,,,,,,,
300m_roundtrip_13,300m往返13m/s,roundtrip,25,/aqronos_cloud_0,1770274179.3426194,2026-02-05T06:49:39.342619+00:00,1649361554.999886,2022-04-07T19:59:14.999886+00:00,1770274154.0,1770274278.9329047,2026-02-05T06:51:18.932905+00:00,2404,370296.9329046176,True,True,within GNSS interval; piecewise-linear interpolation,1,0.6503882060055144,HIGH,99.5902853012085,LOW,7.437338471412659,LOW,-145.98425524031873,-19.126342360020203,13.23702008786631,147.22191536899066,1.7109603236140956,13.23702008786631,0,0,0,0,0,0,0,,,,,,,
300m_roundtrip_13,300m往返13m/s,roundtrip,26,/aqronos_cloud_0,1770274180.339286,2026-02-05T06:49:40.339286+00:00,1649361555.9999,2022-04-07T19:59:15.999900+00:00,1770274154.0,1770274279.9295714,2026-02-05T06:51:19.929571+00:00,2404,370297.9295712875,True,True,within GNSS interval; piecewise-linear interpolation,1,0.7326820560549479,HIGH,99.5902853012085,LOW,7.437338471412659,LOW,-151.5341490669835,-19.911943776539424,13.84118355013043,152.8257832634772,1.8340687881151894,13.84118355013043,0,0,0,0,0,0,0,,,,,,,
300m_roundtrip_13,300m往返13m/s,roundtrip,27,/aqronos_cloud_0,1770274181.3320918,2026-02-05T06:49:41.332092+00:00,1649361556.99991,2022-04-07T19:59:16.999910+00:00,1770274154.0,1770274280.922377,2026-02-05T06:51:20.922377+00:00,2404,370298.92237700685,True,True,within GNSS interval; piecewise-linear interpolation,1,0.8146571109759426,HIGH,99.5902853012085,LOW,7.437338471412659,LOW,-157.06254336343756,-20.694501880534915,14.443006565709473,158.4079425395906,1.9567003472493631,14.443006565709473,0,0,0,0,0,0,0,,,,,,,
300m_roundtrip_13,300m往返13m/s,roundtrip,28,/aqronos_cloud_0,1770274182.3333933,2026-02-05T06:49:42.333393+00:00,1649361557.999926,2022-04-07T19:59:17.999926+00:00,1770274154.0,1770274281.9236786,2026-02-05T06:51:21.923679+00:00,2404,370299.9236785339,True,True,within GNSS interval; piecewise-linear interpolation,1,0.8973336569187225,HIGH,99.5902853012085,LOW,7.437338471412659,LOW,-162.63824618524228,-21.48375662516709,15.049979604579615,164.0378704279745,2.0803813102272173,15.049979604579615,0,0,0,0,0,0,0,,,,,,,
300m_roundtrip_13,300m往返13m/s,roundtrip,29,/aqronos_cloud_0,1770274183.3342175,2026-02-05T06:49:43.334218+00:00,1649361558.99994,2022-04-07T19:59:18.999940+00:00,1770274154.0,1770274282.9245028,2026-02-05T06:51:22.924503+00:00,2404,370300.9245027469,True,True,within GNSS interval; piecewise-linear interpolation,1,0.9799707914840085,HIGH,99.5902853012085,LOW,7.437338471412659,LOW,-168.21129110538698,-22.272635137140718,15.65666330330751,169.665114565958,2.204003315285817,15.65666330330751,0,0,0,0,0,0,0,,,,,,,
300m_roundtrip_13,300m往返13m/s,roundtrip,30,/aqronos_cloud_0,1770274184.3100128,2026-02-05T06:49:44.310013+00:00,1649361559.999949,2022-04-07T19:59:19.999949+00:00,1770274154.0,1770274283.900298,2026-02-05T06:51:23.900298+00:00,2404,370301.9002980159,True,True,within GNSS interval; piecewise-linear interpolation,2,0.05642060727351602,HIGH,99.5902853012085,LOW,7.437338471412659,LOW,-173.6285103432958,-23.039078864627033,16.16540040762808,175.1349729199318,2.323794159824203,16.16540040762808,0,0,0,0,0,0,0,,,,,,,
300m_roundtrip_13,300m往返13m/s,roundtrip,31,/aqronos_cloud_0,1770274185.3140202,2026-02-05T06:49:45.314020+00:00,1649361560.999948,2022-04-07T19:59:20.999948+00:00,1770274154.0,1770274284.9043055,2026-02-05T06:51:24.904305+00:00,2404,370302.9043053554,True,True,within GNSS interval; piecewise-linear interpolation,2,0.13367804166363728,HIGH,99.5902853012085,LOW,7.437338471412659,LOW,-179.19675089276325,-23.826760708647825,16.660669594074715,180.7573048113074,2.4467966287200973,16.660669594074715,0,0,0,0,0,0,0,,,,,,,
300m_roundtrip_13,300m往返13m/s,roundtrip,32,/aqronos_cloud_0,1770274186.3403864,2026-02-05T06:49:46.340386+00:00,1649361561.999959,2022-04-07T19:59:21.999959+00:00,1770274154.0,1770274285.9306717,2026-02-05T06:51:25.930672+00:00,2404,370303.9306715892,True,True,within GNSS interval; piecewise-linear interpolation,2,0.21265597225454955,HIGH,99.5902853012085,LOW,7.437338471412659,LOW,-184.88899422314205,-24.63198395345118,17.166968253094147,186.50484407897062,2.572538319829281,17.166968253094147,0,0,0,0,0,0,0,,,,,,,
300m_roundtrip_13,300m往返13m/s,roundtrip,33,/aqronos_cloud_0,1770274187.3315651,2026-02-05T06:49:47.331565+00:00,1649361562.99997,2022-04-07T19:59:22.999970+00:00,1770274154.0,1770274286.9218504,2026-02-05T06:51:26.921850+00:00,2404,370304.9218503402,True,True,within GNSS interval; piecewise-linear interpolation,2,0.2889262586485526,HIGH,99.5902853012085,LOW,7.437338471412659,LOW,-190.38608721841356,-25.409601283162868,17.65590919438484,192.05533727024059,2.693969138803755,17.65590919438484,0,0,0,0,0,0,0,,,,,,,
300m_roundtrip_13,300m往返13m/s,roundtrip,34,/aqronos_cloud_0,1770274188.3266141,2026-02-05T06:49:48.326614+00:00,1649361563.999981,2022-04-07T19:59:23.999981+00:00,1770274154.0,1770274287.9168994,2026-02-05T06:51:27.916899+00:00,2404,370305.91689934,True,True,within GNSS interval; piecewise-linear interpolation,2,0.36549435710085637,HIGH,99.5902853012085,LOW,7.437338471412659,LOW,-195.90464467457795,-26.190254969868622,18.146759299977884,197.62750343377837,2.815874107854885,18.146759299977884,0,0,0,0,0,0,0,,,,,,,
300m_roundtrip_13,300m往返13m/s,roundtrip,35,/aqronos_cloud_0,1770274189.3266184,2026-02-05T06:49:49.326618+00:00,1649361564.999992,2022-04-07T19:59:24.999992+00:00,1770274154.0,1770274288.9169037,2026-02-05T06:51:28.916904+00:00,2404,370306.9169036315,True,True,within GNSS interval; piecewise-linear interpolation,2,0.4424437606612561,HIGH,99.5902853012085,LOW,7.437338471412659,LOW,-201.45068425697886,-26.974796270925673,18.640053813311944,203.2274186920993,2.9383861572481003,18.640053813311944,0,0,0,0,0,0,0,,,,,,,
300m_roundtrip_13,300m往返13m/s,roundtrip,36,/aqronos_cloud_0,1770274190.3297222,2026-02-05T06:49:50.329722+00:00,1649361565.999843,2022-04-07T19:59:25.999843+00:00,1770274154.0,1770274289.9200075,2026-02-05T06:51:29.920007+00:00,2404,370307.9200073646,True,True,within GNSS interval; piecewise-linear interpolation,2,0.5196316633751031,HIGH,99.5902853012085,LOW,7.437338471412659,LOW,-207.01391339100962,-27.761769201436483,19.13487725758487,208.84469048584077,3.061277923945351,19.13487725758487,0,0,0,0,0,0,0,,,,,,,
300m_roundtrip_13,300m往返13m/s,roundtrip,37,/aqronos_cloud_0,1770274191.337877,2026-02-05T06:49:51.337877+00:00,1649361566.999854,2022-04-07T19:59:26.999854+00:00,1770274154.0,1770274290.9281623,2026-02-05T06:51:30.928162+00:00,2404,370308.9281622337,True,True,within GNSS interval; piecewise-linear interpolation,2,0.5972082463247143,HIGH,99.5902853012085,LOW,7.437338471412659,LOW,-212.60515620510424,-28.552704939763238,19.632192388847844,214.49024809184527,3.1847885130120943,19.632192388847844,0,0,0,0,0,0,0,,,,,,,
300m_roundtrip_13,300m往返13m/s,roundtrip,38,/aqronos_cloud_0,1770274192.3252213,2026-02-05T06:49:52.325221+00:00,1649361567.999865,2022-04-07T19:59:27.999865+00:00,1770274154.0,1770274291.9155066,2026-02-05T06:51:31.915507+00:00,2404,370309.91550649866,True,True,within GNSS interval; piecewise-linear interpolation,2,0.6731834725737257,HIGH,99.5902853012085,LOW,7.437338471412659,LOW,-218.08098308046323,-29.32731396974379,20.119241807347024,220.0192685785638,3.3057495632634257,20.119241807347024,0,0,0,0,0,0,0,,,,,,,
300m_roundtrip_13,300m往返13m/s,roundtrip,39,/aqronos_cloud_0,1770274193.331358,2026-02-05T06:49:53.331358+00:00,1649361568.999876,2022-04-07T19:59:28.999876+00:00,1770274154.0,1770274292.9216433,2026-02-05T06:51:32.921643+00:00,2404,370310.92164315446,True,True,within GNSS interval; piecewise-linear interpolation,2,0.7506047558822652,HIGH,99.5902853012085,LOW,7.437338471412659,LOW,-223.6610328519004,-30.116666343199313,20.615561369348658,225.65352440977335,3.429012897947196,20.615561369348658,0,0,0,0,0,0,0,,,,,,,
300m_roundtrip_13,300m往返13m/s,roundtrip,40,/aqronos_cloud_0,1770274194.326863,2026-02-05T06:49:54.326863+00:00,1649361569.999887,2022-04-07T19:59:29.999887+00:00,1770274154.0,1770274293.9171484,2026-02-05T06:51:33.917148+00:00,2404,370311.917148249,True,True,within GNSS interval; piecewise-linear interpolation,2,0.8272079504023031,HIGH,99.5902853012085,LOW,7.437338471412659,LOW,-229.18211981670078,-30.897677853531608,21.106636463009856,231.22824465425415,3.5509737438600624,21.106636463009856,0,0,0,0,0,0,0,,,,,,,
300m_roundtrip_13,300m往返13m/s,roundtrip,41,/aqronos_cloud_0,1770274195.3256733,2026-02-05T06:49:55.325673+00:00,1649361570.999898,2022-04-07T19:59:30.999898+00:00,1770274154.0,1770274294.9159586,2026-02-05T06:51:34.915959+00:00,2404,370312.9159585403,True,True,within GNSS interval; piecewise-linear interpolation,2,0.9040654767503595,HIGH,99.5902853012085,LOW,7.437338471412659,LOW,-234.7215374549046,-31.681282416103706,21.59934198510224,236.82147364108388,3.6733395144641534,21.59934198510224,0,0,0,0,0,0,0,,,,,,,
300m_roundtrip_13,300m往返13m/s,roundtrip,42,/aqronos_cloud_0,1770274196.3230577,2026-02-05T06:49:56.323058+00:00,1649361571.999909,2022-04-07T19:59:31.999909+00:00,1770274154.0,1770274295.913343,2026-02-05T06:51:35.913343+00:00,2404,370313.91334285005,True,True,within GNSS interval; piecewise-linear interpolation,2,0.9808132751417414,HIGH,99.5902853012085,LOW,7.437338471412659,LOW,-240.25304657708546,-32.46376824207866,22.091344081352677,242.40671728650196,3.7955305858993604,22.091344081352677,0,0,0,0,0,0,0,,,,,,,
300m_roundtrip_13,300m往返13m/s,roundtrip,43,/aqronos_cloud_0,1770274197.3270328,2026-02-05T06:49:57.327033+00:00,1649361572.999922,2022-04-07T19:59:32.999922+00:00,1770274154.0,1770274296.917318,2026-02-05T06:51:36.917318+00:00,2404,370314.917318003,True,True,within GNSS interval; piecewise-linear interpolation,3,0.06578530070496127,HIGH,99.5902853012085,LOW,7.437338471412659,LOW,-245.4932313248807,-33.18384184074878,22.54849732679222,247.69529681957158,3.8902338114239114,22.54849732679222,0,0,0,0,0,0,0,,,,,,,
300m_roundtrip_13,300m往返13m/s,roundtrip,44,/aqronos_cloud_0,1770274198.3331833,2026-02-05T06:49:58.333183+00:00,1649361573.999933,2022-04-07T19:59:33.999933+00:00,1770274154.0,1770274297.9234686,2026-02-05T06:51:37.923469+00:00,2404,370315.9234684871,True,True,within GNSS interval; piecewise-linear interpolation,3,0.1534968110666331,HIGH,99.5902853012085,LOW,7.437338471412659,LOW,-250.636199145866,-33.883096689277615,22.994024913310454,252.88487854108897,3.9757727298997274,22.994024913310454,0,0,0,0,0,0,0,,,,,,,
300m_roundtrip_13,300m往返13m/s,roundtrip,45,/aqronos_cloud_0,1770274199.3403115,2026-02-05T06:49:59.340312+00:00,1649361574.999944,2022-04-07T19:59:34.999944+00:00,1770274154.0,1770274298.9305968,2026-02-05T06:51:38.930597+00:00,2404,370316.9305967258,True,True,within GNSS interval; piecewise-linear interpolation,3,0.24129355751720263,HIGH,99.5902853012085,LOW,7.437338471412659,LOW,-255.78416478823843,-34.58303105806766,23.43998545359741,258.07950338234207,4.061394773188127,23.43998545359741,0,0,0,0,0,0,0,,,,,,,
300m_roundtrip_13,300m往返13m/s,roundtrip,46,/aqronos_cloud_0,1770274200.3414934,2026-02-05T06:50:00.341493+00:00,1649361575.999972,2022-04-07T19:59:35.999972+00:00,1770274154.0,1770274299.9317787,2026-02-05T06:51:39.931779+00:00,2404,370317.9317785667,True,True,within GNSS interval; piecewise-linear interpolation,3,0.3285719247204673,HIGH,99.5902853012085,LOW,7.437338471412659,LOW,-260.9017352432864,-35.27883279705165,23.883312904407273,263.2434575458753,4.14651127735182,23.883312904407273,0,0,0,0,0,0,0,,,,,,,
300m_roundtrip_13,300m往返13m/s,roundtrip,47,/aqronos_cloud_0,1770274201.3329298,2026-02-05T06:50:01.332930+00:00,1649361576.999966,2022-04-07T19:59:36.999966+00:00,1770274154.0,1770274300.9232152,2026-02-05T06:51:40.923215+00:00,2404,370318.92321504815,True,True,within GNSS interval; piecewise-linear interpolation,3,0.41500073690454325,HIGH,99.5902853012085,LOW,7.437338471412659,LOW,-265.96949200674675,-35.9678617024154,24.322325069848628,268.35714652550246,4.230799269758872,24.322325069848628,0,0,0,0,0,0,0,,,,,,,
300m_roundtrip_13,300m往返13m/s,roundtrip,48,/aqronos_cloud_0,1770274202.3346264,2026-02-05T06:50:02.334626+00:00,1649361577.999976,2022-04-07T19:59:37.999976+00:00,1770274154.0,1770274301.9249117,2026-02-05T06:51:41.924912+00:00,2404,370319.92491163476,True,True,within GNSS interval; piecewise-linear interpolation,3,0.5023239772401976,HIGH,99.5902853012085,LOW,7.437338471412659,LOW,-271.08969359965744,-36.66402117957153,24.765880452184135,273.52375567452935,4.315959535558839,24.765880452184135,0,0,0,0,0,0,0,,,,,,,
300m_roundtrip_13,300m往返13m/s,roundtrip,49,/aqronos_cloud_0,1770274203.3312886,2026-02-05T06:50:03.331289+00:00,1649361578.999987,2022-04-07T19:59:38.999987+00:00,1770274154.0,1770274302.9215739,2026-02-05T06:51:42.921574+00:00,2404,370320.92157377466,True,True,within GNSS interval; piecewise-linear interpolation,3,0.5892083379725446,HIGH,99.5902853012085,LOW,7.437338471412659,LOW,-276.184161469961,-37.356681815021844,25.207206560737585,278.6643978602936,4.400691792692058,25.207206560737585,0,0,0,0,0,0,0,,,,,,,
300m_roundtrip_13,300m往返13m/s,roundtrip,50,/aqronos_cloud_0,1770274204.3454876,2026-02-05T06:50:04.345488+00:00,1649361579.999997,2022-04-07T19:59:39.999997+00:00,1770274154.0,1770274303.935773,2026-02-05T06:51:43.935773+00:00,2404,370321.93577279313,True,True,within GNSS interval; piecewise-linear interpolation,3,0.6776214820550182,HIGH,99.5902853012085,LOW,7.437338471412659,LOW,-281.36826961145067,-38.06153023706389,25.65629807149974,283.8954927825033,4.486914965599212,25.65629807149974,0,0,0,0,0,0,0,,,,,,,
300m_roundtrip_13,300m往返13m/s,roundtrip,51,/aqronos_cloud_0,1770274205.3339918,2026-02-05T06:50:05.333992+00:00,1649361580.99985,2022-04-07T19:59:40.999850+00:00,1770274154.0,1770274304.924277,2026-02-05T06:51:44.924277+00:00,2404,370322.9242769645,True,True,within GNSS interval; piecewise-linear interpolation,3,0.7637946691092837,HIGH,99.5902853012085,LOW,7.437338471412659,LOW,-286.4210377854838,-38.74852124442898,26.09401179792587,288.9940573218404,4.570953664646154,26.09401179792587,0,0,0,0,0,0,0,,,,,,,
300m_roundtrip_13,300m往返13m/s,roundtrip,52,/aqronos_cloud_0,1770274206.3358455,2026-02-05T06:50:06.335845+00:00,1649361581.99986,2022-04-07T19:59:41.999860+00:00,1770274154.0,1770274305.9261308,2026-02-05T06:51:45.926131+00:00,2404,370323.92613066896,True,True,within GNSS interval; piecewise-linear interpolation,3,0.8511316062463483,HIGH,99.5902853012085,LOW,7.437338471412659,LOW,-291.5420424908778,-39.44478991540421,26.537636752690926,294.1614768624561,4.656127287981221,26.537636752690926,0,0,0,0,0,0,0,,,,,,,
300m_roundtrip_13,300m往返13m/s,roundtrip,53,/aqronos_cloud_0,1770274207.3324463,2026-02-05T06:50:07.332446+00:00,1649361582.999871,2022-04-07T19:59:42.999871+00:00,1770274154.0,1770274306.9227316,2026-02-05T06:51:46.922732+00:00,2404,370324.9227315353,True,True,within GNSS interval; piecewise-linear interpolation,3,0.9380106254339875,HIGH,99.5902853012085,LOW,7.437338471412659,LOW,-296.6361971594997,-40.137407966922034,26.97893572905258,299.301803007798,4.740854335878453,26.97893572905258,0,0,0,0,0,0,0,,,,,,,
300m_roundtrip_13,300m往返13m/s,roundtrip,54,/aqronos_cloud_0,1770274208.3226068,2026-02-05T06:50:08.322607+00:00,1649361583.999881,2022-04-07T19:59:43.999881+00:00,1770274154.0,1770274307.912892,2026-02-05T06:51:47.912892+00:00,2404,370325.9128920005,True,True,within GNSS interval; piecewise-linear interpolation,4,0.024968682836082366,HIGH,99.5902853012085,LOW,7.437338471412659,LOW,-301.6116311412356,-40.812516995924035,27.326872101849883,304.32217056497916,4.822249043662104,27.326872101849883,0,0,0,0,0,0,0,,,,,,,
300m_roundtrip_13,300m往返13m/s,roundtrip,55,/aqronos_cloud_0,1770274209.3265238,2026-02-05T06:50:09.326524+00:00,1649361584.999892,2022-04-07T19:59:44.999892+00:00,1770274154.0,1770274308.916809,2026-02-05T06:51:48.916809+00:00,2404,370326.91680897935,True,True,within GNSS interval; piecewise-linear interpolation,4,0.11478951932779634,HIGH,99.5902853012085,LOW,7.437338471412659,LOW,-306.43452918685637,-41.4633352203114,27.44581269727083,309.188199247289,4.897580196481336,27.44581269727083,0,0,0,0,0,0,0,,,,,,,
300m_roundtrip_13,300m往返13m/s,roundtrip,56,/aqronos_cloud_0,1770274210.333072,2026-02-05T06:50:10.333072+00:00,1649361585.999903,2022-04-07T19:59:45.999903+00:00,1770274154.0,1770274309.9233572,2026-02-05T06:51:49.923357+00:00,2404,370327.9233571456,True,True,within GNSS interval; piecewise-linear interpolation,4,0.20484576916714423,HIGH,99.5902853012085,LOW,7.437338471412659,LOW,-311.27006766891213,-42.11585918807512,27.565065026637164,314.06698140804025,4.973108786326982,27.565065026637164,0,0,0,0,0,0,0,,,,,,,
300m_roundtrip_13,300m往返13m/s,roundtrip,57,/aqronos_cloud_0,1770274211.3282092,2026-02-05T06:50:11.328209+00:00,1649361586.999914,2022-04-07T19:59:46.999914+00:00,1770274154.0,1770274310.9184945,2026-02-05T06:51:50.918494+00:00,2404,370328.9184943603,True,True,within GNSS interval; piecewise-linear interpolation,4,0.293881076796352,HIGH,99.5902853012085,LOW,7.437338471412659,LOW,-316.0507870201037,-42.760985676341235,27.682965426104968,318.89045419658385,5.04778112993116,27.682965426104968,0,0,0,0,0,0,0,,,,,,,
300m_roundtrip_13,300m往返13m/s,roundtrip,58,/aqronos_cloud_0,1770274212.3234346,2026-02-05T06:50:12.323435+00:00,1649361587.999926,2022-04-07T19:59:47.999926+00:00,1770274154.0,1770274311.91372,2026-02-05T06:51:51.913720+00:00,2404,370329.9137197898,True,True,within GNSS interval; piecewise-linear interpolation,4,0.38292427704413756,HIGH,99.5902853012085,LOW,7.437338471412659,LOW,-320.8319301626581,-43.406169352451606,27.80087627696456,323.714354566409,5.122460092935455,27.80087627696456,0,0,0,0,0,0,0,,,,,,,
300m_roundtrip_13,300m往返13m/s,roundtrip,59,/aqronos_cloud_0,1770274213.339115,2026-02-05T06:50:13.339115+00:00,1649361588.999937,2022-04-07T19:59:48.999937+00:00,1770274154.0,1770274312.9294002,2026-02-05T06:51:52.929400+00:00,2404,370330.92940010293,True,True,within GNSS interval; piecewise-linear interpolation,4,0.4737975835574997,HIGH,99.5902853012085,LOW,7.437338471412659,LOW,-325.7113402138306,-44.06461349859014,27.92121055135719,328.63740063480253,5.198673933816117,27.92121055135719,0,0,0,0,0,0,0,,,,,,,
300m_roundtrip_13,300m往返13m/s,roundtrip,60,/aqronos_cloud_0,1770274214.3373208,2026-02-05T06:50:14.337321+00:00,1649361589.999948,2022-04-07T19:59:49.999948+00:00,1770274154.0,1770274313.927606,2026-02-05T06:51:53.927606+00:00,2404,370331.9276060031,True,True,within GNSS interval; piecewise-linear interpolation,4,0.5631074476562069,HIGH,99.5902853012085,LOW,7.437338471412659,LOW,-330.5068017775408,-44.711729351027785,28.03947451802426,333.475747473819,5.273576543093263,28.03947451802426,0,0,0,0,0,0,0,,,,,,,
300m_roundtrip_13,300m往返13m/s,roundtrip,61,/aqronos_cloud_0,1770274215.3425233,2026-02-05T06:50:15.342523+00:00,1649361590.999958,2022-04-07T19:59:50.999958+00:00,1770274154.0,1770274314.9328086,2026-02-05T06:51:54.932809+00:00,2404,370332.93280853494,True,True,within GNSS interval; piecewise-linear interpolation,4,0.6530433030651411,HIGH,99.5902853012085,LOW,7.437338471412659,LOW,-335.33587572323927,-45.36338097232394,28.15856742129529,338.3480072865888,5.349004160251603,28.15856742129529,0,0,0,0,0,0,0,,,,,,,
300m_roundtrip_13,300m往返13m/s,roundtrip,62,/aqronos_cloud_0,1770274216.327189,2026-02-05T06:50:16.327189+00:00,1649361591.999969,2022-04-07T19:59:51.999969+00:00,1770274154.0,1770274315.9174743,2026-02-05T06:51:55.917474+00:00,2404,370333.9174741672,True,True,within GNSS interval; piecewise-linear interpolation,4,0.7411417142063614,HIGH,99.5902853012085,LOW,7.437338471412659,LOW,-340.0662887488904,-46.00171895435294,28.27522718406362,343.12072386576085,5.4228907452804975,28.27522718406362,0,0,0,0,0,0,0,,,,,,,
300m_roundtrip_13,300m往返13m/s,roundtrip,63,/aqronos_cloud_0,1770274217.3353348,2026-02-05T06:50:17.335335+00:00,1649361592.99998,2022-04-07T19:59:52.999980+00:00,1770274154.0,1770274316.92562,2026-02-05T06:51:56.925620+00:00,2404,370334.92561997636,True,True,within GNSS interval; piecewise-linear interpolation,4,0.8313409057675737,HIGH,99.5902853012085,LOW,7.437338471412659,LOW,-344.90950243614293,-46.655278640344726,28.394668796609373,348.00724987020874,5.4985392178294745,28.394668796609373,0,0,0,0,0,0,0,,,,,,,
300m_roundtrip_13,300m往返13m/s,roundtrip,64,/aqronos_cloud_0,1770274218.3256845,2026-02-05T06:50:18.325685+00:00,1649361593.999991,2022-04-07T19:59:53.999991+00:00,1770274154.0,1770274317.9159698,2026-02-05T06:51:57.915970+00:00,2404,370335.91596974595,True,True,within GNSS interval; piecewise-linear interpolation,4,0.9199478788534243,HIGH,99.5902853012085,LOW,7.437338471412659,LOW,-349.66722251553165,-47.29730152884669,28.512001996220036,352.80751770703944,5.572852324799882,28.512001996220036,0,0,0,0,0,0,0,,,,,,,
300m_roundtrip_13,300m往返13m/s,roundtrip,65,/aqronos_cloud_0,1770274219.3385727,2026-02-05T06:50:19.338573+00:00,1649361594.999842,2022-04-07T19:59:54.999842+00:00,1770274154.0,1770274318.928858,2026-02-05T06:51:58.928858+00:00,2404,370336.9288579391,True,True,within GNSS interval; piecewise-linear interpolation,5,0.010944855730304839,HIGH,99.5902853012085,LOW,7.437338471412659,LOW,-354.5164004852425,-47.96218630122853,28.619100794484638,357.70130666722304,5.659040233812249,28.619100794484638,0,0,0,0,0,0,0,,,,,,,
300m_roundtrip_13,300m往返13m/s,roundtrip,66,/aqronos_cloud_0,1770274220.3307312,2026-02-05T06:50:20.330731+00:00,1649361595.999856,2022-04-07T19:59:55.999856+00:00,1770274154.0,1770274319.9210165,2026-02-05T06:51:59.921016+00:00,2404,370337.921016352,True,True,within GNSS interval; piecewise-linear interpolation,5,0.10284981491749794,HIGH,99.5902853012085,LOW,7.437338471412659,LOW,-359.141582841262,-48.67466357096023,28.62828653039438,362.37830870618444,5.8190015224681275,28.62828653039438,0,0,0,0,0,0,0,,,,,,,
300m_roundtrip_13,300m往返13m/s,roundtrip,67,/aqronos_cloud_0,1770274221.3357134,2026-02-05T06:50:21.335713+00:00,1649361596.999868,2022-04-07T19:59:56.999868+00:00,1770274154.0,1770274320.9259987,2026-02-05T06:52:00.925999+00:00,2404,370338.92599858507,True,True,within GNSS interval; piecewise-linear interpolation,5,0.19594266169285257,HIGH,99.5902853012085,LOW,7.437338471412659,LOW,-363.82654648397465,-49.39634973336809,28.637590993538993,367.11576181025737,5.981030338611767,28.637590993538993,0,0,0,0,0,0,0,,,,,,,
300m_roundtrip_13,300m往返13m/s,roundtrip,68,/aqronos_cloud_0,1770274222.3429627,2026-02-05T06:50:22.342963+00:00,1649361597.999877,2022-04-07T19:59:57.999877+00:00,1770274154.0,1770274321.933248,2026-02-05T06:52:01.933248+00:00,2404,370339.9332479404,True,True,within GNSS interval; piecewise-linear interpolation,5,0.2892455150325411,HIGH,99.5902853012085,LOW,7.437338471412659,LOW,-368.5220788562161,-50.11966393527356,28.646916446463226,371.8639020539391,6.143424672796591,28.646916446463226,0,0,0,0,0,0,0,,,,,,,
300m_roundtrip_13,300m往返13m/s,roundtrip,69,/aqronos_cloud_0,1770274223.3406243,2026-02-05T06:50:23.340624+00:00,1649361598.999893,2022-04-07T19:59:58.999893+00:00,1770274154.0,1770274322.9309096,2026-02-05T06:52:02.930910+00:00,2404,370340.93090953096,True,True,within GNSS interval; piecewise-linear interpolation,5,0.3816602409163327,HIGH,99.5902853012085,LOW,7.437338471412659,LOW,-373.17291558335603,-50.8360930829823,28.65615313264042,376.56684589082397,6.304273214310449,28.65615313264042,0,0,0,0,0,0,0,,,,,,,
300m_roundtrip_13,300m往返13m/s,roundtrip,70,/aqronos_cloud_0,1770274224.3299086,2026-02-05T06:50:24.329909+00:00,1649361599.999916,2022-04-07T19:59:59.999916+00:00,1770274154.0,1770274323.920194,2026-02-05T06:52:03.920194+00:00,2404,370341.9201938079,True,True,within GNSS interval; piecewise-linear interpolation,5,0.47329896504904634,HIGH,99.5902853012085,LOW,7.437338471412659,LOW,-377.784699471138,-51.546506411590485,28.665312258833755,381.2302993476016,6.46377111880539,28.665312258833755,0,0,0,0,0,0,0,,,,,,,
300m_roundtrip_13,300m往返13m/s,roundtrip,71,/aqronos_cloud_0,1770274225.335372,2026-02-05T06:50:25.335372+00:00,1649361600.999927,2022-04-07T20:00:00.999927+00:00,1770274154.0,1770274324.9256573,2026-02-05T06:52:04.925657+00:00,2404,370342.92565716966,True,True,within GNSS interval; piecewise-linear interpolation,5,0.5664363794179256,HIGH,99.5902853012085,LOW,7.437338471412659,LOW,-382.47190600965354,-52.26853807654395,28.674621176429447,385.97002047646475,6.625877505188491,28.674621176429447,0,0,0,0,0,0,0,,,,,,,
300m_roundtrip_13,300m往返13m/s,roundtrip,72,/aqronos_cloud_0,1770274226.348466,2026-02-05T06:50:26.348466+00:00,1649361601.999921,2022-04-07T20:00:01.999921+00:00,1770274154.0,1770274325.9387512,2026-02-05T06:52:05.938751+00:00,2404,370343.938751118,True,True,within GNSS interval; piecewise-linear interpolation,5,0.6602806252192905,HIGH,99.5902853012085,LOW,7.437338471412659,LOW,-387.1946843421084,-52.99604932968974,28.684000740559654,390.7457119390311,6.789214137118769,28.684000740559654,0,0,0,0,0,0,0,,,,,,,
300m_roundtrip_13,300m往返13m/s,roundtrip,73,/aqronos_cloud_0,1770274227.3364437,2026-02-05T06:50:27.336444+00:00,1649361602.999932,2022-04-07T20:00:02.999932+00:00,1770274154.0,1770274326.926729,2026-02-05T06:52:06.926729+00:00,2404,370344.9267288612,True,True,within GNSS interval; piecewise-linear interpolation,5,0.7517983233794993,HIGH,99.5902853012085,LOW,7.437338471412659,LOW,-391.800377511853,-53.70552442541887,28.693147770424005,395.4030064384991,6.948501394977292,28.693147770424005,0,0,0,0,0,0,0,,,,,,,
300m_roundtrip_13,300m往返13m/s,roundtrip,74,/aqronos_cloud_0,1770274228.3413215,2026-02-05T06:50:28.341321+00:00,1649361603.999948,2022-04-07T20:00:03.999948+00:00,1770274154.0,1770274327.9316068,2026-02-05T06:52:07.931607+00:00,2404,370345.9316066669,True,True,within GNSS interval; piecewise-linear interpolation,5,0.8448814969110661,HIGH,99.5902853012085,LOW,7.437338471412659,LOW,-396.48485434170067,-54.42713559768056,28.702451266745243,400.1399672755462,7.110513374765681,28.702451266745243,0,0,0,0,0,0,0,,,,,,,
300m_roundtrip_13,300m往返13m/s,roundtrip,75,/aqronos_cloud_0,1770274229.3396246,2026-02-05T06:50:29.339625+00:00,1649361604.999954,2022-04-07T20:00:04.999954+00:00,1770274154.0,1770274328.92991,2026-02-05T06:52:08.929910+00:00,2404,370346.92990984186,True,True,within GNSS interval; piecewise-linear interpolation,5,0.9373556536145676,HIGH,99.5902853012085,LOW,7.437338471412659,LOW,-401.13868196705926,-55.14402547252024,28.711693892926323,404.8459355201171,7.271465356078565,28.711693892926323,0,0,0,0,0,0,0,,,,,,,
300m_roundtrip_13,300m往返13m/s,roundtrip,76,/aqronos_cloud_0,1770274230.3439298,2026-02-05T06:50:30.343930+00:00,1649361605.999965,2022-04-07T20:00:05.999965+00:00,1770274154.0,1770274329.934215,2026-02-05T06:52:09.934215+00:00,2404,370347.93421496614,True,True,within GNSS interval; piecewise-linear interpolation,6,0.02726313372408826,HIGH,99.5902853012085,LOW,7.437338471412659,LOW,-402.5830386770498,-55.16420431209524,28.718058330233575,406.28252555501115,7.1205264184101935,28.718058330233575,0,0,0,0,0,0,0,,,,,,,
300m_roundtrip_13,300m往返13m/s,roundtrip,77,/aqronos_cloud_0,1770274231.3376217,2026-02-05T06:50:31.337622+00:00,1649361606.999976,2022-04-07T20:00:06.999976+00:00,1770274154.0,1770274330.927907,2026-02-05T06:52:10.927907+00:00,2404,370348.9279068874,True,True,within GNSS interval; piecewise-linear interpolation,6,0.10985077953491292,HIGH,99.5902853012085,LOW,7.437338471412659,LOW,-397.40822837553605,-53.75419416566753,28.71837109480767,400.97718949548397,6.332998917199987,28.71837109480767,0,0,0,0,0,0,0,,,,,,,
300m_roundtrip_13,300m往返13m/s,roundtrip,78,/aqronos_cloud_0,1770274232.3356967,2026-02-05T06:50:32.335697+00:00,1649361607.999987,2022-04-07T20:00:07.999987+00:00,1770274154.0,1770274331.925982,2026-02-05T06:52:11.925982+00:00,2404,370349.92598189577,True,True,within GNSS interval; piecewise-linear interpolation,6,0.1928027121453425,HIGH,99.5902853012085,LOW,7.437338471412659,LOW,-392.21059244356877,-52.337964589219624,28.718685238958628,395.64845206793154,5.5419977018501,28.718685238958628,0,0,0,0,0,0,0,,,,,,,
300m_roundtrip_13,300m往返13m/s,roundtrip,79,/aqronos_cloud_0,1770274233.341866,2026-02-05T06:50:33.341866+00:00,1649361608.999996,2022-04-07T20:00:08.999996+00:00,1770274154.0,1770274332.9321513,2026-02-05T06:52:12.932151+00:00,2404,370350.9321512149,True,True,within GNSS interval; piecewise-linear interpolation,6,0.27642737848328447,HIGH,99.5902853012085,LOW,7.437338471412659,LOW,-386.97080408808677,-50.910249500957896,28.719001930794242,390.2764989939227,4.744581528110167,28.719001930794242,0,0,0,0,0,0,0,,,,,,,
300m_roundtrip_13,300m往返13m/s,roundtrip,80,/aqronos_cloud_0,1770274234.3472476,2026-02-05T06:50:34.347248+00:00,1649361609.999848,2022-04-07T20:00:09.999848+00:00,1770274154.0,1770274333.937533,2026-02-05T06:52:13.937533+00:00,2404,370351.9375327991,True,True,within GNSS interval; piecewise-linear interpolation,6,0.3599865746522809,HIGH,99.5902853012085,LOW,7.437338471412659,LOW,-381.73511798907873,-49.483652177969596,28.719318374690232,384.90875164880606,3.947789655475418,28.719318374690232,0,0,0,0,0,0,0,,,,,,,
300m_roundtrip_13,300m往返13m/s,roundtrip,81,/aqronos_cloud_0,1770274235.331583,2026-02-05T06:50:35.331583+00:00,1649361610.999858,2022-04-07T20:00:10.999858+00:00,1770274154.0,1770274334.9218683,2026-02-05T06:52:14.921868+00:00,2404,370352.9218682216,True,True,within GNSS interval; piecewise-linear interpolation,6,0.4417965838680394,HIGH,99.5902853012085,LOW,7.437338471412659,LOW,-376.60903315762135,-48.08691853892397,28.719628194305958,379.6533700761577,3.1676774304672364,28.719628194305958,0,0,0,0,0,0,0,,,,,,,
300m_roundtrip_13,300m往返13m/s,roundtrip,82,/aqronos_cloud_0,1770274236.3491714,2026-02-05T06:50:36.349171+00:00,1649361611.999869,2022-04-07T20:00:11.999869+00:00,1770274154.0,1770274335.9394567,2026-02-05T06:52:15.939457+00:00,2404,370353.9394565986,True,True,within GNSS interval; piecewise-linear interpolation,6,0.5263703100551479,HIGH,99.5902853012085,LOW,7.437338471412659,LOW,-371.3097782241057,-46.64300025218438,28.719948480290512,374.2204504811758,2.3612113470928335,28.719948480290512,0,0,0,0,0,0,0,,,,,,,
300m_roundtrip_13,300m往返13m/s,roundtrip,83,/aqronos_cloud_0,1770274237.3342266,2026-02-05T06:50:37.334227+00:00,1649361612.99988,2022-04-07T20:00:12.999880+00:00,1770274154.0,1770274336.924512,2026-02-05T06:52:16.924512+00:00,2404,370354.9245118068,True,True,within GNSS interval; piecewise-linear interpolation,6,0.6082401420433177,HIGH,99.5902853012085,LOW,7.437338471412659,LOW,-366.1799449930433,-45.24524526526936,28.720258526458814,368.9612259619399,1.5805286726183851,28.720258526458814,0,0,0,0,0,0,0,,,,,,,
300m_roundtrip_13,300m往返13m/s,roundtrip,84,/aqronos_cloud_0,1770274238.3319657,2026-02-05T06:50:38.331966+00:00,1649361613.999891,2022-04-07T20:00:13.999891+00:00,1770274154.0,1770274337.922251,2026-02-05T06:52:17.922251+00:00,2404,370355.9222508834,True,True,within GNSS interval; piecewise-linear interpolation,6,0.6911641547178985,HIGH,99.5902853012085,LOW,7.437338471412659,LOW,-360.9840584797721,-43.829492362934744,28.72057256487523,363.63428207918435,0.7897936922131805,28.72057256487523,0,0,0,0,0,0,0,,,,,,,
300m_roundtrip_13,300m往返13m/s,roundtrip,85,/aqronos_cloud_0,1770274239.314659,2026-02-05T06:50:39.314659+00:00,1649361614.999903,2022-04-07T20:00:14.999903+00:00,1770274154.0,1770274338.9049444,2026-02-05T06:52:18.904944+00:00,2404,370356.9049443172,True,True,within GNSS interval; piecewise-linear interpolation,6,0.7728376950917902,HIGH,99.5902853012085,LOW,7.437338471412659,LOW,-355.86652456851346,-42.435088641999926,28.72088186767493,358.38766710910295,0.010982787335549915,28.72088186767493,0,0,0,0,0,0,0,,,,,,,
300m_roundtrip_13,300m往返13m/s,roundtrip,86,/aqronos_cloud_0,1770274240.3268886,2026-02-05T06:50:40.326889+00:00,1649361615.999917,2022-04-07T20:00:15.999917+00:00,1770274154.0,1770274339.9171739,2026-02-05T06:52:19.917174+00:00,2404,370357.9171737598,True,True,within GNSS interval; piecewise-linear interpolation,6,0.85696602993889,HIGH,99.5902853012085,LOW,7.437338471412659,LOW,-350.595177146731,-40.99877447452512,28.72120046693465,352.98335894520795,-0.7912361967831032,28.72120046693465,0,0,0,0,0,0,0,,,,,,,
300m_roundtrip_13,300m往返13m/s,roundtrip,87,/aqronos_cloud_0,1770274241.3392217,2026-02-05T06:50:41.339222+00:00,1649361616.999929,2022-04-07T20:00:16.999929+00:00,1770274154.0,1770274340.929507,2026-02-05T06:52:20.929507+00:00,2404,370358.92950691446,True,True,within GNSS interval; piecewise-linear interpolation,6,0.9411029844964897,HIGH,99.5902853012085,LOW,7.437338471412659,LOW,-345.3232896276222,-39.56231314364416,28.721519098837753,347.5784970609535,-1.5935373755085251,28.721519098837753,0,0,0,0,0,0,0,,,,,,,
300m_roundtrip_13,300m往返13m/s,roundtrip,88,/aqronos_cloud_0,1770274242.340988,2026-02-05T06:50:42.340988+00:00,1649361617.999936,2022-04-07T20:00:17.999936+00:00,1770274154.0,1770274341.9312732,2026-02-05T06:52:21.931273+00:00,2404,370359.9312731193,True,True,within GNSS interval; piecewise-linear interpolation,7,0.022187948335183335,HIGH,99.5902853012085,LOW,7.437338471412659,LOW,-339.8385828282622,-38.336182585403364,28.695224615798182,341.98721017038605,-2.1617941204456628,28.695224615798182,0,0,0,0,0,0,0,,,,,,,
300m_roundtrip_13,300m往返13m/s,roundtrip,89,/aqronos_cloud_0,1770274243.3339787,2026-02-05T06:50:43.333979+00:00,1649361618.999948,2022-04-07T20:00:18.999948+00:00,1770274154.0,1770274342.924264,2026-02-05T06:52:22.924264+00:00,2404,370360.9242638515,True,True,within GNSS interval; piecewise-linear interpolation,7,0.09735336791623078,HIGH,99.5902853012085,LOW,7.437338471412659,LOW,-333.7600425273787,-37.5889033764151,28.6053920085964,335.86294913863225,-2.184271233077581,28.6053920085964,0,0,0,0,0,0,0,,,,,,,
300m_roundtrip_13,300m往返13m/s,roundtrip,90,/aqronos_cloud_0,1770274244.343448,2026-02-05T06:50:44.343448+00:00,1649361619.999959,2022-04-07T20:00:19.999959+00:00,1770274154.0,1770274343.9337332,2026-02-05T06:52:23.933733+00:00,2404,370361.9337331222,True,True,within GNSS interval; piecewise-linear interpolation,7,0.17376614683434924,HIGH,99.5902853012085,LOW,7.437338471412659,LOW,-327.5806297236564,-36.82922317633378,28.51406864218658,329.63705687508065,-2.2071213501637743,28.51406864218658,0,0,0,0,0,0,0,,,,,,,
300m_roundtrip_13,300m往返13m/s,roundtrip,91,/aqronos_cloud_0,1770274245.3352575,2026-02-05T06:50:45.335258+00:00,1649361620.99997,2022-04-07T20:00:20.999970+00:00,1770274154.0,1770274344.9255428,2026-02-05T06:52:24.925543+00:00,2404,370362.92554272874,True,True,within GNSS interval; piecewise-linear interpolation,7,0.24884215993707257,HIGH,99.5902853012085,LOW,7.437338471412659,LOW,-321.5093196209768,-36.08283282824422,28.424342887538714,323.520080424644,-2.2295717271039948,28.424342887538714,0,0,0,0,0,0,0,,,,,,,
300m_roundtrip_13,300m往返13m/s,roundtrip,92,/aqronos_cloud_0,1770274246.3221815,2026-02-05T06:50:46.322181+00:00,1649361621.999981,2022-04-07T20:00:21.999981+00:00,1770274154.0,1770274345.9124668,2026-02-05T06:52:25.912467+00:00,2404,370363.9124666618,True,True,within GNSS interval; piecewise-linear interpolation,7,0.3235483471306684,HIGH,99.5902853012085,LOW,7.437338471412659,LOW,-315.46791691062566,-35.34011921360972,28.335059123713396,317.4332363198582,-2.251911513048256,28.335059123713396,0,0,0,0,0,0,0,,,,,,,
300m_roundtrip_13,300m往返13m/s,roundtrip,93,/aqronos_cloud_0,1770274247.3264728,2026-02-05T06:50:47.326473+00:00,1649361622.999992,2022-04-07T20:00:22.999992+00:00,1770274154.0,1770274346.916758,2026-02-05T06:52:26.916758+00:00,2404,370364.9167579578,True,True,within GNSS interval; piecewise-linear interpolation,7,0.3995691741117171,HIGH,99.5902853012085,LOW,7.437338471412659,LOW,-309.3202008054486,-34.58433571942224,28.244204191652788,311.23927916673233,-2.274644422675422,28.244204191652788,0,0,0,0,0,0,0,,,,,,,
300m_roundtrip_13,300m往返13m/s,roundtrip,94,/aqronos_cloud_0,1770274248.3342257,2026-02-05T06:50:48.334226+00:00,1649361623.999843,2022-04-07T20:00:23.999843+00:00,1770274154.0,1770274347.924511,2026-02-05T06:52:27.924511+00:00,2404,370365.92451085313,True,True,within GNSS interval; piecewise-linear interpolation,7,0.47585203029316714,HIGH,99.5902853012085,LOW,7.437338471412659,LOW,-303.15129470274974,-33.82594718458311,28.153036100078584,305.0239726320671,-2.2974556882790935,28.153036100078584,0,0,0,0,0,0,0,,,,,,,
300m_roundtrip_13,300m往返13m/s,roundtrip,95,/aqronos_cloud_0,1770274249.328912,2026-02-05T06:50:49.328912+00:00,1649361624.999857,2022-04-07T20:00:24.999857+00:00,1770274154.0,1770274348.9191973,2026-02-05T06:52:28.919197+00:00,2404,370366.91919721826,True,True,within GNSS interval; piecewise-linear interpolation,7,0.5511458024930763,HIGH,99.5902853012085,LOW,7.437338471412659,LOW,-297.0623746744487,-33.07739192014236,28.063050094539403,298.8892538000854,-2.319971182872905,28.063050094539403,0,0,0,0,0,0,0,,,,,,,
300m_roundtrip_13,300m往返13m/s,roundtrip,96,/aqronos_cloud_0,1770274250.3279202,2026-02-05T06:50:50.327920+00:00,1649361625.999865,2022-04-07T20:00:25.999865+00:00,1770274154.0,1770274349.9182055,2026-02-05T06:52:29.918205+00:00,2404,370367.91820539697,True,True,within GNSS interval; piecewise-linear interpolation,7,0.6267667186640354,HIGH,99.5902853012085,LOW,7.437338471412659,LOW,-290.9469988926469,-32.32558425733447,27.97267310873279,292.72788022334424,-2.3425845050571823,27.97267310873279,0,0,0,0,0,0,0,,,,,,,
300m_roundtrip_13,300m往返13m/s,roundtrip,97,/aqronos_cloud_0,1770274251.3228211,2026-02-05T06:50:51.322821+00:00,1649361626.999874,2022-04-07T20:00:26.999874+00:00,1770274154.0,1770274350.9131064,2026-02-05T06:52:30.913106+00:00,2404,370368.9131063388,True,True,within GNSS interval; piecewise-linear interpolation,7,0.7020767334619447,HIGH,99.5902853012085,LOW,7.437338471412659,LOW,-284.85676534428455,-31.576867512310592,27.882667691143034,286.5918379914462,-2.3651048567609116,27.882667691143034,0,0,0,0,0,0,0,,,,,,,
300m_roundtrip_13,300m往返13m/s,roundtrip,98,/aqronos_cloud_0,1770274252.3462913,2026-02-05T06:50:52.346291+00:00,1649361627.999885,2022-04-07T20:00:27.999885+00:00,1770274154.0,1770274351.9365766,2026-02-05T06:52:31.936577+00:00,2404,370369.93657650216,True,True,within GNSS interval; piecewise-linear interpolation,7,0.7795493238522281,HIGH,99.5902853012085,LOW,7.437338471412659,LOW,-278.59164681603096,-30.806650883602778,27.79007771000243,280.27959535379756,-2.388271894872247,27.79007771000243,0,0,0,0,0,0,0,,,,,,,
300m_roundtrip_13,300m往返13m/s,roundtrip,99,/aqronos_cloud_0,1770274253.327919,2026-02-05T06:50:53.327919+00:00,1649361628.999896,2022-04-07T20:00:28.999896+00:00,1770274154.0,1770274352.9182043,2026-02-05T06:52:32.918204+00:00,2404,370370.9182042049,True,True,within GNSS interval; piecewise-linear interpolation,7,0.8538546076325231,HIGH,99.5902853012085,LOW,7.437338471412659,LOW,-272.5826646997255,-30.067922968605707,27.701273078723084,274.2254156998358,-2.4104917965502324,27.701273078723084,0,0,0,0,0,0,0,,,,,,,
300m_roundtrip_13,300m往返13m/s,roundtrip,100,/aqronos_cloud_0,1770274254.3293736,2026-02-05T06:50:54.329374+00:00,1649361629.999907,2022-04-07T20:00:29.999907+00:00,1770274154.0,1770274353.919659,2026-02-05T06:52:33.919659+00:00,2404,370371.9196587966,True,True,within GNSS interval; piecewise-linear interpolation,7,0.9296607074680127,HIGH,99.5902853012085,LOW,7.437338471412659,LOW,-266.45231332975845,-29.314274247727237,27.610674773971017,268.04895389360394,-2.4331604951843318,27.610674773971017,0,0,0,0,0,0,0,,,,,,,
300m_roundtrip_13,300m往返13m/s,roundtrip,101,/aqronos_cloud_0,1770274255.3321252,2026-02-05T06:50:55.332125+00:00,1649361630.999919,2022-04-07T20:00:30.999919+00:00,1770274154.0,1770274354.9224105,2026-02-05T06:52:34.922410+00:00,2404,370372.92241038545,True,True,within GNSS interval; piecewise-linear interpolation,8,0.005947330783438525,HIGH,99.5902853012085,LOW,7.437338471412659,LOW,-260.3470245629573,-28.588434294689115,27.516502523098275,261.9006703402911,-2.431182739536272,27.516502523098275,0,0,0,0,0,0,0,,,,,,,
300m_roundtrip_13,300m往返13m/s,roundtrip,102,/aqronos_cloud_0,1770274256.325108,2026-02-05T06:50:56.325108+00:00,1649361631.999929,2022-04-07T20:00:31.999929+00:00,1770274154.0,1770274355.9153934,2026-02-05T06:52:35.915393+00:00,2404,370373.91539324983,True,True,within GNSS interval; piecewise-linear interpolation,8,0.08627640426913254,HIGH,99.5902853012085,LOW,7.437338471412659,LOW,-254.71428336545685,-28.229950308660285,27.379983067501126,256.26509765622916,-2.120369791105169,27.379983067501126,0,0,0,0,0,0,0,,,,,,,
300m_roundtrip_13,300m往返13m/s,roundtrip,103,/aqronos_cloud_0,1770274257.332496,2026-02-05T06:50:57.332496+00:00,1649361632.99994,2022-04-07T20:00:32.999940+00:00,1770274154.0,1770274356.9227812,2026-02-05T06:52:36.922781+00:00,2404,370374.92278112634,True,True,within GNSS interval; piecewise-linear interpolation,8,0.16777079623062416,HIGH,99.5902853012085,LOW,7.437338471412659,LOW,-248.99982907079237,-27.866265864141525,27.241483150322512,250.54777079917017,-1.805047938791482,27.241483150322512,0,0,0,0,0,0,0,,,,,,,
300m_roundtrip_13,300m往返13m/s,roundtrip,104,/aqronos_cloud_0,1770274258.3375263,2026-02-05T06:50:58.337526+00:00,1649361633.999951,2022-04-07T20:00:33.999951+00:00,1770274154.0,1770274357.9278116,2026-02-05T06:52:37.927812+00:00,2404,370375.92781151994,True,True,within GNSS interval; piecewise-linear interpolation,8,0.24907447551748219,HIGH,99.5902853012085,LOW,7.437338471412659,LOW,-243.29874770690722,-27.503432511722078,27.10330734979789,244.84382359524338,-1.4904640007363987,27.10330734979789,0,0,0,0,0,0,0,,,,,,,
300m_roundtrip_13,300m往返13m/s,roundtrip,105,/aqronos_cloud_0,1770274259.329704,2026-02-05T06:50:59.329704+00:00,1649361634.999962,2022-04-07T20:00:34.999962+00:00,1770274154.0,1770274358.9199893,2026-02-05T06:52:38.919989+00:00,2404,370376.9199892448,True,True,within GNSS interval; piecewise-linear interpolation,8,0.32933841584154216,HIGH,99.5902853012085,LOW,7.437338471412659,LOW,-237.67057370067315,-27.145239194991326,26.966898588167222,239.21282039829987,-1.179903068532166,26.966898588167222,0,0,0,0,0,0,0,,,,,,,
300m_roundtrip_13,300m往返13m/s,roundtrip,106,/aqronos_cloud_0,1770274260.341217,2026-02-05T06:51:00.341217+00:00,1649361635.999973,2022-04-07T20:00:35.999973+00:00,1770274154.0,1770274359.9315023,2026-02-05T06:52:39.931502+00:00,2404,370377.93150223955,True,True,within GNSS interval; piecewise-linear interpolation,8,0.4111665164090724,HIGH,99.5902853012085,LOW,7.437338471412659,LOW,-231.9327194820256,-26.780065511445226,26.8278315324017,233.47208185450006,-0.8632900155204091,26.8278315324017,0,0,0,0,0,0,0,,,,,,,
300m_roundtrip_13,300m往返13m/s,roundtrip,107,/aqronos_cloud_0,1770274261.336597,2026-02-05T06:51:01.336597+00:00,1649361636.999984,2022-04-07T20:00:36.999984+00:00,1770274154.0,1770274360.9268823,2026-02-05T06:52:40.926882+00:00,2404,370378.9268821643,True,True,within GNSS interval; piecewise-linear interpolation,8,0.4916895042587193,HIGH,99.5902853012085,LOW,7.437338471412659,LOW,-226.28638084863763,-26.420716145160885,26.69098251887178,227.82290489934272,-0.5517267647070163,26.69098251887178,0,0,0,0,0,0,0,,,,,,,
300m_roundtrip_13,300m往返13m/s,roundtrip,108,/aqronos_cloud_0,1770274262.3289638,2026-02-05T06:51:02.328964+00:00,1649361637.999995,2022-04-07T20:00:37.999995+00:00,1770274154.0,1770274361.919249,2026-02-05T06:52:41.919249+00:00,2404,370379.9192489551,True,True,within GNSS interval; piecewise-linear interpolation,8,0.5719687393998287,HIGH,99.5902853012085,LOW,7.437338471412659,LOW,-220.657134357158,-26.062454572358654,26.554547763662367,222.19082867803291,-0.24110665309267887,26.554547763662367,0,0,0,0,0,0,0,,,,,,,
300m_roundtrip_13,300m往返13m/s,roundtrip,109,/aqronos_cloud_0,1770274263.327308,2026-02-05T06:51:03.327308+00:00,1649361638.999846,2022-04-07T20:00:38.999846+00:00,1770274154.0,1770274362.9175932,2026-02-05T06:52:42.917593+00:00,2404,370380.91759313806,True,True,within GNSS interval; piecewise-linear interpolation,8,0.6527315260645766,HIGH,99.5902853012085,LOW,7.437338471412659,LOW,-214.99398083214587,-25.702035057604373,26.417291211463446,216.52482837868132,0.07138443833330754,26.417291211463446,0,0,0,0,0,0,0,,,,,,,
300m_roundtrip_13,300m往返13m/s,roundtrip,110,/aqronos_cloud_0,1770274264.3286648,2026-02-05T06:51:04.328665+00:00,1649361639.999857,2022-04-07T20:00:39.999857+00:00,1770274154.0,1770274363.91895,2026-02-05T06:52:43.918950+00:00,2404,370381.9189499782,True,True,within GNSS interval; piecewise-linear interpolation,8,0.733738026863292,HIGH,99.5902853012085,LOW,7.437338471412659,LOW,-209.31373787010622,-25.34052792151444,26.279620466501598,210.84173005172264,0.38481851970385605,26.279620466501598,0,0,0,0,0,0,0,,,,,,,
300m_roundtrip_13,300m往返13m/s,roundtrip,111,/aqronos_cloud_0,1770274265.313647,2026-02-05T06:51:05.313647+00:00,1649361640.999868,2022-04-07T20:00:40.999868+00:00,1770274154.0,1770274364.9039323,2026-02-05T06:52:44.903932+00:00,2404,370382.9039322303,True,True,within GNSS interval; piecewise-linear interpolation,8,0.8134198769243624,HIGH,99.5902853012085,LOW,7.437338471412659,LOW,-203.72638051546204,-24.984932294868365,26.14420096868742,205.25156402422996,0.6931272014707055,26.14420096868742,0,0,0,0,0,0,0,,,,,,,
300m_roundtrip_13,300m往返13m/s,roundtrip,112,/aqronos_cloud_0,1770274266.3270123,2026-02-05T06:51:06.327012+00:00,1649361641.999879,2022-04-07T20:00:41.999879+00:00,1770274154.0,1770274365.9172976,2026-02-05T06:52:45.917298+00:00,2404,370383.917297499,True,True,within GNSS interval; piecewise-linear interpolation,8,0.8953978204094926,HIGH,99.5902853012085,LOW,7.437338471412659,LOW,-197.97801918726506,-24.61908990839755,26.004879254519302,199.50031308912918,1.0103200335960452,26.004879254519302,0,0,0,0,0,0,0,,,,,,,
300m_roundtrip_13,300m往返13m/s,roundtrip,113,/aqronos_cloud_0,1770274267.3336105,2026-02-05T06:51:07.333611+00:00,1649361642.99989,2022-04-07T20:00:42.999890+00:00,1770274154.0,1770274366.9238958,2026-02-05T06:52:46.923896+00:00,2404,370384.9238957332,True,True,within GNSS interval; piecewise-linear interpolation,8,0.9768283328828787,HIGH,99.5902853012085,LOW,7.437338471412659,LOW,-192.26804417524028,-24.25569053841691,25.866487900685957,193.78746776637178,1.3253947204541774,25.866487900685957,0,0,0,0,0,0,0,,,,,,,
300m_roundtrip_13,300m往返13m/s,roundtrip,114,/aqronos_cloud_0,1770274268.3340092,2026-02-05T06:51:08.334009+00:00,1649361643.999901,2022-04-07T20:00:43.999901+00:00,1770274154.0,1770274367.9242945,2026-02-05T06:52:47.924294+00:00,2404,370385.92429436906,True,True,within GNSS interval; piecewise-linear interpolation,9,0.04727739226607678,HIGH,99.5902853012085,LOW,7.437338471412659,LOW,-185.60313582084865,-23.92110757895589,25.062977765755107,187.12981443362713,1.7821235570679548,25.062977765755107,0,0,0,0,0,0,0,,,,,,,
300m_roundtrip_13,300m往返13m/s,roundtrip,115,/aqronos_cloud_0,1770274269.3284369,2026-02-05T06:51:09.328437+00:00,1649361644.999912,2022-04-07T20:00:44.999912+00:00,1770274154.0,1770274368.9187222,2026-02-05T06:52:48.918722+00:00,2404,370386.91872205003,True,True,within GNSS interval; piecewise-linear interpolation,9,0.11312662263532126,HIGH,99.5902853012085,LOW,7.437338471412659,LOW,-178.58315959690395,-23.599120892107198,23.998677075312678,180.12108081739188,2.293391302883194,23.998677075312678,0,0,0,0,0,0,0,,,,,,,
300m_roundtrip_13,300m往返13m/s,roundtrip,116,/aqronos_cloud_0,1770274270.3365958,2026-02-05T06:51:10.336596+00:00,1649361645.999923,2022-04-07T20:00:45.999923+00:00,1770274154.0,1770274369.926881,2026-02-05T06:52:49.926881+00:00,2404,370387.9268809722,True,True,within GNSS interval; piecewise-linear interpolation,9,0.17988511134890126,HIGH,99.5902853012085,LOW,7.437338471412659,LOW,-171.46625024370525,-23.272688153571334,22.919680324214106,173.01556931190794,2.811718728234016,22.919680324214106,0,0,0,0,0,0,0,,,,,,,
300m_roundtrip_13,300m往返13m/s,roundtrip,117,/aqronos_cloud_0,1770274271.3407097,2026-02-05T06:51:11.340710+00:00,1649361646.999934,2022-04-07T20:00:46.999934+00:00,1770274154.0,1770274370.930995,2026-02-05T06:52:50.930995+00:00,2404,370388.9309948848,True,True,within GNSS interval; piecewise-linear interpolation,9,0.24637574672839554,HIGH,99.5902853012085,LOW,7.437338471412659,LOW,-164.37789587932326,-22.947565152554347,21.845012803492356,165.9385670639552,3.3279664820448893,21.845012803492356,0,0,0,0,0,0,0,,,,,,,
300m_roundtrip_13,300m往返13m/s,roundtrip,118,/aqronos_cloud_0,1770274272.3498075,2026-02-05T06:51:12.349808+00:00,1649361647.99995,2022-04-07T20:00:47.999950+00:00,1770274154.0,1770274371.9400928,2026-02-05T06:52:51.940093+00:00,2404,370389.94009269937,True,True,within GNSS interval; piecewise-linear interpolation,9,0.31319640722257375,HIGH,99.5902853012085,LOW,7.437338471412659,LOW,-157.25435859108035,-22.620828409164698,20.765011189183603,158.82643823817435,3.8467766226217215,20.765011189183603,0,0,0,0,0,0,0,,,,,,,
300m_roundtrip_13,300m往返13m/s,roundtrip,119,/aqronos_cloud_0,1770274273.3359318,2026-02-05T06:51:13.335932+00:00,1649361648.99996,2022-04-07T20:00:48.999960+00:00,1770274154.0,1770274372.926217,2026-02-05T06:52:52.926217+00:00,2404,370390.9262169765,True,True,within GNSS interval; piecewise-linear interpolation,9,0.37849580097351093,HIGH,99.5902853012085,LOW,7.437338471412659,LOW,-150.29299869364283,-22.301530289365978,19.709597337497126,151.8762270734326,4.353775317351129,19.709597337497126,0,0,0,0,0,0,0,,,,,,,
300m_roundtrip_13,300m往返13m/s,roundtrip,120,/aqronos_cloud_0,1770274274.3333604,2026-02-05T06:51:14.333360+00:00,1649361649.999976,2022-04-07T20:00:49.999976+00:00,1770274154.0,1770274373.9236457,2026-02-05T06:52:53.923646+00:00,2404,370391.9236456321,True,True,within GNSS interval; piecewise-linear interpolation,9,0.4445437505409245,HIGH,99.5902853012085,LOW,7.437338471412659,LOW,-143.25183765039856,-21.978571914072745,18.64208481027803,144.8463425657353,4.866585962239423,18.64208481027803,0,0,0,0,0,0,0,,,,,,,
300m_roundtrip_13,300m往返13m/s,roundtrip,121,/aqronos_cloud_0,1770274275.3236456,2026-02-05T06:51:15.323646+00:00,1649361650.999989,2022-04-07T20:00:50.999989+00:00,1770274154.0,1770274374.913931,2026-02-05T06:52:54.913931+00:00,2404,370392.91393079027,True,True,within GNSS interval; piecewise-linear interpolation,9,0.5101186704256859,HIGH,99.5902853012085,LOW,7.437338471412659,LOW,-136.2611047914598,-21.65792653863455,17.58221771513191,137.86680548077462,5.375723901794682,17.58221771513191,0,0,0,0,0,0,0,,,,,,,
300m_roundtrip_13,300m往返13m/s,roundtrip,122,/aqronos_cloud_0,1770274276.3351576,2026-02-05T06:51:16.335158+00:00,1649361651.999994,2022-04-07T20:00:51.999994+00:00,1770274154.0,1770274375.925443,2026-02-05T06:52:55.925443+00:00,2404,370393.92544283136,True,True,within GNSS interval; piecewise-linear interpolation,9,0.5770991967020728,HIGH,99.5902853012085,LOW,7.437338471412659,LOW,-129.1205247225521,-21.33040809053453,16.49963223976011,130.73766116862333,5.89577527507301,16.49963223976011,0,0,0,0,0,0,0,,,,,,,
300m_roundtrip_13,300m往返13m/s,roundtrip,123,/aqronos_cloud_0,1770274277.3244634,2026-02-05T06:51:17.324463+00:00,1649361652.999845,2022-04-07T20:00:52.999845+00:00,1770274154.0,1770274376.9147487,2026-02-05T06:52:56.914749+00:00,2404,370394.914748566,True,True,within GNSS interval; piecewise-linear interpolation,9,0.642609260905093,HIGH,99.5902853012085,LOW,7.437338471412659,LOW,-122.13670592078999,-21.01007984357255,15.440813386886068,123.76502706786272,6.404409661010087,15.440813386886068,0,0,0,0,0,0,0,,,,,,,
300m_roundtrip_13,300m往返13m/s,roundtrip,124,/aqronos_cloud_0,1770274278.326677,2026-02-05T06:51:18.326677+00:00,1649361653.999853,2022-04-07T20:00:53.999853+00:00,1770274154.0,1770274377.9169624,2026-02-05T06:52:57.916962+00:00,2404,370395.9169622825,True,True,within GNSS interval; piecewise-linear interpolation,9,0.7089740686839352,HIGH,99.5902853012085,LOW,7.437338471412659,LOW,-115.06176563520502,-20.685572108854362,14.368179578654193,116.70141741583852,6.919680461963859,14.368179578654193,0,0,0,0,0,0,0,,,,,,,
300m_roundtrip_13,300m往返13m/s,roundtrip,125,/aqronos_cloud_0,1770274279.3334296,2026-02-05T06:51:19.333430+00:00,1649361654.999866,2022-04-07T20:00:54.999866+00:00,1770274154.0,1770274378.9237149,2026-02-05T06:52:58.923715+00:00,2404,370396.9237147735,True,True,within GNSS interval; piecewise-linear interpolation,9,0.7756394260278481,HIGH,99.5902853012085,LOW,7.437338471412659,LOW,-107.95478472000171,-20.359594760016943,13.290688081003271,109.60581844779277,7.437284795105901,13.290688081003271,0,0,0,0,0,0,0,,,,,,,
300m_roundtrip_13,300m往返13m/s,roundtrip,126,/aqronos_cloud_0,1770274280.3155768,2026-02-05T06:51:20.315577+00:00,1649361655.999875,2022-04-07T20:00:55.999875+00:00,1770274154.0,1770274379.905862,2026-02-05T06:52:59.905862+00:00,2404,370397.9058619903,True,True,within GNSS interval; piecewise-linear interpolation,9,0.8406754659260278,HIGH,99.5902853012085,LOW,7.437338471412659,LOW,-101.02150013604128,-20.04158437637008,12.239530735972208,102.6836376334505,7.942238753246958,12.239530735972208,0,0,0,0,0,0,0,,,,,,,
300m_roundtrip_13,300m往返13m/s,roundtrip,127,/aqronos_cloud_0,1770274281.3231137,2026-02-05T06:51:21.323114+00:00,1649361656.999886,2022-04-07T20:00:56.999886+00:00,1770274154.0,1770274380.913399,2026-02-05T06:53:00.913399+00:00,2404,370398.9133988784,True,True,within GNSS interval; piecewise-linear interpolation,9,0.9073927646508875,HIGH,99.5902853012085,LOW,7.437338471412659,LOW,-93.90898191603974,-19.71535304683968,11.161199725888201,95.5825102286915,8.46024637056715,11.161199725888201,0,0,0,0,0,0,0,,,,,,,
300m_roundtrip_13,300m往返13m/s,roundtrip,128,/aqronos_cloud_0,1770274282.3310285,2026-02-05T06:51:22.331028+00:00,1649361657.999914,2022-04-07T20:00:57.999914+00:00,1770274154.0,1770274381.9213138,2026-02-05T06:53:01.921314+00:00,2404,370399.92131366,True,True,within GNSS interval; piecewise-linear interpolation,9,0.9741350868069935,HIGH,99.5902853012085,LOW,7.437338471412659,LOW,-86.79379602792108,-19.388999358829537,10.08246426984479,88.47871942812988,8.978448275249766,10.08246426984479,0,0,0,0,0,0,0,,,,,,,
300m_roundtrip_13,300m往返13m/s,roundtrip,129,/aqronos_cloud_0,1770274283.3231997,2026-02-05T06:51:23.323200+00:00,1649361658.999908,2022-04-07T20:00:58.999908+00:00,1770274154.0,1770274382.913485,2026-02-05T06:53:02.913485+00:00,2404,370400.9134849475,True,True,within GNSS interval; piecewise-linear interpolation,10,0.04190701457614276,HIGH,99.5902853012085,LOW,7.437338471412659,LOW,-80.73312314871144,-19.109612137869107,9.308734468306168,82.42758696146934,9.418458319396612,9.308734468306168,0,0,0,0,0,0,0,,,,,,,
300m_roundtrip_13,300m往返13m/s,roundtrip,130,/aqronos_cloud_0,1770274284.32863,2026-02-05T06:51:24.328630+00:00,1649361659.99992,2022-04-07T20:00:59.999920+00:00,1770274154.0,1770274383.9189153,2026-02-05T06:53:03.918915+00:00,2404,370401.9189151691,True,True,within GNSS interval; piecewise-linear interpolation,10,0.11194802374745441,HIGH,99.5902853012085,LOW,7.437338471412659,LOW,-75.21217965292247,-18.854040177897126,8.714265674648885,76.91520814705127,9.8182256476932,8.714265674648885,0,0,0,0,0,0,0,,,,,,,
300m_roundtrip_13,300m往返13m/s,roundtrip,131,/aqronos_cloud_0,1770274285.3288522,2026-02-05T06:51:25.328852+00:00,1649361660.999935,2022-04-07T20:01:00.999935+00:00,1770274154.0,1770274384.9191375,2026-02-05T06:53:04.919137+00:00,2404,370402.9191373752,True,True,within GNSS interval; piecewise-linear interpolation,10,0.18162622837051512,HIGH,99.5902853012085,LOW,7.437338471412659,LOW,-69.71983402336369,-18.599792051927253,8.122876162468039,71.4313828347774,10.215922226201,8.122876162468039,0,0,0,0,0,0,0,,,,,,,
300m_roundtrip_13,300m往返13m/s,roundtrip,132,/aqronos_cloud_0,1770274286.3274348,2026-02-05T06:51:26.327435+00:00,1649361661.999952,2022-04-07T20:01:01.999952+00:00,1770274154.0,1770274385.91772,2026-02-05T06:53:05.917720+00:00,2404,370403.91771997674,True,True,within GNSS interval; piecewise-linear interpolation,10,0.25119021367118427,HIGH,99.5902853012085,LOW,7.437338471412659,LOW,-64.23649166820816,-18.34596069973657,7.532456079819945,65.95654683005912,10.612966884442482,7.532456079819945,0,0,0,0,0,0,0,,,,,,,
300m_roundtrip_13,300m往返13m/s,roundtrip,133,/aqronos_cloud_0,1770274287.3344674,2026-02-05T06:51:27.334467+00:00,1649361662.999953,2022-04-07T20:01:02.999953+00:00,1770274154.0,1770274386.9247527,2026-02-05T06:53:06.924753+00:00,2404,370404.9247526096,True,True,within GNSS interval; piecewise-linear interpolation,10,0.3213428511783682,HIGH,99.5902853012085,LOW,7.437338471412659,LOW,-58.70674913108367,-18.089981420211014,6.937039847469972,60.43538262432487,11.01337134464396,6.937039847469972,0,0,0,0,0,0,0,,,,,,,
300m_roundtrip_13,300m往返13m/s,roundtrip,134,/aqronos_cloud_0,1770274288.326171,2026-02-05T06:51:28.326171+00:00,1649361663.999963,2022-04-07T20:01:03.999963+00:00,1770274154.0,1770274387.9164562,2026-02-05T06:53:07.916456+00:00,2404,370405.91645611986,True,True,within GNSS interval; piecewise-linear interpolation,10,0.3904276202351862,HIGH,99.5902853012085,LOW,7.437338471412659,LOW,-53.261180729157395,-17.837898675530994,6.350687083464966,54.998261973816724,11.407680819601431,6.350687083464966,0,0,0,0,0,0,0,,,,,,,
300m_roundtrip_13,300m往返13m/s,roundtrip,135,/aqronos_cloud_0,1770274289.3365433,2026-02-05T06:51:29.336543+00:00,1649361664.999974,2022-04-07T20:01:04.999974+00:00,1770274154.0,1770274388.9268286,2026-02-05T06:53:08.926829+00:00,2404,370406.92682852014,True,True,within GNSS interval; piecewise-linear interpolation,10,0.46081291504469113,HIGH,99.5902853012085,LOW,7.437338471412659,LOW,-47.7130991098981,-17.581070455028442,5.753296186450925,49.458787135504394,11.809413198821469,5.753296186450925,0,0,0,0,0,0,0,,,,,,,
300m_roundtrip_13,300m往返13m/s,roundtrip,136,/aqronos_cloud_0,1770274290.322658,2026-02-05T06:51:30.322658+00:00,1649361665.999985,2022-04-07T20:01:05.999985+00:00,1770274154.0,1770274389.9129434,2026-02-05T06:53:09.912943+00:00,2404,370407.9129432605,True,True,within GNSS interval; piecewise-linear interpolation,10,0.5295083551592114,HIGH,99.5902853012085,LOW,7.437338471412659,LOW,-42.298219344773784,-17.330408328955063,5.170247828099148,44.052307514284,12.201500532879878,5.170247828099148,0,0,0,0,0,0,0,,,,,,,
300m_roundtrip_13,300m往返13m/s,roundtrip,137,/aqronos_cloud_0,1770274291.328591,2026-02-05T06:51:31.328591+00:00,1649361666.999997,2022-04-07T20:01:06.999997+00:00,1770274154.0,1770274390.9188764,2026-02-05T06:53:10.918876+00:00,2404,370408.91887630685,True,True,within GNSS interval; piecewise-linear interpolation,10,0.5995843924751971,HIGH,99.5902853012085,LOW,7.437338471412659,LOW,-36.7745147750112,-17.074708555125248,4.575481735200252,38.53717190916725,12.601467788447323,4.575481735200252,0,0,0,0,0,0,0,,,,,,,
300m_roundtrip_13,300m往返13m/s,roundtrip,138,/aqronos_cloud_0,1770274292.3240435,2026-02-05T06:51:32.324044+00:00,1649361667.999848,2022-04-07T20:01:07.999848+00:00,1770274154.0,1770274391.9143288,2026-02-05T06:53:11.914329+00:00,2404,370409.9143287109,True,True,within GNSS interval; piecewise-linear interpolation,10,0.6689303196860482,HIGH,99.5902853012085,LOW,7.437338471412659,LOW,-31.3083607272049,-16.821672872986465,3.9869124072904905,33.07949754744712,12.997267854399064,3.9869124072904905,0,0,0,0,0,0,0,,,,,,,
300m_roundtrip_13,300m往返13m/s,roundtrip,139,/aqronos_cloud_0,1770274293.336608,2026-02-05T06:51:33.336608+00:00,1649361668.99986,2022-04-07T20:01:08.999860+00:00,1770274154.0,1770274392.9268932,2026-02-05T06:53:12.926893+00:00,2404,370410.9268931316,True,True,within GNSS interval; piecewise-linear interpolation,10,0.7394683166113112,HIGH,99.5902853012085,LOW,7.437338471412659,LOW,-25.748242448811723,-16.564287459212743,3.3882254603819986,27.528004722561175,13.399871798971517,3.3882254603819986,0,0,0,0,0,0,0,,,,,,,
300m_roundtrip_13,300m往返13m/s,roundtrip,140,/aqronos_cloud_0,1770274294.339003,2026-02-05T06:51:34.339003+00:00,1649361669.99987,2022-04-07T20:01:09.999870+00:00,1770274154.0,1770274393.9292884,2026-02-05T06:53:13.929288+00:00,2404,370411.9292882846,True,True,within GNSS interval; piecewise-linear interpolation,10,0.8092978946390944,HIGH,99.5902853012085,LOW,7.437338471412659,LOW,-20.2439648950256,-16.309486988292534,2.795551175660581,22.032265996144176,13.798432359056644,2.795551175660581,0,0,0,0,0,0,0,,,,,,,
300m_roundtrip_13,300m往返13m/s,roundtrip,141,/aqronos_cloud_0,1770274295.3318155,2026-02-05T06:51:35.331815+00:00,1649361670.999882,2022-04-07T20:01:10.999882+00:00,1770274154.0,1770274394.9221008,2026-02-05T06:53:14.922101+00:00,2404,370412.9221006797,True,True,within GNSS interval; piecewise-linear interpolation,10,0.8784599116337404,HIGH,99.5902853012085,LOW,7.437338471412659,LOW,-14.79230746747048,-16.057122374360368,2.2085427744944823,16.589065765958665,14.193182735738501,2.2085427744944823,0,0,0,0,0,0,0,,,,,,,
300m_roundtrip_13,300m往返13m/s,roundtrip,142,/aqronos_cloud_0,1770274296.3213904,2026-02-05T06:51:36.321390+00:00,1649361671.999891,2022-04-07T20:01:11.999891+00:00,1770274154.0,1770274395.9116757,2026-02-05T06:53:15.911676+00:00,2404,370413.9116755889,True,True,within GNSS interval; piecewise-linear interpolation,10,0.9473963965389934,HIGH,99.5902853012085,LOW,7.437338471412659,LOW,-9.35842748111385,-15.805580702284763,1.623448563182281,11.16361539869276,14.586645861395736,1.623448563182281,0,0,0,0,0,0,0,,,,,,,
300m_roundtrip_13,300m往返13m/s,roundtrip,143,/aqronos_cloud_0,1770274297.3233664,2026-02-05T06:51:37.323366+00:00,1649361672.999909,2022-04-07T20:01:12.999909+00:00,1770274154.0,1770274396.9136517,2026-02-05T06:53:16.913652+00:00,2404,370414.9136516021,False,False,outside GNSS interval; no extrapolation,-1,,HIGH,99.5902853012085,LOW,7.437338471412659,LOW,,,,,,,,,,,,,,,,,,,,
300m_roundtrip_13,300m往返13m/s,roundtrip,144,/aqronos_cloud_0,1770274298.3331285,2026-02-05T06:51:38.333128+00:00,1649361673.999914,2022-04-07T20:01:13.999914+00:00,1770274154.0,1770274397.9234138,2026-02-05T06:53:17.923414+00:00,2404,370415.92341365083,False,False,outside GNSS interval; no extrapolation,-1,,HIGH,99.5902853012085,LOW,7.437338471412659,LOW,,,,,,,,,,,,,,,,,,,,
300m_roundtrip_5,300m往返5m/s,roundtrip,0,/aqronos_cloud_0,1770274910.3401027,2026-02-05T07:01:50.340103+00:00,1649362285.999921,2022-04-07T20:11:25.999921+00:00,1770274909.0,1770275008.7213738,2026-02-05T07:03:28.721374+00:00,2404,371026.72137378174,True,True,within GNSS interval; piecewise-linear interpolation,0,0.04468918581061607,MEDIUM,98.38127112388611,LOW,8.178115844726562,LOW,-5.042803554311632,-2.8879201089104054,0.49665401735814885,5.34920522772981,2.2706725158981427,0.49665401735814885,0,0,0,0,0,0,0,,,,,,,
300m_roundtrip_5,300m往返5m/s,roundtrip,1,/aqronos_cloud_0,1770274911.3203104,2026-02-05T07:01:51.320310+00:00,1649362286.999932,2022-04-07T20:11:26.999932+00:00,1770274909.0,1770275009.7015815,2026-02-05T07:03:29.701581+00:00,2404,371027.7015814634,True,True,within GNSS interval; piecewise-linear interpolation,0,0.10348238485233284,MEDIUM,98.38127112388611,LOW,8.178115844726562,LOW,-12.57253230884411,-4.167930528171135,1.0842735321529622,12.977513452040123,2.6503505705297887,1.0842735321529622,6,5,0,0,0,0,6-10,14.5,11.0,18.75,-1.6600000858306885,-2.4774999618530273,-0.20499999821186066,12.619999885559082
300m_roundtrip_5,300m往返5m/s,roundtrip,2,/aqronos_cloud_0,1770274912.3396008,2026-02-05T07:01:52.339601+00:00,1649362287.999943,2022-04-07T20:11:27.999943+00:00,1770274909.0,1770275010.720872,2026-02-05T07:03:30.720872+00:00,2404,371028.7208719106,True,True,within GNSS interval; piecewise-linear interpolation,0,0.1646197818214912,MEDIUM,98.38127112388611,LOW,8.178115844726562,LOW,-20.402485831347594,-5.4989774247939085,1.6953225672181187,20.909976997387243,3.0451671194646788,1.6953225672181187,3,3,0,0,0,0,3-5,15.0,14.0,20.0,-3.549999952316284,-3.6100001335144043,-2.7249999046325684,20.860000610351562
300m_roundtrip_5,300m往返5m/s,roundtrip,3,/aqronos_cloud_0,1770274913.3198702,2026-02-05T07:01:53.319870+00:00,1649362288.999954,2022-04-07T20:11:28.999954+00:00,1770274909.0,1770275011.7011414,2026-02-05T07:03:31.701141+00:00,2404,371029.7011413427,True,True,within GNSS interval; piecewise-linear interpolation,0,0.22341668467448267,MEDIUM,98.38127112388611,LOW,8.178115844726562,LOW,-27.93268893826625,-6.779068481221861,2.2829791004405666,28.538765784321612,3.4248690927788,2.2829791004405666,0,0,0,0,0,0,0,,,,,,,
300m_roundtrip_5,300m往返5m/s,roundtrip,4,/aqronos_cloud_0,1770274914.3239744,2026-02-05T07:01:54.323974+00:00,1649362289.999965,2022-04-07T20:11:29.999965+00:00,1770274909.0,1770275012.7052455,2026-02-05T07:03:32.705245+00:00,2404,371030.7052454801,True,True,within GNSS interval; piecewise-linear interpolation,0,0.283643201477795,MEDIUM,98.38127112388611,LOW,8.178115844726562,LOW,-35.64598474034465,-8.09028423883562,2.884924175016842,36.35304432232537,3.8138033081273583,2.884924175016842,0,0,0,0,0,0,0,,,,,,,
300m_roundtrip_5,300m往返5m/s,roundtrip,5,/aqronos_cloud_0,1770274915.319619,2026-02-05T07:01:55.319619+00:00,1649362290.999976,2022-04-07T20:11:30.999976+00:00,1770274909.0,1770275013.70089,2026-02-05T07:03:33.700890+00:00,2404,371031.7008900495,True,True,within GNSS interval; piecewise-linear interpolation,0,0.34336231043690113,MEDIUM,98.38127112388611,LOW,8.178115844726562,LOW,-43.294296096992845,-9.39045301588046,3.4817978679354558,44.10148763628748,4.199460756327113,3.4817978679354558,0,0,0,0,0,0,0,,,,,,,
300m_roundtrip_5,300m往返5m/s,roundtrip,6,/aqronos_cloud_0,1770274916.3349738,2026-02-05T07:01:56.334974+00:00,1649362291.999987,2022-04-07T20:11:31.999987+00:00,1770274909.0,1770275014.716245,2026-02-05T07:03:34.716245+00:00,2404,371032.71624492126,True,True,within GNSS interval; piecewise-linear interpolation,0,0.40426365021412247,MEDIUM,98.38127112388611,LOW,8.178115844726562,LOW,-51.09401743865205,-10.716360616289627,4.090487585684141,52.00332320003108,4.592752881742323,4.090487585684141,0,0,0,0,0,0,0,,,,,,,
300m_roundtrip_5,300m往返5m/s,roundtrip,7,/aqronos_cloud_0,1770274917.3343823,2026-02-05T07:01:57.334382+00:00,1649362292.999998,2022-04-07T20:11:32.999998+00:00,1770274909.0,1770275015.7156534,2026-02-05T07:03:35.715653+00:00,2404,371033.71565340477,True,True,within GNSS interval; piecewise-linear interpolation,0,0.4642085200558306,MEDIUM,98.38127112388611,LOW,8.178115844726562,LOW,-58.77124231314046,-12.021444524450006,4.689617687548966,59.78105856861089,4.979868261371484,4.689617687548966,0,0,0,0,0,0,0,,,,,,,
300m_roundtrip_5,300m往返5m/s,roundtrip,8,/aqronos_cloud_0,1770274918.327195,2026-02-05T07:01:58.327195+00:00,1649362293.999852,2022-04-07T20:11:33.999852+00:00,1770274909.0,1770275016.708466,2026-02-05T07:03:36.708466+00:00,2404,371034.7084660383,True,True,within GNSS interval; piecewise-linear interpolation,0,0.5237577685117667,MEDIUM,98.38127112388611,LOW,8.178115844726562,LOW,-66.3977993931746,-13.317915200057564,5.284793678214896,67.50746279821567,5.364428774781952,5.284793678214896,0,0,0,0,0,0,0,,,,,,,
300m_roundtrip_5,300m往返5m/s,roundtrip,9,/aqronos_cloud_0,1770274919.3277056,2026-02-05T07:01:59.327706+00:00,1649362294.999864,2022-04-07T20:11:34.999864+00:00,1770274909.0,1770275017.7089767,2026-02-05T07:03:37.708977+00:00,2404,371035.7089767309,True,True,within GNSS interval; piecewise-linear interpolation,0,0.583768749239664,MEDIUM,98.38127112388611,LOW,8.178115844726562,LOW,-74.08349118303487,-14.624438434951783,5.884584537573758,75.29377593131679,5.751971089040751,5.884584537573758,0,0,0,0,0,0,0,,,,,,,
300m_roundtrip_5,300m往返5m/s,roundtrip,10,/aqronos_cloud_0,1770274920.3275607,2026-02-05T07:02:00.327561+00:00,1649362295.999874,2022-04-07T20:11:35.999874+00:00,1770274909.0,1770275018.7088318,2026-02-05T07:03:38.708832+00:00,2404,371036.7088317724,True,True,within GNSS interval; piecewise-linear interpolation,0,0.6437404037860731,MEDIUM,98.38127112388611,LOW,8.178115844726562,LOW,-81.7641464128102,-15.93010548370755,6.483982344129548,83.07498656551381,6.139259440454751,6.483982344129548,0,0,0,0,0,0,0,,,,,,,
300m_roundtrip_5,300m往返5m/s,roundtrip,11,/aqronos_cloud_0,1770274921.3258162,2026-02-05T07:02:01.325816+00:00,1649362296.999885,2022-04-07T20:11:36.999885+00:00,1770274909.0,1770275019.7070873,2026-02-05T07:03:39.707087+00:00,2404,371037.70708726364,True,True,within GNSS interval; piecewise-linear interpolation,0,0.7036161167500804,MEDIUM,98.38127112388611,LOW,8.178115844726562,LOW,-89.43251426745474,-17.23368374962591,7.082421244774137,90.84374895783903,6.525928214877567,7.082421244774137,0,0,0,0,0,0,0,,,,,,,
300m_roundtrip_5,300m往返5m/s,roundtrip,12,/aqronos_cloud_0,1770274922.3386755,2026-02-05T07:02:02.338675+00:00,1649362297.999895,2022-04-07T20:11:37.999895+00:00,1770274909.0,1770275020.7199466,2026-02-05T07:03:40.719947+00:00,2404,371038.7199466081,True,True,within GNSS interval; piecewise-linear interpolation,0,0.7643677739303425,MEDIUM,98.38127112388611,LOW,8.178115844726562,LOW,-97.21306554569254,-18.556332549921926,7.689614932090188,98.72616348302664,6.918253711530403,7.689614932090188,0,0,0,0,0,0,0,,,,,,,
300m_roundtrip_5,300m往返5m/s,roundtrip,13,/aqronos_cloud_0,1770274923.3163798,2026-02-05T07:02:03.316380+00:00,1649362298.999923,2022-04-07T20:11:38.999923+00:00,1770274909.0,1770275021.697651,2026-02-05T07:03:41.697651+00:00,2404,371039.6976508947,True,True,within GNSS interval; piecewise-linear interpolation,0,0.8230108184609223,MEDIUM,98.38127112388611,LOW,8.178115844726562,LOW,-104.72356379808261,-19.83307389483584,8.275733699818728,106.3349894387941,7.296962089845536,8.275733699818728,0,0,0,0,0,0,0,,,,,,,
300m_roundtrip_5,300m往返5m/s,roundtrip,14,/aqronos_cloud_0,1770274924.3261395,2026-02-05T07:02:04.326139+00:00,1649362299.999918,2022-04-07T20:11:39.999918+00:00,1770274909.0,1770275022.7074106,2026-02-05T07:03:42.707411+00:00,2404,371040.70741055923,True,True,within GNSS interval; piecewise-linear interpolation,0,0.8835765557555375,MEDIUM,98.38127112388611,LOW,8.178115844726562,LOW,-112.48030405171532,-21.151674958409675,8.88106917641015,114.19328120461738,7.688086942518284,8.88106917641015,0,0,0,0,0,0,0,,,,,,,
300m_roundtrip_5,300m往返5m/s,roundtrip,15,/aqronos_cloud_0,1770274925.3234491,2026-02-05T07:02:05.323449+00:00,1649362300.999931,2022-04-07T20:11:40.999931+00:00,1770274909.0,1770275023.7047203,2026-02-05T07:03:43.704720+00:00,2404,371041.704720244,True,True,within GNSS interval; piecewise-linear interpolation,0,0.9433955389151943,MEDIUM,98.38127112388611,LOW,8.178115844726562,LOW,-120.14140643950282,-22.454018136905766,9.478941080520272,121.9546830103417,8.074389363993703,9.478941080520272,0,0,0,0,0,0,0,,,,,,,
300m_roundtrip_5,300m往返5m/s,roundtrip,16,/aqronos_cloud_0,1770274926.3231323,2026-02-05T07:02:06.323132+00:00,1649362301.99994,2022-04-07T20:11:41.999940+00:00,1770274909.0,1770275024.7044034,2026-02-05T07:03:44.704403+00:00,2404,371042.7044033857,True,True,within GNSS interval; piecewise-linear interpolation,1,0.003968490650835172,MEDIUM,98.38127112388611,LOW,8.178115844726562,LOW,-127.77264531258015,-23.735540916530407,10.081212014450378,129.683966656078,8.443552873047574,10.081212014450378,0,0,0,0,0,0,0,,,,,,,
300m_roundtrip_5,300m往返5m/s,roundtrip,17,/aqronos_cloud_0,1770274927.3262074,2026-02-05T07:02:07.326207+00:00,1649362302.99995,2022-04-07T20:11:42.999950+00:00,1770274909.0,1770275025.7074785,2026-02-05T07:03:45.707479+00:00,2404,371043.7074785085,True,True,within GNSS interval; piecewise-linear interpolation,1,0.07509502129399372,MEDIUM,98.38127112388611,LOW,8.178115844726562,LOW,-134.61602313837906,-24.616702868186113,10.735881715437921,136.58353598578412,8.508433658035155,10.735881715437921,0,0,0,0,0,0,0,,,,,,,
300m_roundtrip_5,300m往返5m/s,roundtrip,18,/aqronos_cloud_0,1770274928.3286195,2026-02-05T07:02:08.328619+00:00,1649362303.999961,2022-04-07T20:11:43.999961+00:00,1770274909.0,1770275026.7098906,2026-02-05T07:03:46.709891+00:00,2404,371044.7098905893,True,True,within GNSS interval; piecewise-linear interpolation,1,0.14617453663298605,MEDIUM,98.38127112388611,LOW,8.178115844726562,LOW,-141.45487742722077,-25.497282363523446,11.390118673610061,143.47854463542168,8.573271556215047,11.390118673610061,0,0,0,0,0,0,0,,,,,,,
300m_roundtrip_5,300m往返5m/s,roundtrip,19,/aqronos_cloud_0,1770274929.3344967,2026-02-05T07:02:09.334497+00:00,1649362304.999971,2022-04-07T20:11:44.999971+00:00,1770274909.0,1770275027.7157679,2026-02-05T07:03:47.715768+00:00,2404,371045.7157678457,True,True,within GNSS interval; piecewise-linear interpolation,1,0.21749976230306486,MEDIUM,98.38127112388611,LOW,8.178115844726562,LOW,-148.31737252373466,-26.38090587904459,12.046617222605308,150.39738820922923,8.638333588470037,12.046617222605308,0,0,0,0,0,0,0,,,,,,,
300m_roundtrip_5,300m往返5m/s,roundtrip,20,/aqronos_cloud_0,1770274930.319407,2026-02-05T07:02:10.319407+00:00,1649362305.999981,2022-04-07T20:11:45.999981+00:00,1770274909.0,1770275028.700678,2026-02-05T07:03:48.700678+00:00,2404,371046.7006780954,True,True,within GNSS interval; piecewise-linear interpolation,1,0.28733824943341574,MEDIUM,98.38127112388611,LOW,8.178115844726562,LOW,-155.0368223534046,-27.246110705766743,12.689431388762685,157.172011960458,8.702039435309313,12.689431388762685,0,0,0,0,0,0,0,,,,,,,
300m_roundtrip_5,300m往返5m/s,roundtrip,21,/aqronos_cloud_0,1770274931.3186982,2026-02-05T07:02:11.318698+00:00,1649362306.999994,2022-04-07T20:11:46.999994+00:00,1770274909.0,1770275029.6999693,2026-02-05T07:03:49.699969+00:00,2404,371047.69996927696,True,True,within GNSS interval; piecewise-linear interpolation,1,0.35819646655898285,MEDIUM,98.38127112388611,LOW,8.178115844726562,LOW,-161.85438462542854,-28.123948614190216,13.341631452489082,164.04555376288315,8.766675467860818,13.341631452489082,0,0,0,0,0,0,0,,,,,,,
300m_roundtrip_5,300m往返5m/s,roundtrip,22,/aqronos_cloud_0,1770274932.3200626,2026-02-05T07:02:12.320063+00:00,1649362307.999847,2022-04-07T20:11:47.999847+00:00,1770274909.0,1770275030.7013338,2026-02-05T07:03:50.701334+00:00,2404,371048.7013337465,True,True,within GNSS interval; piecewise-linear interpolation,1,0.42920169737927466,MEDIUM,98.38127112388611,LOW,8.178115844726562,LOW,-168.68609169334607,-29.0036078243557,13.995184673900749,170.93335650521345,8.83144560457615,13.995184673900749,0,0,0,0,0,0,0,,,,,,,
300m_roundtrip_5,300m往返5m/s,roundtrip,23,/aqronos_cloud_0,1770274933.3185344,2026-02-05T07:02:13.318534+00:00,1649362308.99986,2022-04-07T20:11:48.999860+00:00,1770274909.0,1770275031.6998055,2026-02-05T07:03:51.699805+00:00,2404,371049.6998054834,True,True,within GNSS interval; piecewise-linear interpolation,1,0.5000018089311563,MEDIUM,98.38127112388611,LOW,8.178115844726562,LOW,-175.49806338769218,-29.88072588295313,14.646849916679091,177.80126182529563,8.896028633906518,14.646849916679091,0,0,0,0,0,0,0,,,,,,,
300m_roundtrip_5,300m往返5m/s,roundtrip,24,/aqronos_cloud_0,1770274934.3323097,2026-02-05T07:02:14.332310+00:00,1649362309.999867,2022-04-07T20:11:49.999867+00:00,1770274909.0,1770275032.7135808,2026-02-05T07:03:52.713581+00:00,2404,371050.71358083206,True,True,within GNSS interval; piecewise-linear interpolation,1,0.5718870763060584,MEDIUM,98.38127112388611,LOW,8.178115844726562,LOW,-182.41444241400913,-30.771287561170645,15.308503255766329,184.77443177401582,8.961601529619998,15.308503255766329,0,0,0,0,0,0,0,,,,,,,
300m_roundtrip_5,300m往返5m/s,roundtrip,25,/aqronos_cloud_0,1770274935.3319678,2026-02-05T07:02:15.331968+00:00,1649362310.999876,2022-04-07T20:11:50.999876+00:00,1770274909.0,1770275033.713239,2026-02-05T07:03:53.713239+00:00,2404,371051.7132389398,True,True,within GNSS interval; piecewise-linear interpolation,1,0.6427713116096593,MEDIUM,98.38127112388611,LOW,8.178115844726562,LOW,-189.23450800260161,-31.64944779978972,15.960942798526492,191.65049744793515,9.0262612956476,15.960942798526492,0,0,0,0,0,0,0,,,,,,,
300m_roundtrip_5,300m往返5m/s,roundtrip,26,/aqronos_cloud_0,1770274936.3355772,2026-02-05T07:02:16.335577+00:00,1649362311.999887,2022-04-07T20:11:51.999887+00:00,1770274909.0,1770275034.7168484,2026-02-05T07:03:54.716848+00:00,2404,371052.7168483587,True,True,within GNSS interval; piecewise-linear interpolation,1,0.713935728371709,MEDIUM,98.38127112388611,LOW,8.178115844726562,LOW,-196.08153100866704,-32.53107910944955,16.615961214598293,198.5537418887645,9.091176639907385,16.615961214598293,0,0,0,0,0,0,0,,,,,,,
300m_roundtrip_5,300m往返5m/s,roundtrip,27,/aqronos_cloud_0,1770274937.3307211,2026-02-05T07:02:17.330721+00:00,1649362312.999898,2022-04-07T20:11:52.999898+00:00,1770274909.0,1770275035.7119923,2026-02-05T07:03:55.711992+00:00,2404,371053.71199224907,True,True,within GNSS interval; piecewise-linear interpolation,1,0.7844998673901309,MEDIUM,98.38127112388611,LOW,8.178115844726562,LOW,-202.8707988091444,-33.405273786065024,17.265454496133415,205.3987568915517,9.155544417867155,17.265454496133415,0,0,0,0,0,0,0,,,,,,,
300m_roundtrip_5,300m往返5m/s,roundtrip,28,/aqronos_cloud_0,1770274938.330798,2026-02-05T07:02:18.330798+00:00,1649362313.999909,2022-04-07T20:11:53.999909+00:00,1770274909.0,1770275036.712069,2026-02-05T07:03:56.712069+00:00,2404,371054.71206901985,True,True,within GNSS interval; piecewise-linear interpolation,1,0.8554137894517742,MEDIUM,98.38127112388611,LOW,8.178115844726562,LOW,-209.6937206835682,-34.283801803646725,17.918167284626712,212.27770230448598,9.2202312638064,17.918167284626712,0,0,0,0,0,0,0,,,,,,,
300m_roundtrip_5,300m往返5m/s,roundtrip,29,/aqronos_cloud_0,1770274939.3316326,2026-02-05T07:02:19.331633+00:00,1649362314.99992,2022-04-07T20:11:54.999920+00:00,1770274909.0,1770275037.7129037,2026-02-05T07:03:57.712904+00:00,2404,371055.7129037233,True,True,within GNSS interval; piecewise-linear interpolation,1,0.9263814553652492,MEDIUM,98.38127112388611,LOW,8.178115844726562,LOW,-216.52181347636204,-35.16299563519322,18.571374747485404,219.16186109460043,9.284967134255407,18.571374747485404,0,0,0,0,0,0,0,,,,,,,
300m_roundtrip_5,300m往返5m/s,roundtrip,30,/aqronos_cloud_0,1770274940.3207588,2026-02-05T07:02:20.320759+00:00,1649362315.99994,2022-04-07T20:11:55.999940+00:00,1770274909.0,1770275038.70203,2026-02-05T07:03:58.702030+00:00,2404,371056.70202992874,True,True,within GNSS interval; piecewise-linear interpolation,1,0.9965188895015586,MEDIUM,98.38127112388611,LOW,8.178115844726562,LOW,-223.2700262344803,-36.03190401282429,19.216940510624,225.96548394890465,9.348945677038664,19.216940510624,0,0,0,0,0,0,0,,,,,,,
300m_roundtrip_5,300m往返5m/s,roundtrip,31,/aqronos_cloud_0,1770274941.3255105,2026-02-05T07:02:21.325511+00:00,1649362316.999944,2022-04-07T20:11:56.999944+00:00,1770274909.0,1770275039.7067816,2026-02-05T07:03:59.706782+00:00,2404,371057.706781611,True,True,within GNSS interval; piecewise-linear interpolation,2,0.0733143350861632,MEDIUM,98.38127112388611,LOW,8.178115844726562,LOW,-229.57121619141265,-36.67052412995061,19.686124251426246,232.29796664228766,9.237171505835661,19.686124251426246,0,0,0,0,0,0,0,,,,,,,
300m_roundtrip_5,300m往返5m/s,roundtrip,32,/aqronos_cloud_0,1770274942.3237326,2026-02-05T07:02:22.323733+00:00,1649362317.999956,2022-04-07T20:11:57.999956+00:00,1770274909.0,1770275040.7050037,2026-02-05T07:04:00.705004+00:00,2404,371058.7050037237,True,True,within GNSS interval; piecewise-linear interpolation,2,0.14989396799311633,MEDIUM,98.38127112388611,LOW,8.178115844726562,LOW,-235.80320124798354,-37.29254027440131,20.142736416396605,238.5597655213303,9.117102243738255,20.142736416396605,0,0,0,0,0,0,0,,,,,,,
300m_roundtrip_5,300m往返5m/s,roundtrip,33,/aqronos_cloud_0,1770274943.315813,2026-02-05T07:02:23.315813+00:00,1649362318.999966,2022-04-07T20:11:58.999966+00:00,1770274909.0,1770275041.6970842,2026-02-05T07:04:01.697084+00:00,2404,371059.69708417373,True,True,within GNSS interval; piecewise-linear interpolation,2,0.22600243695649017,MEDIUM,98.38127112388611,LOW,8.178115844726562,LOW,-241.99684338563304,-37.91072940155689,20.596539228799355,244.78303804889077,8.997771719930466,20.596539228799355,0,0,0,0,0,0,0,,,,,,,
300m_roundtrip_5,300m往返5m/s,roundtrip,34,/aqronos_cloud_0,1770274944.3208737,2026-02-05T07:02:24.320874+00:00,1649362319.999976,2022-04-07T20:11:59.999976+00:00,1770274909.0,1770275042.7021449,2026-02-05T07:04:02.702145+00:00,2404,371060.7021448465,True,True,within GNSS interval; piecewise-linear interpolation,2,0.30310669701381926,MEDIUM,98.38127112388611,LOW,8.178115844726562,LOW,-248.27152215118772,-38.537006816856824,21.05627952496912,251.0877348836618,8.876879894542657,21.05627952496912,0,0,0,0,0,0,0,,,,,,,
300m_roundtrip_5,300m往返5m/s,roundtrip,35,/aqronos_cloud_0,1770274945.303114,2026-02-05T07:02:25.303114+00:00,1649362320.999992,2022-04-07T20:12:00.999992+00:00,1770274909.0,1770275043.684385,2026-02-05T07:04:03.684385+00:00,2404,371061.68438504654,True,True,within GNSS interval; piecewise-linear interpolation,2,0.3784602611074979,MEDIUM,98.38127112388611,LOW,8.178115844726562,LOW,-254.40373077592406,-39.14906424817305,21.505581156916787,257.2492800003246,8.758732986628772,21.505581156916787,0,0,0,0,0,0,0,,,,,,,
300m_roundtrip_5,300m往返5m/s,roundtrip,36,/aqronos_cloud_0,1770274946.3249874,2026-02-05T07:02:26.324987+00:00,1649362321.999843,2022-04-07T20:12:01.999843+00:00,1770274909.0,1770275044.7062585,2026-02-05T07:04:04.706259+00:00,2404,371062.70625852066,True,True,within GNSS interval; piecewise-linear interpolation,2,0.4568543324603753,MEDIUM,98.38127112388611,LOW,8.178115844726562,LOW,-260.78337328202605,-39.78581812331839,21.973012055740384,263.6594427222781,8.635818865173164,21.973012055740384,0,0,0,0,0,0,0,,,,,,,
300m_roundtrip_5,300m往返5m/s,roundtrip,37,/aqronos_cloud_0,1770274947.337038,2026-02-05T07:02:27.337038+00:00,1649362322.999852,2022-04-07T20:12:02.999852+00:00,1770274909.0,1770275045.7183092,2026-02-05T07:04:05.718309+00:00,2404,371063.7183091493,True,True,within GNSS interval; piecewise-linear interpolation,2,0.534494834151938,MEDIUM,98.38127112388611,LOW,8.178115844726562,LOW,-267.1016909333314,-40.41645114782091,22.435949735395287,270.007987211271,8.51408626613727,22.435949735395287,0,0,0,0,0,0,0,,,,,,,
300m_roundtrip_5,300m往返5m/s,roundtrip,38,/aqronos_cloud_0,1770274948.3287442,2026-02-05T07:02:28.328744+00:00,1649362323.999867,2022-04-07T20:12:03.999867+00:00,1770274909.0,1770275046.7100153,2026-02-05T07:04:06.710015+00:00,2404,371064.7100152822,True,True,within GNSS interval; piecewise-linear interpolation,2,0.6105745869898686,MEDIUM,98.38127112388611,LOW,8.178115844726562,LOW,-273.2929961772423,-41.03440702896898,22.889581325611267,276.2289116653909,8.394800766363431,22.889581325611267,0,0,0,0,0,0,0,,,,,,,
300m_roundtrip_5,300m往返5m/s,roundtrip,39,/aqronos_cloud_0,1770274949.3226087,2026-02-05T07:02:29.322609+00:00,1649362324.999873,2022-04-07T20:12:04.999873+00:00,1770274909.0,1770275047.7038798,2026-02-05T07:04:07.703880+00:00,2404,371065.7038798185,True,True,within GNSS interval; piecewise-linear interpolation,2,0.6868199239575049,MEDIUM,98.38127112388611,LOW,8.178115844726562,LOW,-279.4977765160676,-41.653707863050776,23.344200224398467,282.4633756792922,8.275255647112267,23.344200224398467,0,0,0,0,0,0,0,,,,,,,
300m_roundtrip_5,300m往返5m/s,roundtrip,40,/aqronos_cloud_0,1770274950.3173594,2026-02-05T07:02:30.317359+00:00,1649362325.999882,2022-04-07T20:12:05.999882+00:00,1770274909.0,1770275048.6986306,2026-02-05T07:04:08.698631+00:00,2404,371066.69863055664,True,True,within GNSS interval; piecewise-linear interpolation,2,0.7631332468093915,MEDIUM,98.38127112388611,LOW,8.178115844726562,LOW,-285.70808948803074,-42.273560910769454,23.799224494439308,288.7033987944536,8.155603932743773,23.799224494439308,0,0,0,0,0,0,0,,,,,,,
300m_roundtrip_5,300m往返5m/s,roundtrip,41,/aqronos_cloud_0,1770274951.3272095,2026-02-05T07:02:31.327209+00:00,1649362326.999892,2022-04-07T20:12:06.999892+00:00,1770274909.0,1770275049.7084806,2026-02-05T07:04:09.708481+00:00,2404,371067.7084805818,True,True,within GNSS interval; piecewise-linear interpolation,2,0.8406049269481888,MEDIUM,98.38127112388611,LOW,8.178115844726562,LOW,-292.0126685857008,-42.902822686450776,24.261155562129964,295.0381390045575,8.034136029143177,24.261155562129964,0,0,0,0,0,0,0,,,,,,,
300m_roundtrip_5,300m往返5m/s,roundtrip,42,/aqronos_cloud_0,1770274952.3260882,2026-02-05T07:02:32.326088+00:00,1649362327.999903,2022-04-07T20:12:07.999903+00:00,1770274909.0,1770275050.7073593,2026-02-05T07:04:10.707359+00:00,2404,371068.70735929924,True,True,within GNSS interval; piecewise-linear interpolation,2,0.9172349319630851,MEDIUM,98.38127112388611,LOW,8.178115844726562,LOW,-298.24875288135206,-43.5252479770828,24.718068074808834,301.3040567334442,7.91398778858111,24.718068074808834,0,0,0,0,0,0,0,,,,,,,
300m_roundtrip_5,300m往返5m/s,roundtrip,43,/aqronos_cloud_0,1770274953.3269913,2026-02-05T07:02:33.326991+00:00,1649362328.999915,2022-04-07T20:12:08.999915+00:00,1770274909.0,1770275051.7082624,2026-02-05T07:04:11.708262+00:00,2404,371069.7082624288,True,True,within GNSS interval; piecewise-linear interpolation,2,0.9940202418322103,MEDIUM,98.38127112388611,LOW,8.178115844726562,LOW,-304.49747575326734,-44.14893472749172,25.175906605059577,307.58267350155586,7.793596045425218,25.175906605059577,0,0,0,0,0,0,0,,,,,,,
300m_roundtrip_5,300m往返5m/s,roundtrip,44,/aqronos_cloud_0,1770274954.3319569,2026-02-05T07:02:34.331957+00:00,1649362329.999925,2022-04-07T20:12:09.999925+00:00,1770274909.0,1770275052.713228,2026-02-05T07:04:12.713228+00:00,2404,371070.71322797256,True,True,within GNSS interval; piecewise-linear interpolation,3,0.06401043435211504,MEDIUM,98.38127112388611,LOW,8.178115844726562,LOW,-299.71130322271745,-43.30409887782866,24.97731427816883,302.7301452556371,7.5212640281609495,24.97731427816883,0,0,0,0,0,0,0,,,,,,,
300m_roundtrip_5,300m往返5m/s,roundtrip,45,/aqronos_cloud_0,1770274955.3249047,2026-02-05T07:02:35.324905+00:00,1649362330.999938,2022-04-07T20:12:10.999938+00:00,1770274909.0,1770275053.7061758,2026-02-05T07:04:13.706176+00:00,2404,371071.7061757894,True,True,within GNSS interval; piecewise-linear interpolation,3,0.13257324613389684,MEDIUM,98.38127112388611,LOW,8.178115844726562,LOW,-294.0635052178117,-42.34715416101979,24.726407675450908,297.00877876859204,7.239606405926544,24.726407675450908,0,0,0,0,0,0,0,,,,,,,
300m_roundtrip_5,300m往返5m/s,roundtrip,46,/aqronos_cloud_0,1770274956.3359823,2026-02-05T07:02:36.335982+00:00,1649362331.999953,2022-04-07T20:12:11.999953+00:00,1770274909.0,1770275054.7172534,2026-02-05T07:04:14.717253+00:00,2404,371072.71725343185,True,True,within GNSS interval; piecewise-linear interpolation,3,0.2023879180825589,MEDIUM,98.38127112388611,LOW,8.178115844726562,LOW,-288.31258639319066,-41.37273698440731,24.47091987232146,291.18294820518946,6.952806113069251,24.47091987232146,0,0,0,0,0,0,0,,,,,,,
300m_roundtrip_5,300m往返5m/s,roundtrip,47,/aqronos_cloud_0,1770274957.3414192,2026-02-05T07:02:37.341419+00:00,1649362332.999959,2022-04-07T20:12:12.999959+00:00,1770274909.0,1770275055.7226903,2026-02-05T07:04:15.722690+00:00,2404,371073.72269032913,True,True,within GNSS interval; piecewise-linear interpolation,3,0.2718130979125468,MEDIUM,98.38127112388611,LOW,8.178115844726562,LOW,-282.5937516204573,-40.40375602628584,24.216857421241357,285.3896196220417,6.667605862876094,24.216857421241357,0,0,0,0,0,0,0,,,,,,,
300m_roundtrip_5,300m往返5m/s,roundtrip,48,/aqronos_cloud_0,1770274958.3128178,2026-02-05T07:02:38.312818+00:00,1649362333.999971,2022-04-07T20:12:13.999971+00:00,1770274909.0,1770275056.694089,2026-02-05T07:04:16.694089+00:00,2404,371074.6940889211,True,True,within GNSS interval; piecewise-linear interpolation,3,0.33888794081761175,MEDIUM,98.38127112388611,LOW,8.178115844726562,LOW,-277.0685236711676,-39.467579185215236,23.97139606217819,279.7924197939153,6.392060851324992,23.97139606217819,0,0,0,0,0,0,0,,,,,,,
300m_roundtrip_5,300m往返5m/s,roundtrip,49,/aqronos_cloud_0,1770274959.315608,2026-02-05T07:02:39.315608+00:00,1649362334.99998,2022-04-07T20:12:14.999980+00:00,1770274909.0,1770275057.6968791,2026-02-05T07:04:17.696879+00:00,2404,371075.69687913376,True,True,within GNSS interval; piecewise-linear interpolation,3,0.40813036769906413,MEDIUM,98.38127112388611,LOW,8.178115844726562,LOW,-271.3647430030036,-38.50114894612115,23.718002398160085,274.01434141081035,6.107611354486366,23.718002398160085,0,0,0,0,0,0,0,,,,,,,
300m_roundtrip_5,300m往返5m/s,roundtrip,50,/aqronos_cloud_0,1770274960.315884,2026-02-05T07:02:40.315884+00:00,1649362335.999991,2022-04-07T20:12:15.999991+00:00,1770274909.0,1770275058.6971552,2026-02-05T07:04:18.697155+00:00,2404,371076.6971552225,True,True,within GNSS interval; piecewise-linear interpolation,3,0.47719919491901697,MEDIUM,98.38127112388611,LOW,8.178115844726562,LOW,-265.6752624458821,-37.53714167181795,23.465244024617498,268.2507494126661,5.82387500908666,23.465244024617498,0,0,0,0,0,0,0,,,,,,,
300m_roundtrip_5,300m往返5m/s,roundtrip,51,/aqronos_cloud_0,1770274961.327818,2026-02-05T07:02:41.327818+00:00,1649362336.999842,2022-04-07T20:12:16.999842+00:00,1770274909.0,1770275059.709089,2026-02-05T07:04:19.709089+00:00,2404,371077.70908902603,True,True,within GNSS interval; piecewise-linear interpolation,3,0.5470729845902437,MEDIUM,98.38127112388611,LOW,8.178115844726562,LOW,-259.9194738537168,-36.56189937746586,23.209539879326115,262.41998564789856,5.53683185925285,23.209539879326115,0,0,0,0,0,0,0,,,,,,,
300m_roundtrip_5,300m往返5m/s,roundtrip,52,/aqronos_cloud_0,1770274962.3301327,2026-02-05T07:02:42.330133+00:00,1649362337.999853,2022-04-07T20:12:17.999853+00:00,1770274909.0,1770275060.7114038,2026-02-05T07:04:20.711404+00:00,2404,371078.711403832,True,True,within GNSS interval; piecewise-linear interpolation,3,0.61628258475524,MEDIUM,98.38127112388611,LOW,8.178115844726562,LOW,-254.21839725586275,-35.595927307342194,22.956266345152315,256.6446465584504,5.25251721532738,22.956266345152315,0,0,0,0,0,0,0,,,,,,,
300m_roundtrip_5,300m往返5m/s,roundtrip,53,/aqronos_cloud_0,1770274963.3209362,2026-02-05T07:02:43.320936+00:00,1649362338.999864,2022-04-07T20:12:18.999864+00:00,1770274909.0,1770275061.7022073,2026-02-05T07:04:21.702207+00:00,2404,371079.70220731216,True,True,within GNSS interval; piecewise-linear interpolation,3,0.6846973305952933,MEDIUM,98.38127112388611,LOW,8.178115844726562,LOW,-248.5827960455248,-34.64104917615013,22.7059015918926,250.9356357419921,4.971467851418403,22.7059015918926,0,0,0,0,0,0,0,,,,,,,
300m_roundtrip_5,300m往返5m/s,roundtrip,54,/aqronos_cloud_0,1770274964.3338099,2026-02-05T07:02:44.333810+00:00,1649362339.999878,2022-04-07T20:12:19.999878+00:00,1770274909.0,1770275062.715081,2026-02-05T07:04:22.715081+00:00,2404,371080.71508096176,True,True,within GNSS interval; piecewise-linear interpolation,3,0.7546360164130949,MEDIUM,98.38127112388611,LOW,8.178115844726562,LOW,-242.8216616934989,-33.66490111345232,22.449959958212933,245.09945658324483,4.6841581067081535,22.449959958212933,0,0,0,0,0,0,0,,,,,,,
300m_roundtrip_5,300m往返5m/s,roundtrip,55,/aqronos_cloud_0,1770274965.3245766,2026-02-05T07:02:45.324577+00:00,1649362340.999889,2022-04-07T20:12:20.999889+00:00,1770274909.0,1770275063.7058477,2026-02-05T07:04:23.705848+00:00,2404,371081.70584772545,True,True,within GNSS interval; piecewise-linear interpolation,3,0.8230482269901921,MEDIUM,98.38127112388611,LOW,8.178115844726562,LOW,-237.1862693230946,-32.710058367426484,22.199604482784725,239.39065732707897,4.403119157718244,22.199604482784725,0,0,0,0,0,0,0,,,,,,,
300m_roundtrip_5,300m往返5m/s,roundtrip,56,/aqronos_cloud_0,1770274966.3110135,2026-02-05T07:02:46.311013+00:00,1649362341.9999,2022-04-07T20:12:21.999900+00:00,1770274909.0,1770275064.6922846,2026-02-05T07:04:24.692285+00:00,2404,371082.6922845693,True,True,within GNSS interval; piecewise-linear interpolation,3,0.8911614576286935,MEDIUM,98.38127112388611,LOW,8.178115844726562,LOW,-231.57550514772527,-31.759388543502816,21.950343128771966,233.7068070739736,4.123308425255818,21.950343128771966,0,0,0,0,0,0,0,,,,,,,
300m_roundtrip_5,300m往返5m/s,roundtrip,57,/aqronos_cloud_0,1770274967.3264868,2026-02-05T07:02:47.326487+00:00,1649362342.99991,2022-04-07T20:12:22.999910+00:00,1770274909.0,1770275065.707758,2026-02-05T07:04:25.707758+00:00,2404,371083.7077579351,True,True,within GNSS interval; piecewise-linear interpolation,3,0.9612796532339765,MEDIUM,98.38127112388611,LOW,8.178115844726562,LOW,-225.79958384351278,-30.78073502721754,21.69374457642515,227.85564834750588,3.835261250171925,21.69374457642515,0,0,0,0,0,0,0,,,,,,,
300m_roundtrip_5,300m往返5m/s,roundtrip,58,/aqronos_cloud_0,1770274968.3170846,2026-02-05T07:02:48.317085+00:00,1649362343.999937,2022-04-07T20:12:23.999937+00:00,1770274909.0,1770275066.6983557,2026-02-05T07:04:26.698356+00:00,2404,371084.69835566,True,True,within GNSS interval; piecewise-linear interpolation,4,0.02818626577309605,MEDIUM,98.38127112388611,LOW,8.178115844726562,LOW,-219.8027272139802,-29.946469400219897,21.143564132112477,221.80219963726887,3.7167400111976434,21.143564132112477,0,0,0,0,0,0,0,,,,,,,
300m_roundtrip_5,300m往返5m/s,roundtrip,59,/aqronos_cloud_0,1770274969.3309135,2026-02-05T07:02:49.330914+00:00,1649362344.999948,2022-04-07T20:12:24.999948+00:00,1770274909.0,1770275067.7121847,2026-02-05T07:04:27.712185+00:00,2404,371085.71218465286,True,True,within GNSS interval; piecewise-linear interpolation,4,0.0946672961584243,MEDIUM,98.38127112388611,LOW,8.178115844726562,LOW,-213.18132999030928,-29.253413449849088,20.180103560069146,215.14531722291628,3.8123656639522423,20.180103560069146,0,0,0,0,0,0,0,,,,,,,
300m_roundtrip_5,300m往返5m/s,roundtrip,60,/aqronos_cloud_0,1770274970.3226676,2026-02-05T07:02:50.322668+00:00,1649362345.999942,2022-04-07T20:12:25.999942+00:00,1770274909.0,1770275068.7039387,2026-02-05T07:04:28.703939+00:00,2404,371086.7039387079,True,True,within GNSS interval; piecewise-linear interpolation,4,0.15970078004197194,MEDIUM,98.38127112388611,LOW,8.178115844726562,LOW,-206.7041059290047,-28.575447980336996,19.23762121252958,208.6333806193583,3.9059091802188313,19.23762121252958,0,0,0,0,0,0,0,,,,,,,
300m_roundtrip_5,300m往返5m/s,roundtrip,61,/aqronos_cloud_0,1770274971.3314598,2026-02-05T07:02:51.331460+00:00,1649362346.999953,2022-04-07T20:12:26.999953+00:00,1770274909.0,1770275069.712731,2026-02-05T07:04:29.712731+00:00,2404,371087.7127308698,True,True,within GNSS interval; piecewise-linear interpolation,4,0.22585152424431285,MEDIUM,98.38127112388611,LOW,8.178115844726562,LOW,-200.1156046457603,-27.885835219747058,18.27894723469146,202.009570440356,4.001059752613497,18.27894723469146,0,0,0,0,0,0,0,,,,,,,
300m_roundtrip_5,300m往返5m/s,roundtrip,62,/aqronos_cloud_0,1770274972.314428,2026-02-05T07:02:52.314428+00:00,1649362347.999963,2022-04-07T20:12:27.999963+00:00,1770274909.0,1770275070.6956992,2026-02-05T07:04:30.695699+00:00,2404,371088.6956992002,True,True,within GNSS interval; piecewise-linear interpolation,4,0.2903088912177457,MEDIUM,98.38127112388611,LOW,8.178115844726562,LOW,-193.69576084596844,-27.21387569283769,17.344814124890323,195.5553216088636,4.093774588047772,17.344814124890323,0,0,0,0,0,0,0,,,,,,,
300m_roundtrip_5,300m往返5m/s,roundtrip,63,/aqronos_cloud_0,1770274973.3225946,2026-02-05T07:02:53.322595+00:00,1649362348.999974,2022-04-07T20:12:28.999974+00:00,1770274909.0,1770275071.7038658,2026-02-05T07:04:31.703866+00:00,2404,371089.7038657518,True,True,within GNSS interval; piecewise-linear interpolation,4,0.356418611518536,MEDIUM,98.38127112388611,LOW,8.178115844726562,LOW,-187.1113454733403,-26.52469060099645,16.386734676219795,188.9356192375655,4.188866152070556,16.386734676219795,0,0,0,0,0,0,0,,,,,,,
300m_roundtrip_5,300m往返5m/s,roundtrip,64,/aqronos_cloud_0,1770274974.3352623,2026-02-05T07:02:54.335262+00:00,1649362349.999985,2022-04-07T20:12:29.999985+00:00,1770274909.0,1770275072.7165334,2026-02-05T07:04:32.716533+00:00,2404,371090.71653340774,True,True,within GNSS interval; piecewise-linear interpolation,4,0.4228234881597891,MEDIUM,98.38127112388611,LOW,8.178115844726562,LOW,-180.49753303267696,-25.83242854333712,15.424377744258523,182.286362254359,4.284382266037252,15.424377744258523,0,0,0,0,0,0,0,,,,,,,
300m_roundtrip_5,300m往返5m/s,roundtrip,65,/aqronos_cloud_0,1770274975.3324363,2026-02-05T07:02:55.332436+00:00,1649362350.99985,2022-04-07T20:12:30.999850+00:00,1770274909.0,1770275073.7137074,2026-02-05T07:04:33.713707+00:00,2404,371091.7137074323,True,True,within GNSS interval; piecewise-linear interpolation,4,0.4882123822392021,MEDIUM,98.38127112388611,LOW,8.178115844726562,LOW,-173.9849107221195,-25.15075796953228,14.476744698713317,175.73883769632698,4.378437000793962,14.476744698713317,0,0,0,0,0,0,0,,,,,,,
300m_roundtrip_5,300m往返5m/s,roundtrip,66,/aqronos_cloud_0,1770274976.3147135,2026-02-05T07:02:56.314713+00:00,1649362351.999848,2022-04-07T20:12:31.999848+00:00,1770274909.0,1770275074.6959846,2026-02-05T07:04:34.695985+00:00,2404,371092.69598458725,True,True,within GNSS interval; piecewise-linear interpolation,4,0.5526244259311581,MEDIUM,98.38127112388611,LOW,8.178115844726562,LOW,-167.5695810438507,-24.47927093183879,13.543268425824085,169.2891271783005,4.47108664367104,13.543268425824085,0,0,0,0,0,0,0,,,,,,,
300m_roundtrip_5,300m往返5m/s,roundtrip,67,/aqronos_cloud_0,1770274977.3288789,2026-02-05T07:02:57.328879+00:00,1649362352.999858,2022-04-07T20:12:32.999858+00:00,1770274909.0,1770275075.71015,2026-02-05T07:04:35.710150+00:00,2404,371093.7101499887,True,True,within GNSS interval; piecewise-linear interpolation,4,0.6191275160440352,MEDIUM,98.38127112388611,LOW,8.178115844726562,LOW,-160.9459867089452,-23.785985011725447,12.579488158409006,162.63003587802163,4.56674402691829,12.579488158409006,0,0,0,0,0,0,0,,,,,,,
300m_roundtrip_5,300m往返5m/s,roundtrip,68,/aqronos_cloud_0,1770274978.3359184,2026-02-05T07:02:58.335918+00:00,1649362353.999869,2022-04-07T20:12:33.999869+00:00,1770274909.0,1770275076.7171896,2026-02-05T07:04:36.717190+00:00,2404,371094.7171895357,True,True,within GNSS interval; piecewise-linear interpolation,4,0.6851633339124207,MEDIUM,98.38127112388611,LOW,8.178115844726562,LOW,-154.3689318925225,-23.09757034296923,11.622479723219875,156.017733509398,4.661729290417476,11.622479723219875,0,0,0,0,0,0,0,,,,,,,
300m_roundtrip_5,300m往返5m/s,roundtrip,69,/aqronos_cloud_0,1770274979.3304746,2026-02-05T07:02:59.330475+00:00,1649362354.99988,2022-04-07T20:12:34.999880+00:00,1770274909.0,1770275077.7117457,2026-02-05T07:04:37.711746+00:00,2404,371095.71174572426,True,True,within GNSS interval; piecewise-linear interpolation,4,0.750380565476961,MEDIUM,98.38127112388611,LOW,8.178115844726562,LOW,-147.8734068756261,-22.41768932818143,10.677334455975021,149.4873978723234,4.755537107520492,10.677334455975021,0,0,0,0,0,0,0,,,,,,,
300m_roundtrip_5,300m往返5m/s,roundtrip,70,/aqronos_cloud_0,1770274980.3179114,2026-02-05T07:03:00.317911+00:00,1649362355.99989,2022-04-07T20:12:35.999890+00:00,1770274909.0,1770275078.6991825,2026-02-05T07:04:38.699183+00:00,2404,371096.69918249565,True,True,within GNSS interval; piecewise-linear interpolation,4,0.8151309469179481,MEDIUM,98.38127112388611,LOW,8.178115844726562,LOW,-141.4243793346871,-21.7426751641958,9.738954903468493,143.00380889906566,4.848673412050001,9.738954903468493,0,0,0,0,0,0,0,,,,,,,
300m_roundtrip_5,300m往返5m/s,roundtrip,71,/aqronos_cloud_0,1770274981.3351448,2026-02-05T07:03:01.335145+00:00,1649362356.999914,2022-04-07T20:12:36.999914+00:00,1770274909.0,1770275079.716416,2026-02-05T07:04:39.716416+00:00,2404,371097.7164158674,True,True,within GNSS interval; piecewise-linear interpolation,4,0.881835216743155,MEDIUM,98.38127112388611,LOW,8.178115844726562,LOW,-134.780747843604,-21.047291972185253,8.772259086766626,136.324573060091,4.944620170194135,8.772259086766626,0,0,0,0,0,0,0,,,,,,,
300m_roundtrip_5,300m往返5m/s,roundtrip,72,/aqronos_cloud_0,1770274982.3209934,2026-02-05T07:03:02.320993+00:00,1649362357.999913,2022-04-07T20:12:37.999913+00:00,1770274909.0,1770275080.7022645,2026-02-05T07:04:40.702265+00:00,2404,371098.7022645326,True,True,within GNSS interval; piecewise-linear interpolation,4,0.9464814593852744,MEDIUM,98.38127112388611,LOW,8.178115844726562,LOW,-128.34209234939325,-20.37336344140659,7.835388741114254,129.85141171911897,5.037606682511324,7.835388741114254,0,0,0,0,0,0,0,,,,,,,
300m_roundtrip_5,300m往返5m/s,roundtrip,73,/aqronos_cloud_0,1770274983.3315258,2026-02-05T07:03:03.331526+00:00,1649362358.999924,2022-04-07T20:12:38.999924+00:00,1770274909.0,1770275081.712797,2026-02-05T07:04:41.712797+00:00,2404,371099.7127969118,True,True,within GNSS interval; piecewise-linear interpolation,5,0.010835104665825407,MEDIUM,98.38127112388611,LOW,8.178115844726562,LOW,-121.68503559002173,-19.63764574202327,6.994125575195334,123.1540704034726,5.095091745059575,6.994125575195334,0,0,0,0,0,0,0,,,,,,,
300m_roundtrip_5,300m往返5m/s,roundtrip,74,/aqronos_cloud_0,1770274984.3266523,2026-02-05T07:03:04.326652+00:00,1649362359.999937,2022-04-07T20:12:39.999937+00:00,1770274909.0,1770275082.7079234,2026-02-05T07:04:42.707923+00:00,2404,371100.7079233976,True,True,within GNSS interval; piecewise-linear interpolation,5,0.06630530292167829,MEDIUM,98.38127112388611,LOW,8.178115844726562,LOW,-114.89300244751662,-18.727431376936078,6.657988104463197,116.30204566697958,4.995284882637826,6.657988104463197,0,0,0,0,0,0,0,,,,,,,
300m_roundtrip_5,300m往返5m/s,roundtrip,75,/aqronos_cloud_0,1770274985.327285,2026-02-05T07:03:05.327285+00:00,1649362360.999947,2022-04-07T20:12:40.999947+00:00,1770274909.0,1770275083.7085562,2026-02-05T07:04:43.708556+00:00,2404,371101.7085561605,True,True,within GNSS interval; piecewise-linear interpolation,5,0.12208243128729253,MEDIUM,98.38127112388611,LOW,8.178115844726562,LOW,-108.06338733228598,-17.812180574198276,6.319990703281363,109.41210700966805,4.8949257645508535,6.319990703281363,0,0,0,0,0,0,0,,,,,,,
300m_roundtrip_5,300m往返5m/s,roundtrip,76,/aqronos_cloud_0,1770274986.3267372,2026-02-05T07:03:06.326737+00:00,1649362361.999957,2022-04-07T20:12:41.999957+00:00,1770274909.0,1770275084.7080083,2026-02-05T07:04:44.708008+00:00,2404,371102.7080082746,True,True,within GNSS interval; piecewise-linear interpolation,5,0.17779374809613957,MEDIUM,98.38127112388611,LOW,8.178115844726562,LOW,-101.24183049499156,-16.89800967790108,5.982392105978589,102.53029780617307,4.794685060408639,5.982392105978589,0,0,0,0,0,0,0,,,,,,,
300m_roundtrip_5,300m往返5m/s,roundtrip,77,/aqronos_cloud_0,1770274987.3379288,2026-02-05T07:03:07.337929+00:00,1649362362.999968,2022-04-07T20:12:42.999968+00:00,1770274909.0,1770275085.7192,2026-02-05T07:04:45.719200+00:00,2404,371103.71919988113,True,True,within GNSS interval; piecewise-linear interpolation,5,0.23415944601234925,MEDIUM,98.38127112388611,LOW,8.178115844726562,LOW,-94.34014814329865,-15.97310099621837,5.64082809991147,95.56765536833375,4.693266936188479,5.64082809991147,0,0,0,0,0,0,0,,,,,,,
300m_roundtrip_5,300m往返5m/s,roundtrip,78,/aqronos_cloud_0,1770274988.3115761,2026-02-05T07:03:08.311576+00:00,1649362363.999979,2022-04-07T20:12:43.999979+00:00,1770274909.0,1770275086.6928473,2026-02-05T07:04:46.692847+00:00,2404,371104.69284723717,True,True,within GNSS interval; piecewise-linear interpolation,5,0.28843235768719316,MEDIUM,98.38127112388611,LOW,8.178115844726562,LOW,-87.69471642633346,-15.08253299042728,5.311945928344221,88.86352693521978,4.595614337151893,5.311945928344221,0,0,0,0,0,0,0,,,,,,,
300m_roundtrip_5,300m往返5m/s,roundtrip,79,/aqronos_cloud_0,1770274989.322264,2026-02-05T07:03:09.322264+00:00,1649362364.99999,2022-04-07T20:12:44.999990+00:00,1770274909.0,1770275087.703535,2026-02-05T07:04:47.703535+00:00,2404,371105.70353506523,True,True,within GNSS interval; piecewise-linear interpolation,5,0.3447699740566644,MEDIUM,98.38127112388611,LOW,8.178115844726562,LOW,-80.79647251189402,-14.158085100810203,4.9705520904104725,81.9043533051176,4.4942467397219765,4.9705520904104725,0,0,0,0,0,0,0,,,,,,,
300m_roundtrip_5,300m往返5m/s,roundtrip,80,/aqronos_cloud_0,1770274990.3334212,2026-02-05T07:03:10.333421+00:00,1649362365.999841,2022-04-07T20:12:45.999841+00:00,1770274909.0,1770275088.7146924,2026-02-05T07:04:48.714692+00:00,2404,371106.7146923395,True,True,within GNSS interval; piecewise-linear interpolation,5,0.4011337582280892,MEDIUM,98.38127112388611,LOW,8.178115844726562,LOW,-73.89502448815404,-13.233207821899597,4.628999681225135,74.941947264966,4.392832058879856,4.628999681225135,0,0,0,0,0,0,0,,,,,,,
300m_roundtrip_5,300m往返5m/s,roundtrip,81,/aqronos_cloud_0,1770274991.3348525,2026-02-05T07:03:11.334852+00:00,1649362366.999852,2022-04-07T20:12:46.999852+00:00,1770274909.0,1770275089.7161236,2026-02-05T07:04:49.716124+00:00,2404,371107.7161235662,True,True,within GNSS interval; piecewise-linear interpolation,5,0.45695539444984506,MEDIUM,98.38127112388611,LOW,8.178115844726562,LOW,-67.05995962074076,-12.317226686635625,4.290732572007967,68.0465107197644,4.292392858341147,4.290732572007967,0,0,0,0,0,0,0,,,,,,,
300m_roundtrip_5,300m往返5m/s,roundtrip,82,/aqronos_cloud_0,1770274992.3267872,2026-02-05T07:03:12.326787+00:00,1649362367.999863,2022-04-07T20:12:47.999863+00:00,1770274909.0,1770275090.7080584,2026-02-05T07:04:50.708058+00:00,2404,371108.7080583425,True,True,within GNSS interval; piecewise-linear interpolation,5,0.5122476808901805,MEDIUM,98.38127112388611,LOW,8.178115844726562,LOW,-60.28971084146914,-11.409931688979855,3.9556732086120534,61.216462759976196,4.1929061105152154,3.9556732086120534,0,0,0,0,0,0,0,,,,,,,
300m_roundtrip_5,300m往返5m/s,roundtrip,83,/aqronos_cloud_0,1770274993.3225906,2026-02-05T07:03:13.322591+00:00,1649362368.999874,2022-04-07T20:12:48.999874+00:00,1770274909.0,1770275091.7038617,2026-02-05T07:04:51.703862+00:00,2404,371109.7038616987,True,True,within GNSS interval; piecewise-linear interpolation,5,0.567755609156062,MEDIUM,98.38127112388611,LOW,8.178115844726562,LOW,-53.493057858281304,-10.499098209517685,3.6193071021342265,54.35977737740377,4.093031360938951,3.6193071021342265,0,0,0,0,0,0,0,,,,,,,
300m_roundtrip_5,300m往返5m/s,roundtrip,84,/aqronos_cloud_0,1770274994.3310513,2026-02-05T07:03:14.331051+00:00,1649362369.999888,2022-04-07T20:12:49.999888+00:00,1770274909.0,1770275092.7123225,2026-02-05T07:04:52.712322+00:00,2404,371110.7123224588,True,True,within GNSS interval; piecewise-linear interpolation,5,0.6239690846225118,MEDIUM,98.38127112388611,LOW,8.178115844726562,LOW,-46.610014342509515,-9.576687356665897,3.278665531372187,47.41593840564175,3.9918871287469146,3.278665531372187,0,0,0,0,0,0,0,,,,,,,
300m_roundtrip_5,300m往返5m/s,roundtrip,85,/aqronos_cloud_0,1770274995.3376563,2026-02-05T07:03:15.337656+00:00,1649362370.999908,2022-04-07T20:12:50.999908+00:00,1770274909.0,1770275093.7189274,2026-02-05T07:04:53.718927+00:00,2404,371111.7189273687,True,True,within GNSS interval; piecewise-linear interpolation,5,0.680079111551426,MEDIUM,98.38127112388611,LOW,8.178115844726562,LOW,-39.73963755441453,-8.655973998106049,2.9386508364975867,40.48487804222141,3.890929030267724,2.9386508364975867,0,0,0,0,0,0,0,,,,,,,
300m_roundtrip_5,300m往返5m/s,roundtrip,86,/aqronos_cloud_0,1770274996.3328242,2026-02-05T07:03:16.332824+00:00,1649362371.999919,2022-04-07T20:12:51.999919+00:00,1770274909.0,1770275094.7140954,2026-02-05T07:04:54.714095+00:00,2404,371112.71409533935,True,True,within GNSS interval; piecewise-linear interpolation,5,0.7355516222488938,MEDIUM,98.38127112388611,LOW,8.178115844726562,LOW,-32.94732126563299,-7.7457216880025666,2.602499352866629,33.6325676585224,3.7911180070975146,2.602499352866629,3,3,0,0,0,0,3-5,18.0,16.0,31.0,-5.090000152587891,-5.100000381469727,-2.680000066757202,36.310001373291016
300m_roundtrip_5,300m往返5m/s,roundtrip,87,/aqronos_cloud_0,1770274997.32135,2026-02-05T07:03:17.321350+00:00,1649362372.999918,2022-04-07T20:12:52.999918+00:00,1770274909.0,1770275095.7026212,2026-02-05T07:04:55.702621+00:00,2404,371113.7026212068,True,True,within GNSS interval; piecewise-linear interpolation,5,0.7906538897799689,MEDIUM,98.38127112388611,LOW,8.178115844726562,LOW,-26.20033929935248,-6.841544723926724,2.2685914631909903,26.825992019143918,3.6919731580159616,2.2685914631909903,973,973,0,0,0,0,>10,60.0,48.0,68.0,25.3700008392334,25.299999237060547,25.489999771118164,29.170000076293945
300m_roundtrip_5,300m往返5m/s,roundtrip,88,/aqronos_cloud_0,1770274998.3280523,2026-02-05T07:03:18.328052+00:00,1649362373.999937,2022-04-07T20:12:53.999937+00:00,1770274909.0,1770275096.7093234,2026-02-05T07:04:56.709323+00:00,2404,371114.7093233915,True,True,within GNSS interval; piecewise-linear interpolation,5,0.8467693389857734,MEDIUM,98.38127112388611,LOW,8.178115844726562,LOW,-19.329298582057575,-5.920742390845922,1.9285439104846747,19.894261862275044,3.5910053032989957,1.9285439104846747,3,2,0,0,0,0,3-5,13.0,9.5,20.0,-4.139999866485596,-4.234999656677246,-4.095000267028809,22.750001907348633
300m_roundtrip_5,300m往返5m/s,roundtrip,89,/aqronos_cloud_0,1770274999.338859,2026-02-05T07:03:19.338859+00:00,1649362374.999943,2022-04-07T20:12:54.999943+00:00,1770274909.0,1770275097.7201302,2026-02-05T07:04:57.720130+00:00,2404,371115.7201301904,True,True,within GNSS interval; piecewise-linear interpolation,5,0.9031135870125199,MEDIUM,98.38127112388611,LOW,8.178115844726562,LOW,-12.430242656170208,-4.996185681900521,1.5871098861341952,12.934269048518905,3.489625773607683,1.5871098861341952,5,3,0,0,0,0,3-5,13.0,0.0,38.0,-3.7899999618530273,-3.9800000190734863,-0.05000000074505806,12.210000038146973
300m_roundtrip_5,300m往返5m/s,roundtrip,90,/aqronos_cloud_0,1770275000.3319218,2026-02-05T07:03:20.331922+00:00,1649362375.999955,2022-04-07T20:12:55.999955+00:00,1770274909.0,1770275098.713193,2026-02-05T07:04:58.713193+00:00,2404,371116.71319292503,True,True,within GNSS interval; piecewise-linear interpolation,5,0.9584687479429735,MEDIUM,98.38127112388611,LOW,8.178115844726562,LOW,-5.652295227278984,-4.087858972336328,1.2516695168514005,6.09645443969876,3.3900258964657883,1.2516695168514005,0,0,0,0,0,0,0,,,,,,,
100m_cross_10,100m横飞10m/s,cross,0,/aqronos_cloud_0,1770275309.3347964,2026-02-05T07:08:29.334796+00:00,1649362684.999989,2022-04-07T20:18:04.999989+00:00,1770275308.0,1770275410.0295053,2026-02-05T07:10:10.029505+00:00,2404,371428.0295051358,False,False,outside GNSS interval; no extrapolation,-1,,LOW,100.69470882415771,LOW,12.27405333518982,LOW,,,,,,,,,,,,,,,,,,,,
100m_cross_10,100m横飞10m/s,cross,1,/aqronos_cloud_0,1770275310.3365185,2026-02-05T07:08:30.336519+00:00,1649362685.99984,2022-04-07T20:18:05.999840+00:00,1770275308.0,1770275411.0312274,2026-02-05T07:10:11.031227+00:00,2404,371429.0312272332,False,False,outside GNSS interval; no extrapolation,-1,,LOW,100.69470882415771,LOW,12.27405333518982,LOW,,,,,,,,,,,,,,,,,,,,
100m_cross_10,100m横飞10m/s,cross,2,/aqronos_cloud_0,1770275311.3306572,2026-02-05T07:08:31.330657+00:00,1649362686.999851,2022-04-07T20:18:06.999851+00:00,1770275308.0,1770275412.025366,2026-02-05T07:10:12.025366+00:00,2404,371430.02536595083,False,False,outside GNSS interval; no extrapolation,-1,,LOW,100.69470882415771,LOW,12.27405333518982,LOW,,,,,,,,,,,,,,,,,,,,
100m_cross_10,100m横飞10m/s,cross,3,/aqronos_cloud_0,1770275312.3226254,2026-02-05T07:08:32.322625+00:00,1649362687.999862,2022-04-07T20:18:07.999862+00:00,1770275308.0,1770275413.0173342,2026-02-05T07:10:13.017334+00:00,2404,371431.01733410574,False,False,outside GNSS interval; no extrapolation,-1,,LOW,100.69470882415771,LOW,12.27405333518982,LOW,,,,,,,,,,,,,,,,,,,,
100m_cross_10,100m横飞10m/s,cross,4,/aqronos_cloud_0,1770275313.3230386,2026-02-05T07:08:33.323039+00:00,1649362688.999873,2022-04-07T20:18:08.999873+00:00,1770275308.0,1770275414.0177474,2026-02-05T07:10:14.017747+00:00,2404,371432.01774728514,False,False,outside GNSS interval; no extrapolation,-1,,LOW,100.69470882415771,LOW,12.27405333518982,LOW,,,,,,,,,,,,,,,,,,,,
100m_cross_10,100m横飞10m/s,cross,5,/aqronos_cloud_0,1770275314.3304663,2026-02-05T07:08:34.330466+00:00,1649362689.999884,2022-04-07T20:18:09.999884+00:00,1770275308.0,1770275415.025175,2026-02-05T07:10:15.025175+00:00,2404,371433.02517497755,False,False,outside GNSS interval; no extrapolation,-1,,LOW,100.69470882415771,LOW,12.27405333518982,LOW,,,,,,,,,,,,,,,,,,,,
100m_cross_10,100m横飞10m/s,cross,6,/aqronos_cloud_0,1770275315.327158,2026-02-05T07:08:35.327158+00:00,1649362690.999895,2022-04-07T20:18:10.999895+00:00,1770275308.0,1770275416.0218668,2026-02-05T07:10:16.021867+00:00,2404,371434.02186668135,False,False,outside GNSS interval; no extrapolation,-1,,LOW,100.69470882415771,LOW,12.27405333518982,LOW,,,,,,,,,,,,,,,,,,,,
100m_cross_10,100m横飞10m/s,cross,7,/aqronos_cloud_0,1770275316.3272212,2026-02-05T07:08:36.327221+00:00,1649362691.999909,2022-04-07T20:18:11.999909+00:00,1770275308.0,1770275417.02193,2026-02-05T07:10:17.021930+00:00,2404,371435.02192986227,False,False,outside GNSS interval; no extrapolation,-1,,LOW,100.69470882415771,LOW,12.27405333518982,LOW,,,,,,,,,,,,,,,,,,,,
100m_cross_10,100m横飞10m/s,cross,8,/aqronos_cloud_0,1770275317.3291566,2026-02-05T07:08:37.329157+00:00,1649362692.999917,2022-04-07T20:18:12.999917+00:00,1770275308.0,1770275418.0238655,2026-02-05T07:10:18.023865+00:00,2404,371436.0238653443,True,True,within GNSS interval; piecewise-linear interpolation,0,0.08520816524370681,LOW,100.69470882415771,LOW,12.27405333518982,LOW,-101.99618065360359,-26.277577570173367,7.39579694674694,104.38965156345641,14.019008429242772,7.39579694674694,0,0,0,0,0,0,0,,,,,,,
100m_cross_10,100m横飞10m/s,cross,9,/aqronos_cloud_0,1770275318.3198152,2026-02-05T07:08:38.319815+00:00,1649362693.999928,2022-04-07T20:18:13.999928+00:00,1770275308.0,1770275419.014524,2026-02-05T07:10:19.014524+00:00,2404,371437.01452386595,True,True,within GNSS interval; piecewise-linear interpolation,0,0.18122370973486074,LOW,100.69470882415771,LOW,12.27405333518982,LOW,-103.35065621624929,-22.189998155252212,7.955454219722639,105.25073603404208,9.799832792034978,7.955454219722639,0,0,0,0,0,0,0,,,,,,,
100m_cross_10,100m横飞10m/s,cross,10,/aqronos_cloud_0,1770275319.3352602,2026-02-05T07:08:39.335260+00:00,1649362694.999939,2022-04-07T20:18:14.999939+00:00,1770275308.0,1770275420.029969,2026-02-05T07:10:20.029969+00:00,2404,371438.0299688599,True,True,within GNSS interval; piecewise-linear interpolation,0,0.27964158215623225,LOW,100.69470882415771,LOW,12.27405333518982,LOW,-104.73902102560172,-18.000146694200524,8.529114228456844,106.13336500854037,5.475092545164507,8.529114228456844,0,0,0,0,0,0,0,,,,,,,
100m_cross_10,100m横飞10m/s,cross,11,/aqronos_cloud_0,1770275320.333125,2026-02-05T07:08:40.333125+00:00,1649362695.99995,2022-04-07T20:18:15.999950+00:00,1770275308.0,1770275421.027834,2026-02-05T07:10:21.027834+00:00,2404,371439.02783382154,True,True,within GNSS interval; piecewise-linear interpolation,0,0.37635558150607257,LOW,100.69470882415771,LOW,12.27405333518982,LOW,-106.10334957656003,-13.882832617899812,9.092842668695935,107.00071334645506,1.2252249638649921,9.092842668695935,0,0,0,0,0,0,0,,,,,,,
100m_cross_10,100m横飞10m/s,cross,12,/aqronos_cloud_0,1770275321.3312345,2026-02-05T07:08:41.331234+00:00,1649362696.999961,2022-04-07T20:18:16.999961+00:00,1770275308.0,1770275422.0259433,2026-02-05T07:10:22.025943+00:00,2404,371440.0259431622,True,True,within GNSS interval; piecewise-linear interpolation,0,0.4730932662999066,LOW,100.69470882415771,LOW,12.27405333518982,LOW,-107.46801225419806,-9.764510203482445,9.656709167111593,107.86827409964181,-3.025683418158872,9.656709167111593,0,0,0,0,0,0,0,,,,,,,
100m_cross_10,100m横飞10m/s,cross,13,/aqronos_cloud_0,1770275322.3276477,2026-02-05T07:08:42.327648+00:00,1649362697.999972,2022-04-07T20:18:17.999972+00:00,1770275308.0,1770275423.0223565,2026-02-05T07:10:23.022357+00:00,2404,371441.0223563931,True,True,within GNSS interval; piecewise-linear interpolation,0,0.5696665625585493,LOW,100.69470882415771,LOW,12.27405333518982,LOW,-108.83035592969037,-5.6531861474669185,10.219617474436411,108.73436058722348,-7.269368135448119,10.219617474436411,0,0,0,0,0,0,0,,,,,,,
100m_cross_10,100m横飞10m/s,cross,14,/aqronos_cloud_0,1770275323.3371584,2026-02-05T07:08:43.337158+00:00,1649362698.999983,2022-04-07T20:18:18.999983+00:00,1770275308.0,1770275424.0318673,2026-02-05T07:10:24.031867+00:00,2404,371442.03186714865,True,True,within GNSS interval; piecewise-linear interpolation,0,0.667509283076503,LOW,100.69470882415771,LOW,12.27405333518982,LOW,-110.21060716532807,-1.487820087121154,10.78992502657081,109.61183149721371,-11.568834694485492,10.78992502657081,0,0,0,0,0,0,0,,,,,,,
100m_cross_10,100m横飞10m/s,cross,15,/aqronos_cloud_0,1770275324.312367,2026-02-05T07:08:44.312367+00:00,1649362699.999994,2022-04-07T20:18:19.999994+00:00,1770275308.0,1770275425.0070758,2026-02-05T07:10:25.007076+00:00,2404,371443.00707566953,True,True,within GNSS interval; piecewise-linear interpolation,0,0.7620273991367499,LOW,100.69470882415771,LOW,12.27405333518982,LOW,-111.54395875031761,2.536010716448253,11.340854059587457,110.45948676345022,-15.722209386777255,11.340854059587457,0,0,0,0,0,0,0,,,,,,,
100m_cross_10,100m横飞10m/s,cross,16,/aqronos_cloud_0,1770275325.3341484,2026-02-05T07:08:45.334148+00:00,1649362700.999848,2022-04-07T20:18:20.999848+00:00,1770275308.0,1770275426.0288572,2026-02-05T07:10:26.028857+00:00,2404,371444.0288571141,True,True,within GNSS interval; piecewise-linear interpolation,0,0.8610594062361903,LOW,100.69470882415771,LOW,12.27405333518982,LOW,-112.94098705700294,6.752007155184202,11.918093748476469,111.34762340690914,-20.073936327160784,11.918093748476469,0,0,0,0,0,0,0,,,,,,,
100m_cross_10,100m横飞10m/s,cross,17,/aqronos_cloud_0,1770275326.338775,2026-02-05T07:08:46.338775+00:00,1649362701.999857,2022-04-07T20:18:21.999857+00:00,1770275308.0,1770275427.0334837,2026-02-05T07:10:27.033484+00:00,2404,371445.0334836266,True,True,within GNSS interval; piecewise-linear interpolation,0,0.9584287413827733,LOW,100.69470882415771,LOW,12.27405333518982,LOW,-114.31456032272823,10.897220225619904,12.485642022752142,112.22084891274062,-24.352601087526054,12.485642022752142,0,0,0,0,0,0,0,,,,,,,
100m_cross_10,100m横飞10m/s,cross,18,/aqronos_cloud_0,1770275327.3188448,2026-02-05T07:08:47.318845+00:00,1649362702.999868,2022-04-07T20:18:22.999868+00:00,1770275308.0,1770275428.0135536,2026-02-05T07:10:28.013554+00:00,2404,371446.01355350233,True,True,within GNSS interval; piecewise-linear interpolation,1,0.05089591681939121,LOW,100.69470882415771,LOW,12.27405333518982,LOW,-114.69574038471028,10.10887226365116,12.730903957452474,112.69266966229318,-23.614918276905826,12.730903957452474,0,0,0,0,0,0,0,,,,,,,
100m_cross_10,100m横飞10m/s,cross,19,/aqronos_cloud_0,1770275328.3327084,2026-02-05T07:08:48.332708+00:00,1649362703.999879,2022-04-07T20:18:23.999879+00:00,1770275308.0,1770275429.0274172,2026-02-05T07:10:29.027417+00:00,2404,371447.02741706587,True,True,within GNSS interval; piecewise-linear interpolation,1,0.14452099734282306,LOW,100.69470882415771,LOW,12.27405333518982,LOW,-114.31815844965978,5.403104174237657,12.736331656719926,112.8747883875411,-18.897540382467753,12.736331656719926,0,0,0,0,0,0,0,,,,,,,
100m_cross_10,100m横飞10m/s,cross,20,/aqronos_cloud_0,1770275329.3416195,2026-02-05T07:08:49.341619+00:00,1649362704.99989,2022-04-07T20:18:24.999890+00:00,1770275308.0,1770275430.0363283,2026-02-05T07:10:30.036328+00:00,2404,371448.0363281987,True,True,within GNSS interval; piecewise-linear interpolation,1,0.23768874638488072,LOW,100.69470882415771,LOW,12.27405333518982,LOW,-113.94242089332417,0.7203224030126485,12.741732843243865,113.0560175154083,-14.203205516763052,12.741732843243865,0,0,0,0,0,0,0,,,,,,,
100m_cross_10,100m横飞10m/s,cross,21,/aqronos_cloud_0,1770275330.3456955,2026-02-05T07:08:50.345695+00:00,1649362705.9999,2022-04-07T20:18:25.999900+00:00,1770275308.0,1770275431.0404043,2026-02-05T07:10:31.040404+00:00,2404,371449.0404042027,True,True,within GNSS interval; piecewise-linear interpolation,1,0.33040999617591443,LOW,100.69470882415771,LOW,12.27405333518982,LOW,-113.56848403024571,-3.940017497768366,12.747108144997995,113.23637811665886,-9.531367888816519,12.747108144997995,0,0,0,0,0,0,0,,,,,,,
100m_cross_10,100m横飞10m/s,cross,22,/aqronos_cloud_0,1770275331.3233402,2026-02-05T07:08:51.323340+00:00,1649362706.999911,2022-04-07T20:18:26.999911+00:00,1770275308.0,1770275432.018049,2026-02-05T07:10:32.018049+00:00,2404,371450.01804888464,True,True,within GNSS interval; piecewise-linear interpolation,1,0.4206904494448691,LOW,100.69470882415771,LOW,12.27405333518982,LOW,-113.20439069059836,-8.477678493258864,12.752341947172942,113.41199090088529,-4.982511832620894,12.752341947172942,0,0,0,0,0,0,0,,,,,,,
100m_cross_10,100m横飞10m/s,cross,23,/aqronos_cloud_0,1770275332.31876,2026-02-05T07:08:52.318760+00:00,1649362707.999922,2022-04-07T20:18:27.999922+00:00,1770275308.0,1770275433.0134687,2026-02-05T07:10:33.013469+00:00,2404,371451.0134686253,True,True,within GNSS interval; piecewise-linear interpolation,1,0.5126123378795455,LOW,100.69470882415771,LOW,12.27405333518982,LOW,-112.83367758344141,-13.097841027658706,12.757670907786173,113.59079659109686,-0.35095069438274074,12.757670907786173,0,0,0,0,0,0,0,,,,,,,
100m_cross_10,100m横飞10m/s,cross,24,/aqronos_cloud_0,1770275333.3226686,2026-02-05T07:08:53.322669+00:00,1649362708.999936,2022-04-07T20:18:28.999936+00:00,1770275308.0,1770275434.0173774,2026-02-05T07:10:34.017377+00:00,2404,371452.0173772595,True,True,within GNSS interval; piecewise-linear interpolation,1,0.6053181319272746,LOW,100.69470882415771,LOW,12.27405333518982,LOW,-112.45980305205264,-17.757404094462814,12.76304531352904,113.77112712796452,4.32010818302601,12.76304531352904,0,0,0,0,0,0,0,,,,,,,
100m_cross_10,100m横飞10m/s,cross,25,/aqronos_cloud_0,1770275334.3379436,2026-02-05T07:08:54.337944+00:00,1649362709.999947,2022-04-07T20:18:29.999947+00:00,1770275308.0,1770275435.0326524,2026-02-05T07:10:35.032652+00:00,2404,371453.032652261,True,True,within GNSS interval; piecewise-linear interpolation,1,0.6990735514825636,LOW,100.69470882415771,LOW,12.27405333518982,LOW,-112.08169547084422,-22.469723262428015,12.768480568902866,113.9534993876094,9.044053318466466,12.768480568902866,0,0,0,0,0,0,0,,,,,,,
100m_cross_10,100m横飞10m/s,cross,26,/aqronos_cloud_0,1770275335.3242373,2026-02-05T07:08:55.324237+00:00,1649362710.999958,2022-04-07T20:18:30.999958+00:00,1770275308.0,1770275436.0189462,2026-02-05T07:10:36.018946+00:00,2404,371454.01894605375,True,True,within GNSS interval; piecewise-linear interpolation,1,0.7901527056060249,LOW,100.69470882415771,LOW,12.27405333518982,LOW,-111.7143810390228,-27.047528426266478,12.773760673927635,114.13066579807216,13.63315258443295,12.773760673927635,0,0,0,0,0,0,0,,,,,,,
100m_cross_10,100m横飞10m/s,cross,27,/aqronos_cloud_0,1770275336.3327715,2026-02-05T07:08:56.332772+00:00,1649362711.999977,2022-04-07T20:18:31.999977+00:00,1770275308.0,1770275437.0274804,2026-02-05T07:10:37.027480+00:00,2404,371455.0274802468,True,True,within GNSS interval; piecewise-linear interpolation,1,0.8832856462005545,LOW,100.69470882415771,LOW,12.27405333518982,LOW,-111.33878386217631,-31.72856066114179,12.779159842511678,114.31182721683774,18.32573359743077,12.779159842511678,0,0,0,0,0,0,0,,,,,,,
100m_cross_10,100m横飞10m/s,cross,28,/aqronos_cloud_0,1770275337.336372,2026-02-05T07:08:57.336372+00:00,1649362712.999979,2022-04-07T20:18:32.999979+00:00,1770275308.0,1770275438.0310807,2026-02-05T07:10:38.031081+00:00,2404,371456.03108060575,True,True,within GNSS interval; piecewise-linear interpolation,1,0.9759629726185215,LOW,100.69470882415771,LOW,12.27405333518982,LOW,-110.96502413830142,-36.38669289271492,12.784532597909013,114.49210237870956,22.99535810953274,12.784532597909013,0,0,0,0,0,0,0,,,,,,,
100m_cross_10,100m横飞10m/s,cross,29,/aqronos_cloud_0,1770275338.325019,2026-02-05T07:08:58.325019+00:00,1649362713.999996,2022-04-07T20:18:33.999996+00:00,1770275308.0,1770275439.0197277,2026-02-05T07:10:39.019728+00:00,2404,371457.01972758985,True,True,within GNSS interval; piecewise-linear interpolation,2,0.07581807379081434,LOW,100.69470882415771,LOW,12.27405333518982,LOW,-111.10217653292742,-35.7117381288462,12.783124161006237,114.54839259654817,22.30891355678547,12.783124161006237,0,0,0,0,0,0,0,,,,,,,
100m_cross_10,100m横飞10m/s,cross,30,/aqronos_cloud_0,1770275339.3381367,2026-02-05T07:08:59.338137+00:00,1649362714.999841,2022-04-07T20:18:34.999841+00:00,1770275308.0,1770275440.0328455,2026-02-05T07:10:40.032845+00:00,2404,371458.0328453801,True,True,within GNSS interval; piecewise-linear interpolation,2,0.18127914601162193,LOW,100.69470882415771,LOW,12.27405333518982,LOW,-111.4277922748143,-33.09239271135667,12.779226747617358,114.56165358917377,19.66944009157266,12.779226747617358,0,0,0,0,0,0,0,,,,,,,
100m_cross_10,100m横飞10m/s,cross,31,/aqronos_cloud_0,1770275340.3380077,2026-02-05T07:09:00.338008+00:00,1649362715.999859,2022-04-07T20:18:35.999859+00:00,1770275308.0,1770275441.0327165,2026-02-05T07:10:41.032717+00:00,2404,371459.0327163956,True,True,within GNSS interval; piecewise-linear interpolation,2,0.28536128769344016,LOW,100.69470882415771,LOW,12.27405333518982,LOW,-111.74915050745147,-30.507295906291414,12.775380293907077,114.57474119092326,17.064478418165017,12.775380293907077,0,0,0,0,0,0,0,,,,,,,
100m_cross_10,100m横飞10m/s,cross,32,/aqronos_cloud_0,1770275341.3413877,2026-02-05T07:09:01.341388+00:00,1649362716.999863,2022-04-07T20:18:36.999863+00:00,1770275308.0,1770275442.0360966,2026-02-05T07:10:42.036097+00:00,2404,371460.0360964558,True,True,within GNSS interval; piecewise-linear interpolation,2,0.38980870537232193,LOW,100.69470882415771,LOW,12.27405333518982,LOW,-112.07163654594414,-27.91312671092252,12.771520341077817,114.587874723576,14.450374638751573,12.771520341077817,0,0,0,0,0,0,0,,,,,,,
100m_cross_10,100m横飞10m/s,cross,33,/aqronos_cloud_0,1770275342.326537,2026-02-05T07:09:02.326537+00:00,1649362717.999873,2022-04-07T20:18:37.999873+00:00,1770275308.0,1770275443.0212457,2026-02-05T07:10:43.021246+00:00,2404,371461.02124560095,True,True,within GNSS interval; piecewise-linear interpolation,2,0.49235836558473695,LOW,100.69470882415771,LOW,12.27405333518982,LOW,-112.38826317401785,-25.366092275504556,12.767730521665587,114.60076962649323,11.883767820735034,12.767730521665587,0,0,0,0,0,0,0,,,,,,,
100m_cross_10,100m横飞10m/s,cross,34,/aqronos_cloud_0,1770275343.3252664,2026-02-05T07:09:03.325266+00:00,1649362718.999884,2022-04-07T20:18:38.999884+00:00,1770275308.0,1770275444.0199752,2026-02-05T07:10:44.019975+00:00,2404,371462.01997506834,True,True,within GNSS interval; piecewise-linear interpolation,2,0.5963216771623331,LOW,100.69470882415771,LOW,12.27405333518982,LOW,-112.7092545134334,-22.783946863615938,12.763888459433883,114.61384228618778,9.28178022013319,12.763888459433883,0,0,0,0,0,0,0,,,,,,,
100m_cross_10,100m横飞10m/s,cross,35,/aqronos_cloud_0,1770275344.329735,2026-02-05T07:09:04.329735+00:00,1649362719.999897,2022-04-07T20:18:39.999897+00:00,1770275308.0,1770275445.0244439,2026-02-05T07:10:45.024444+00:00,2404,371463.02444374777,True,True,within GNSS interval; piecewise-linear interpolation,2,0.7008824152789505,LOW,100.69470882415771,LOW,12.27405333518982,LOW,-113.03209043380785,-20.18696311911493,12.760024318740967,114.62699006809339,6.664840263520226,12.760024318740967,0,0,0,0,0,0,0,,,,,,,
100m_cross_10,100m横飞10m/s,cross,36,/aqronos_cloud_0,1770275345.3181677,2026-02-05T07:09:05.318168+00:00,1649362720.999906,2022-04-07T20:18:40.999906+00:00,1770275308.0,1770275446.0128765,2026-02-05T07:10:46.012877+00:00,2404,371464.01287639356,True,True,within GNSS interval; piecewise-linear interpolation,2,0.8037738733600677,LOW,100.69470882415771,LOW,12.27405333518982,LOW,-113.34977237797355,-17.631439421619127,12.756221867866136,114.63992794970335,4.089678948703041,12.756221867866136,0,0,0,0,0,0,0,,,,,,,
100m_cross_10,100m横飞10m/s,cross,37,/aqronos_cloud_0,1770275346.321245,2026-02-05T07:09:06.321245+00:00,1649362721.999917,2022-04-07T20:18:41.999917+00:00,1770275308.0,1770275447.0159538,2026-02-05T07:10:47.015954+00:00,2404,371465.01595366216,True,True,within GNSS interval; piecewise-linear interpolation,2,0.9081897717757159,LOW,100.69470882415771,LOW,12.27405333518982,LOW,-113.67216109934185,-15.038053072811287,12.752363079860977,114.65305751902906,1.4763640315417632,12.752363079860977,0,0,0,0,0,0,0,,,,,,,
100m_cross_10,100m横飞10m/s,cross,38,/aqronos_cloud_0,1770275347.3327892,2026-02-05T07:09:07.332789+00:00,1649362722.999928,2022-04-07T20:18:42.999928+00:00,1770275308.0,1770275448.027498,2026-02-05T07:10:48.027498+00:00,2404,371466.02749788977,False,False,outside GNSS interval; no extrapolation,-1,,LOW,100.69470882415771,LOW,12.27405333518982,LOW,,,,,,,,,,,,,,,,,,,,
100m_cross_10,100m横飞10m/s,cross,39,/aqronos_cloud_0,1770275348.3263726,2026-02-05T07:09:08.326373+00:00,1649362723.99994,2022-04-07T20:18:43.999940+00:00,1770275308.0,1770275449.0210814,2026-02-05T07:10:49.021081+00:00,2404,371467.02108133055,False,False,outside GNSS interval; no extrapolation,-1,,LOW,100.69470882415771,LOW,12.27405333518982,LOW,,,,,,,,,,,,,,,,,,,,
100m_cross_10,100m横飞10m/s,cross,40,/aqronos_cloud_0,1770275349.3333611,2026-02-05T07:09:09.333361+00:00,1649362724.99995,2022-04-07T20:18:44.999950+00:00,1770275308.0,1770275450.02807,2026-02-05T07:10:50.028070+00:00,2404,371468.02806985594,False,False,outside GNSS interval; no extrapolation,-1,,LOW,100.69470882415771,LOW,12.27405333518982,LOW,,,,,,,,,,,,,,,,,,,,
100m_cross_10,100m横飞10m/s,cross,41,/aqronos_cloud_0,1770275350.3318772,2026-02-05T07:09:10.331877+00:00,1649362725.999963,2022-04-07T20:18:45.999963+00:00,1770275308.0,1770275451.026586,2026-02-05T07:10:51.026586+00:00,2404,371469.0265859387,False,False,outside GNSS interval; no extrapolation,-1,,LOW,100.69470882415771,LOW,12.27405333518982,LOW,,,,,,,,,,,,,,,,,,,,
100m_cross_10,100m横飞10m/s,cross,42,/aqronos_cloud_0,1770275351.3312614,2026-02-05T07:09:11.331261+00:00,1649362726.999975,2022-04-07T20:18:46.999975+00:00,1770275308.0,1770275452.0259702,2026-02-05T07:10:52.025970+00:00,2404,371470.0259701035,False,False,outside GNSS interval; no extrapolation,-1,,LOW,100.69470882415771,LOW,12.27405333518982,LOW,,,,,,,,,,,,,,,,,,,,
100m_cross_10,100m横飞10m/s,cross,43,/aqronos_cloud_0,1770275352.3336334,2026-02-05T07:09:12.333633+00:00,1649362727.999991,2022-04-07T20:18:47.999991+00:00,1770275308.0,1770275453.0283422,2026-02-05T07:10:53.028342+00:00,2404,371471.02834212995,False,False,outside GNSS interval; no extrapolation,-1,,LOW,100.69470882415771,LOW,12.27405333518982,LOW,,,,,,,,,,,,,,,,,,,,
100m_cross_10,100m横飞10m/s,cross,44,/aqronos_cloud_0,1770275353.3188143,2026-02-05T07:09:13.318814+00:00,1649362728.999997,2022-04-07T20:18:48.999997+00:00,1770275308.0,1770275454.013523,2026-02-05T07:10:54.013523+00:00,2404,371472.01352298475,False,False,outside GNSS interval; no extrapolation,-1,,LOW,100.69470882415771,LOW,12.27405333518982,LOW,,,,,,,,,,,,,,,,,,,,
100m_cross_10,100m横飞10m/s,cross,45,/aqronos_cloud_0,1770275354.318434,2026-02-05T07:09:14.318434+00:00,1649362729.999847,2022-04-07T20:18:49.999847+00:00,1770275308.0,1770275455.0131428,2026-02-05T07:10:55.013143+00:00,2404,371473.0131427071,False,False,outside GNSS interval; no extrapolation,-1,,LOW,100.69470882415771,LOW,12.27405333518982,LOW,,,,,,,,,,,,,,,,,,,,
100m_cross_5,100m横飞5m/s,cross,0,/aqronos_cloud_0,1770275541.323714,2026-02-05T07:12:21.323714+00:00,1649362916.999997,2022-04-07T20:21:56.999997+00:00,1770275540.0,1770275640.5217767,2026-02-05T07:14:00.521777+00:00,2404,371658.52177660464,False,False,outside GNSS interval; no extrapolation,-1,,LOW,99.19806265830994,LOW,6.667035818099976,LOW,,,,,,,,,,,,,,,,,,,,
100m_cross_5,100m横飞5m/s,cross,1,/aqronos_cloud_0,1770275542.3177536,2026-02-05T07:12:22.317754+00:00,1649362917.999847,2022-04-07T20:21:57.999847+00:00,1770275540.0,1770275641.5158162,2026-02-05T07:14:01.515816+00:00,2404,371659.51581614016,False,False,outside GNSS interval; no extrapolation,-1,,LOW,99.19806265830994,LOW,6.667035818099976,LOW,,,,,,,,,,,,,,,,,,,,
100m_cross_5,100m横飞5m/s,cross,2,/aqronos_cloud_0,1770275543.33146,2026-02-05T07:12:23.331460+00:00,1649362918.999843,2022-04-07T20:21:58.999843+00:00,1770275540.0,1770275642.5295227,2026-02-05T07:14:02.529523+00:00,2404,371660.52952258586,True,True,within GNSS interval; piecewise-linear interpolation,0,0.0012235246628003419,LOW,99.19806265830994,LOW,6.667035818099976,LOW,-98.46806124305571,-25.671157480369605,11.747160501955742,100.81455349435049,13.83449366918967,11.747160501955742,0,0,0,0,0,0,0,,,,,,,
100m_cross_5,100m横飞5m/s,cross,3,/aqronos_cloud_0,1770275544.308834,2026-02-05T07:12:24.308834+00:00,1649362919.999853,2022-04-07T20:21:59.999853+00:00,1770275540.0,1770275643.5068967,2026-02-05T07:14:03.506897+00:00,2404,371661.5068966627,True,True,within GNSS interval; piecewise-linear interpolation,0,0.10464686830843559,LOW,99.19806265830994,LOW,6.667035818099976,LOW,-99.07980752846372,-22.1712148106157,11.744776890243585,101.0076924263184,10.286743739694513,11.744776890243585,0,0,0,0,0,0,0,,,,,,,
100m_cross_5,100m横飞5m/s,cross,4,/aqronos_cloud_0,1770275545.3241606,2026-02-05T07:12:25.324161+00:00,1649362920.999864,2022-04-07T20:22:00.999864+00:00,1770275540.0,1770275644.5222232,2026-02-05T07:14:04.522223+00:00,2404,371662.52222316264,True,True,within GNSS interval; piecewise-linear interpolation,0,0.21208624490297923,LOW,99.19806265830994,LOW,6.667035818099976,LOW,-99.7153085403384,-18.535365830104887,11.74230072047987,101.20833113819242,6.601231095234748,11.74230072047987,0,0,0,0,0,0,0,,,,,,,
100m_cross_5,100m横飞5m/s,cross,5,/aqronos_cloud_0,1770275546.3215003,2026-02-05T07:12:26.321500+00:00,1649362921.999875,2022-04-07T20:22:01.999875+00:00,1770275540.0,1770275645.519563,2026-02-05T07:14:05.519563+00:00,2404,371663.51956288813,True,True,within GNSS interval; piecewise-linear interpolation,0,0.3176223048467819,LOW,99.19806265830994,LOW,6.667035818099976,LOW,-100.33955148561029,-14.963926865023529,11.739868416711015,101.4054154828205,2.9810082709978705,11.739868416711015,0,0,0,0,0,0,0,,,,,,,
100m_cross_5,100m横飞5m/s,cross,6,/aqronos_cloud_0,1770275547.3336082,2026-02-05T07:12:27.333608+00:00,1649362922.999897,2022-04-07T20:22:02.999897+00:00,1770275540.0,1770275646.5316708,2026-02-05T07:14:06.531671+00:00,2404,371664.53167073725,True,True,within GNSS interval; piecewise-linear interpolation,0,0.42472109165334265,LOW,99.19806265830994,LOW,6.667035818099976,LOW,-100.9730379180844,-11.339603761455237,11.737400096565954,101.60541815697259,-0.6928210594854747,11.737400096565954,0,0,0,0,0,0,0,,,,,,,
100m_cross_5,100m横飞5m/s,cross,7,/aqronos_cloud_0,1770275548.3253937,2026-02-05T07:12:28.325394+00:00,1649362923.999909,2022-04-07T20:22:03.999909+00:00,1770275540.0,1770275647.5234563,2026-02-05T07:14:07.523456+00:00,2404,371665.52345626353,True,True,within GNSS interval; piecewise-linear interpolation,0,0.5296694197674529,LOW,99.19806265830994,LOW,6.667035818099976,LOW,-101.59380444545143,-7.788054191133359,11.734981338331632,101.80140493606208,-4.292882810952378,11.734981338331632,0,0,0,0,0,0,0,,,,,,,
100m_cross_5,100m横飞5m/s,cross,8,/aqronos_cloud_0,1770275549.3225265,2026-02-05T07:12:29.322526+00:00,1649362924.999918,2022-04-07T20:22:04.999918+00:00,1770275540.0,1770275648.520589,2026-02-05T07:14:08.520589+00:00,2404,371666.5205890417,True,True,within GNSS interval; piecewise-linear interpolation,0,0.6351835810493319,LOW,99.19806265830994,LOW,6.667035818099976,LOW,-102.21791786072927,-4.217356297250973,11.732549539264184,101.99844838582035,-7.9123544413721065,11.732549539264184,0,0,0,0,0,0,0,,,,,,,
100m_cross_5,100m横飞5m/s,cross,9,/aqronos_cloud_0,1770275550.322443,2026-02-05T07:12:30.322443+00:00,1649362925.999923,2022-04-07T20:22:05.999923+00:00,1770275540.0,1770275649.5205057,2026-02-05T07:14:09.520506+00:00,2404,371667.5205055952,True,True,within GNSS interval; piecewise-linear interpolation,0,0.7409923146545063,LOW,99.19806265830994,LOW,6.667035818099976,LOW,-102.84377366334644,-0.6366898004663,11.730110951148777,102.19604193753725,-11.541930840235437,11.730110951148777,0,0,0,0,0,0,0,,,,,,,
100m_cross_5,100m横飞5m/s,cross,10,/aqronos_cloud_0,1770275551.3177147,2026-02-05T07:12:31.317715+00:00,1649362926.99994,2022-04-07T20:22:06.999940+00:00,1770275540.0,1770275650.5157773,2026-02-05T07:14:10.515777+00:00,2404,371668.51577727793,True,True,within GNSS interval; piecewise-linear interpolation,0,0.8463095393523118,LOW,99.19806265830994,LOW,6.667035818099976,LOW,-103.46672220404643,2.9273435752373196,11.727683690905272,102.39271761615049,-15.154646918884797,11.727683690905272,0,0,0,0,0,0,0,,,,,,,
100m_cross_5,100m横飞5m/s,cross,11,/aqronos_cloud_0,1770275552.3388069,2026-02-05T07:12:32.338807+00:00,1649362927.999945,2022-04-07T20:22:07.999945+00:00,1770275540.0,1770275651.5368695,2026-02-05T07:14:11.536870+00:00,2404,371669.5368694544,True,True,within GNSS interval; piecewise-linear interpolation,0,0.954359025787062,LOW,99.19806265830994,LOW,6.667035818099976,LOW,-104.105831999154,6.583839243311171,11.725193459858005,102.59449568359715,-18.86108827311432,11.725193459858005,0,0,0,0,0,0,0,,,,,,,
100m_cross_5,100m横飞5m/s,cross,12,/aqronos_cloud_0,1770275553.3252451,2026-02-05T07:12:33.325245+00:00,1649362928.999954,2022-04-07T20:22:08.999954+00:00,1770275540.0,1770275652.5233078,2026-02-05T07:14:12.523308+00:00,2404,371670.52330772876,True,True,within GNSS interval; piecewise-linear interpolation,1,0.059423918411411376,LOW,99.19806265830994,LOW,6.667035818099976,LOW,-104.00045582206627,6.135070325519549,11.730562588427023,102.54298348639189,-18.40300075547978,11.730562588427023,0,0,0,0,0,0,0,,,,,,,
100m_cross_5,100m横飞5m/s,cross,13,/aqronos_cloud_0,1770275554.3309758,2026-02-05T07:12:34.330976+00:00,1649362929.999965,2022-04-07T20:22:09.999965+00:00,1770275540.0,1770275653.5290384,2026-02-05T07:14:13.529038+00:00,2404,371671.5290383577,True,True,within GNSS interval; piecewise-linear interpolation,1,0.16708420586520067,LOW,99.19806265830994,LOW,6.667035818099976,LOW,-103.32043750418228,2.5237385561609953,11.742195767770706,102.29523824420744,-14.736563198939217,11.742195767770706,0,0,0,0,0,0,0,,,,,,,
100m_cross_5,100m横飞5m/s,cross,14,/aqronos_cloud_0,1770275555.3296804,2026-02-05T07:12:35.329680+00:00,1649362930.999974,2022-04-07T20:22:10.999974+00:00,1770275540.0,1770275654.527743,2026-02-05T07:14:14.527743+00:00,2404,371672.5277430296,True,True,within GNSS interval; piecewise-linear interpolation,1,0.2739923868005548,LOW,99.19806265830994,LOW,6.667035818099976,LOW,-102.64516974215907,-1.0623647261834197,11.753747678614912,102.04922373130086,-11.095739094219441,11.753747678614912,0,0,0,0,0,0,0,,,,,,,
100m_cross_5,100m横飞5m/s,cross,15,/aqronos_cloud_0,1770275556.3181634,2026-02-05T07:12:36.318163+00:00,1649362931.999985,2022-04-07T20:22:11.999985+00:00,1770275540.0,1770275655.516226,2026-02-05T07:14:15.516226+00:00,2404,371673.5162259817,True,True,within GNSS interval; piecewise-linear interpolation,1,0.37980636492058206,LOW,99.19806265830994,LOW,6.667035818099976,LOW,-101.97681333041645,-4.61176432249311,11.765181355912748,101.80572717137296,-7.492178741914494,11.765181355912748,0,0,0,0,0,0,0,,,,,,,
100m_cross_5,100m横飞5m/s,cross,16,/aqronos_cloud_0,1770275557.3242788,2026-02-05T07:12:37.324279+00:00,1649362932.999996,2022-04-07T20:22:12.999996+00:00,1770275540.0,1770275656.5223415,2026-02-05T07:14:16.522341+00:00,2404,371674.52234141825,True,True,within GNSS interval; piecewise-linear interpolation,1,0.48750784481119497,LOW,99.19806265830994,LOW,6.667035818099976,LOW,-101.29653482734942,-8.224477841420393,11.776818986284905,101.55788713815203,-3.824338351506521,11.776818986284905,0,0,0,0,0,0,0,,,,,,,
100m_cross_5,100m横飞5m/s,cross,17,/aqronos_cloud_0,1770275558.3155587,2026-02-05T07:12:38.315559+00:00,1649362933.999847,2022-04-07T20:22:13.999847+00:00,1770275540.0,1770275657.5136213,2026-02-05T07:14:17.513621+00:00,2404,371675.5136212587,True,True,within GNSS interval; piecewise-linear interpolation,1,0.5936212209958922,LOW,99.19806265830994,LOW,6.667035818099976,LOW,-100.62628731747647,-11.783920377129553,11.78828501489318,101.31370161065963,-0.21058181326687375,11.78828501489318,0,0,0,0,0,0,0,,,,,,,
100m_cross_5,100m横飞5m/s,cross,18,/aqronos_cloud_0,1770275559.3378131,2026-02-05T07:12:39.337813+00:00,1649362934.99987,2022-04-07T20:22:14.999870+00:00,1770275540.0,1770275658.5358758,2026-02-05T07:14:18.535876+00:00,2404,371676.53587572573,True,True,within GNSS interval; piecewise-linear interpolation,1,0.7030503331253294,LOW,99.19806265830994,LOW,6.667035818099976,LOW,-99.93509651241997,-15.45458519209542,11.800109323716136,101.06188599203449,3.516094159639744,11.800109323716136,0,0,0,0,0,0,0,,,,,,,
100m_cross_5,100m横飞5m/s,cross,19,/aqronos_cloud_0,1770275560.328398,2026-02-05T07:12:40.328398+00:00,1649362935.999873,2022-04-07T20:22:15.999873+00:00,1770275540.0,1770275659.5264606,2026-02-05T07:14:19.526461+00:00,2404,371677.52646057605,True,True,within GNSS interval; piecewise-linear interpolation,1,0.8090893128085764,LOW,99.19806265830994,LOW,6.667035818099976,LOW,-99.26531891568742,-19.01153218877556,11.811567313447082,100.81787166396676,7.127317079091599,11.811567313447082,0,0,0,0,0,0,0,,,,,,,
100m_cross_5,100m横飞5m/s,cross,20,/aqronos_cloud_0,1770275561.3277552,2026-02-05T07:12:41.327755+00:00,1649362936.99988,2022-04-07T20:22:16.999880+00:00,1770275540.0,1770275660.5258179,2026-02-05T07:14:20.525818+00:00,2404,371678.52581779956,True,True,within GNSS interval; piecewise-linear interpolation,1,0.9160673473372305,LOW,99.19806265830994,LOW,6.667035818099976,LOW,-98.58960993504833,-22.599978623889243,11.823126772286914,100.57169640566553,10.770520091057408,11.823126772286914,0,0,0,0,0,0,0,,,,,,,
100m_cross_5,100m横飞5m/s,cross,21,/aqronos_cloud_0,1770275562.3265066,2026-02-05T07:12:42.326507+00:00,1649362937.999891,2022-04-07T20:22:17.999891+00:00,1770275540.0,1770275661.5245693,2026-02-05T07:14:21.524569+00:00,2404,371679.52456920146,True,True,within GNSS interval; piecewise-linear interpolation,2,0.026123146738723478,LOW,99.19806265830994,LOW,6.667035818099976,LOW,-98.12474213773726,-25.048592019061786,11.827520077012997,100.39995202249081,13.256945938502529,11.827520077012997,0,0,0,0,0,0,0,,,,,,,
100m_cross_5,100m横飞5m/s,cross,22,/aqronos_cloud_0,1770275563.3220086,2026-02-05T07:12:43.322009+00:00,1649362938.999914,2022-04-07T20:22:18.999914+00:00,1770275540.0,1770275662.5200713,2026-02-05T07:14:22.520071+00:00,2404,371680.52007119654,True,True,within GNSS interval; piecewise-linear interpolation,2,0.14726143475527803,LOW,99.19806265830994,LOW,6.667035818099976,LOW,-98.4274533368773,-23.347647674673066,11.80583653927959,100.49918535258037,11.532127548354707,11.80583653927959,0,0,0,0,0,0,0,,,,,,,
100m_cross_5,100m横飞5m/s,cross,23,/aqronos_cloud_0,1770275564.3188245,2026-02-05T07:12:44.318825+00:00,1649362939.999924,2022-04-07T20:22:19.999924+00:00,1770275540.0,1770275663.5168872,2026-02-05T07:14:23.516887+00:00,2404,371681.5168871164,True,True,within GNSS interval; piecewise-linear interpolation,2,0.2685596085383699,LOW,99.19806265830994,LOW,6.667035818099976,LOW,-98.73056407288475,-21.644458319274257,11.784124382278826,100.59854965692513,9.805032636762162,11.784124382278826,0,0,0,0,0,0,0,,,,,,,
100m_cross_5,100m横飞5m/s,cross,24,/aqronos_cloud_0,1770275565.3278663,2026-02-05T07:12:45.327866+00:00,1649362940.999924,2022-04-07T20:22:20.999924+00:00,1770275540.0,1770275664.525929,2026-02-05T07:14:24.525929+00:00,2404,371682.5259289026,True,True,within GNSS interval; piecewise-linear interpolation,2,0.3913454945737336,LOW,99.19806265830994,LOW,6.667035818099976,LOW,-99.03739243745731,-19.920379484727178,11.762145927435434,100.69913265639448,8.056755046315715,11.762145927435434,0,0,0,0,0,0,0,,,,,,,
100m_cross_5,100m横飞5m/s,cross,25,/aqronos_cloud_0,1770275566.328564,2026-02-05T07:12:46.328564+00:00,1649362941.999935,2022-04-07T20:22:21.999935+00:00,1770275540.0,1770275665.5266266,2026-02-05T07:14:25.526627+00:00,2404,371683.5266265154,True,True,within GNSS interval; piecewise-linear interpolation,2,0.5131160146034223,LOW,99.19806265830994,LOW,6.667035818099976,LOW,-99.34168351455308,-18.210557753306745,11.740349221298068,100.79888389448058,6.322934668266717,11.740349221298068,0,0,0,0,0,0,0,,,,,,,
100m_cross_5,100m横飞5m/s,cross,26,/aqronos_cloud_0,1770275567.3306546,2026-02-05T07:12:47.330655+00:00,1649362942.999946,2022-04-07T20:22:22.999946+00:00,1770275540.0,1770275666.5287173,2026-02-05T07:14:26.528717+00:00,2404,371684.5287172079,True,True,within GNSS interval; piecewise-linear interpolation,2,0.6350560524218748,LOW,99.19806265830994,LOW,6.667035818099976,LOW,-99.6463981978757,-16.49835576434105,11.71852217177853,100.89877399712361,4.586700623949984,11.71852217177853,0,0,0,0,0,0,0,,,,,,,
100m_cross_5,100m横飞5m/s,cross,27,/aqronos_cloud_0,1770275568.3307827,2026-02-05T07:12:48.330783+00:00,1649362943.999957,2022-04-07T20:22:23.999957+00:00,1770275540.0,1770275667.5288453,2026-02-05T07:14:27.528845+00:00,2404,371685.5288452387,True,True,within GNSS interval; piecewise-linear interpolation,2,0.7567572625084936,LOW,99.19806265830994,LOW,6.667035818099976,LOW,-99.95051607708066,-14.789507237657162,11.69673787199749,100.99846845830976,2.8538671103051723,11.69673787199749,0,0,0,0,0,0,0,,,,,,,
100m_cross_5,100m横飞5m/s,cross,28,/aqronos_cloud_0,1770275569.3342097,2026-02-05T07:12:49.334210+00:00,1649362944.999968,2022-04-07T20:22:24.999968+00:00,1770275540.0,1770275668.5322723,2026-02-05T07:14:28.532272+00:00,2404,371686.53227226733,True,True,within GNSS interval; piecewise-linear interpolation,2,0.8788599132323067,LOW,99.19806265830994,LOW,6.667035818099976,LOW,-100.2556371120893,-13.07502194498769,11.674881715057605,101.09849176920906,1.1153177143829804,11.674881715057605,0,0,0,0,0,0,0,,,,,,,
100m_cross_5,100m横飞5m/s,cross,29,/aqronos_cloud_0,1770275570.3206878,2026-02-05T07:12:50.320688+00:00,1649362945.999979,2022-04-07T20:22:25.999979+00:00,1770275540.0,1770275669.5187504,2026-02-05T07:14:29.518750+00:00,2404,371687.5187503576,True,True,within GNSS interval; piecewise-linear interpolation,2,0.9989001217029218,LOW,99.19806265830994,LOW,6.667035818099976,LOW,-100.55560433175313,-11.389496112977973,11.653394731606568,101.19682558113776,-0.5938657528540698,11.653394731606568,0,0,0,0,0,0,0,,,,,,,
100m_cross_5,100m横飞5m/s,cross,30,/aqronos_cloud_0,1770275571.3147042,2026-02-05T07:12:51.314704+00:00,1649362946.99999,2022-04-07T20:22:26.999990+00:00,1770275540.0,1770275670.5127668,2026-02-05T07:14:30.512767+00:00,2404,371688.51276676654,False,False,outside GNSS interval; no extrapolation,-1,,LOW,99.19806265830994,LOW,6.667035818099976,LOW,,,,,,,,,,,,,,,,,,,,
100m_cross_5,100m横飞5m/s,cross,31,/aqronos_cloud_0,1770275572.3259099,2026-02-05T07:12:52.325910+00:00,1649362947.99984,2022-04-07T20:22:27.999840+00:00,1770275540.0,1770275671.5239725,2026-02-05T07:14:31.523973+00:00,2404,371689.52397243975,False,False,outside GNSS interval; no extrapolation,-1,,LOW,99.19806265830994,LOW,6.667035818099976,LOW,,,,,,,,,,,,,,,,,,,,
200m_cross_10,200m横飞10m/s,cross,0,/aqronos_cloud_0,1770275801.3312817,2026-02-05T07:16:41.331282+00:00,1649363176.99997,2022-04-07T20:26:16.999970+00:00,1770275800.0,1770275902.1655211,2026-02-05T07:18:22.165521+00:00,2404,371920.16552105476,False,False,outside GNSS interval; no extrapolation,-1,,LOW,100.83423948287964,LOW,10.76451289653778,LOW,,,,,,,,,,,,,,,,,,,,
200m_cross_10,200m横飞10m/s,cross,1,/aqronos_cloud_0,1770275802.3255057,2026-02-05T07:16:42.325506+00:00,1649363177.99997,2022-04-07T20:26:17.999970+00:00,1770275800.0,1770275903.1597452,2026-02-05T07:18:23.159745+00:00,2404,371921.15974512626,False,False,outside GNSS interval; no extrapolation,-1,,LOW,100.83423948287964,LOW,10.76451289653778,LOW,,,,,,,,,,,,,,,,,,,,
200m_cross_10,200m横飞10m/s,cross,2,/aqronos_cloud_0,1770275803.3338487,2026-02-05T07:16:43.333849+00:00,1649363178.999992,2022-04-07T20:26:18.999992+00:00,1770275800.0,1770275904.1680882,2026-02-05T07:18:24.168088+00:00,2404,371922.1680881076,False,False,outside GNSS interval; no extrapolation,-1,,LOW,100.83423948287964,LOW,10.76451289653778,LOW,,,,,,,,,,,,,,,,,,,,
200m_cross_10,200m横飞10m/s,cross,3,/aqronos_cloud_0,1770275804.302667,2026-02-05T07:16:44.302667+00:00,1649363179.999995,2022-04-07T20:26:19.999995+00:00,1770275800.0,1770275905.1369064,2026-02-05T07:18:25.136906+00:00,2404,371923.1369062953,False,False,outside GNSS interval; no extrapolation,-1,,LOW,100.83423948287964,LOW,10.76451289653778,LOW,,,,,,,,,,,,,,,,,,,,
200m_cross_10,200m横飞10m/s,cross,4,/aqronos_cloud_0,1770275805.3083267,2026-02-05T07:16:45.308327+00:00,1649363180.999846,2022-04-07T20:26:20.999846+00:00,1770275800.0,1770275906.1425662,2026-02-05T07:18:26.142566+00:00,2404,371924.14256611397,False,False,outside GNSS interval; no extrapolation,-1,,LOW,100.83423948287964,LOW,10.76451289653778,LOW,,,,,,,,,,,,,,,,,,,,
200m_cross_10,200m横飞10m/s,cross,5,/aqronos_cloud_0,1770275806.305339,2026-02-05T07:16:46.305339+00:00,1649363181.999858,2022-04-07T20:26:21.999858+00:00,1770275800.0,1770275907.1395786,2026-02-05T07:18:27.139579+00:00,2404,371925.13957849075,True,True,within GNSS interval; piecewise-linear interpolation,0,0.05492770766112402,LOW,100.83423948287964,LOW,10.76451289653778,LOW,-195.47113909326697,-58.4057723511522,14.85343071084917,201.01056158650044,34.856198774875864,14.85343071084917,0,0,0,0,0,0,0,,,,,,,
200m_cross_10,200m横飞10m/s,cross,6,/aqronos_cloud_0,1770275807.3184383,2026-02-05T07:16:47.318438+00:00,1649363182.999869,2022-04-07T20:26:22.999869+00:00,1770275800.0,1770275908.1526778,2026-02-05T07:18:28.152678+00:00,2404,371926.1526776843,True,True,within GNSS interval; piecewise-linear interpolation,0,0.13279764095433289,LOW,100.83423948287964,LOW,10.76451289653778,LOW,-197.30674596766912,-52.7296204814634,14.847320832445224,202.1613470545491,29.0026660422731,14.847320832445224,0,0,0,0,0,0,0,,,,,,,
200m_cross_10,200m横飞10m/s,cross,7,/aqronos_cloud_0,1770275808.3234842,2026-02-05T07:16:48.323484+00:00,1649363183.999884,2022-04-07T20:26:23.999884+00:00,1770275800.0,1770275909.1577237,2026-02-05T07:18:29.157724+00:00,2404,371927.15772357513,True,True,within GNSS interval; piecewise-linear interpolation,0,0.21004857252187603,LOW,100.83423948287964,LOW,10.76451289653778,LOW,-199.12776128182654,-47.09858933621708,14.841259522533836,203.30298472754436,23.195664065630755,14.841259522533836,0,0,0,0,0,0,0,,,,,,,
200m_cross_10,200m横飞10m/s,cross,8,/aqronos_cloud_0,1770275809.3251147,2026-02-05T07:16:49.325115+00:00,1649363184.999889,2022-04-07T20:26:24.999889+00:00,1770275800.0,1770275910.1593542,2026-02-05T07:18:30.159354+00:00,2404,371928.1593541198,True,True,within GNSS interval; piecewise-linear interpolation,0,0.28703699003529637,LOW,100.83423948287964,LOW,10.76451289653778,LOW,-200.94258842319383,-41.48669355652345,14.835218810160962,204.4407428883085,17.4083954384802,14.835218810160962,0,0,0,0,0,0,0,,,,,,,
200m_cross_10,200m横飞10m/s,cross,9,/aqronos_cloud_0,1770275810.3347442,2026-02-05T07:16:50.334744+00:00,1649363185.999898,2022-04-07T20:26:25.999898+00:00,1770275800.0,1770275911.1689837,2026-02-05T07:18:31.168984+00:00,2404,371929.1689836078,True,True,within GNSS interval; piecewise-linear interpolation,0,0.36464023104022253,LOW,100.83423948287964,LOW,10.76451289653778,LOW,-202.77190863242214,-35.82998161527362,14.829129857130697,205.58758709691574,11.574910135905622,14.829129857130697,0,0,0,0,0,0,0,,,,,,,
200m_cross_10,200m横飞10m/s,cross,10,/aqronos_cloud_0,1770275811.3485148,2026-02-05T07:16:51.348515+00:00,1649363186.99991,2022-04-07T20:26:26.999910+00:00,1770275800.0,1770275912.1827543,2026-02-05T07:18:32.182754+00:00,2404,371930.1827541881,True,True,within GNSS interval; piecewise-linear interpolation,0,0.44256176919042334,LOW,100.83423948287964,LOW,10.76451289653778,LOW,-204.6087319741595,-30.150068126778784,14.823015929674852,206.7391351971768,5.7174982331689,14.823015929674852,0,0,0,0,0,0,0,,,,,,,
200m_cross_10,200m横飞10m/s,cross,11,/aqronos_cloud_0,1770275812.3336523,2026-02-05T07:16:52.333652+00:00,1649363187.99992,2022-04-07T20:26:27.999920+00:00,1770275800.0,1770275913.1678917,2026-02-05T07:18:33.167892+00:00,2404,371931.1678916507,True,True,within GNSS interval; piecewise-linear interpolation,0,0.5182824774736827,LOW,100.83423948287964,LOW,10.76451289653778,LOW,-206.3936757487482,-24.630579131227442,14.817074685080108,207.85815876683395,0.025524120349420087,14.817074685080108,0,0,0,0,0,0,0,,,,,,,
200m_cross_10,200m横飞10m/s,cross,12,/aqronos_cloud_0,1770275813.3197362,2026-02-05T07:16:53.319736+00:00,1649363188.999931,2022-04-07T20:26:28.999931+00:00,1770275800.0,1770275914.1539757,2026-02-05T07:18:34.153976+00:00,2404,371932.15397563507,True,True,within GNSS interval; piecewise-linear interpolation,0,0.5940759383429713,LOW,100.83423948287964,LOW,10.76451289653778,LOW,-208.18033450036842,-19.10578700120879,14.811127732127396,208.97825749625073,-5.671918850933057,14.811127732127396,0,0,0,0,0,0,0,,,,,,,
200m_cross_10,200m横飞10m/s,cross,13,/aqronos_cloud_0,1770275814.3281603,2026-02-05T07:16:54.328160+00:00,1649363189.999942,2022-04-07T20:26:29.999942+00:00,1770275800.0,1770275915.1623998,2026-02-05T07:18:35.162400+00:00,2404,371933.1623996787,True,True,within GNSS interval; piecewise-linear interpolation,0,0.6715865251728438,LOW,100.83423948287964,LOW,10.76451289653778,LOW,-210.00747059779033,-13.455828875542508,14.805046048985767,210.12373243338573,-11.498439279858044,14.805046048985767,0,0,0,0,0,0,0,,,,,,,
200m_cross_10,200m横飞10m/s,cross,14,/aqronos_cloud_0,1770275815.3308313,2026-02-05T07:16:55.330831+00:00,1649363190.999953,2022-04-07T20:26:30.999953+00:00,1770275800.0,1770275916.1650708,2026-02-05T07:18:36.165071+00:00,2404,371934.16507068207,True,True,within GNSS interval; piecewise-linear interpolation,0,0.7486549155541309,LOW,100.83423948287964,LOW,10.76451289653778,LOW,-211.82418291793988,-7.838103655341236,14.798999061732749,211.2626724574222,-17.29171951867926,14.798999061732749,0,0,0,0,0,0,0,,,,,,,
200m_cross_10,200m横飞10m/s,cross,15,/aqronos_cloud_0,1770275816.3288374,2026-02-05T07:16:56.328837+00:00,1649363191.999969,2022-04-07T20:26:31.999969+00:00,1770275800.0,1770275917.1630769,2026-02-05T07:18:37.163077+00:00,2404,371935.1630767875,True,True,within GNSS interval; piecewise-linear interpolation,0,0.8253647474723836,LOW,100.83423948287964,LOW,10.76451289653778,LOW,-213.63244303642722,-2.246514739670779,14.792980207913486,212.39631359585223,-23.05804668830982,14.792980207913486,0,0,0,0,0,0,0,,,,,,,
200m_cross_10,200m横飞10m/s,cross,16,/aqronos_cloud_0,1770275817.3153162,2026-02-05T07:16:57.315316+00:00,1649363192.999987,2022-04-07T20:26:32.999987+00:00,1770275800.0,1770275918.1495557,2026-02-05T07:18:38.149556+00:00,2404,371936.14955559303,True,True,within GNSS interval; piecewise-linear interpolation,0,0.9011885555160964,LOW,100.83423948287964,LOW,10.76451289653778,LOW,-215.4198171537815,3.2804894786798258,14.787030873842184,213.51686080500758,-28.757770876119928,14.787030873842184,0,0,0,0,0,0,0,,,,,,,
200m_cross_10,200m横飞10m/s,cross,17,/aqronos_cloud_0,1770275818.3235276,2026-02-05T07:16:58.323528+00:00,1649363193.999998,2022-04-07T20:26:33.999998+00:00,1770275800.0,1770275919.157767,2026-02-05T07:18:39.157767+00:00,2404,371937.1577669673,True,True,within GNSS interval; piecewise-linear interpolation,0,0.9786827959210979,LOW,100.83423948287964,LOW,10.76451289653778,LOW,-217.24656792135147,8.929256068843628,14.780950473283758,214.662094169723,-34.5830625338235,14.780950473283758,0,0,0,0,0,0,0,,,,,,,
200m_cross_10,200m横飞10m/s,cross,18,/aqronos_cloud_0,1770275819.323591,2026-02-05T07:16:59.323591+00:00,1649363194.999849,2022-04-07T20:26:34.999849+00:00,1770275800.0,1770275920.1578305,2026-02-05T07:18:40.157830+00:00,2404,371938.15783038666,True,True,within GNSS interval; piecewise-linear interpolation,1,0.05472759547434433,LOW,100.83423948287964,LOW,10.76451289653778,LOW,-216.39315137407664,6.3807642598009275,14.790249573300525,214.11635606240927,-31.95146601799022,14.790249573300525,0,0,0,0,0,0,0,,,,,,,
200m_cross_10,200m横飞10m/s,cross,19,/aqronos_cloud_0,1770275820.3265488,2026-02-05T07:17:00.326549+00:00,1649363195.999854,2022-04-07T20:26:35.999854+00:00,1770275800.0,1770275921.1607883,2026-02-05T07:18:41.160788+00:00,2404,371939.16078820755,True,True,within GNSS interval; piecewise-linear interpolation,1,0.13067568781091532,LOW,100.83423948287964,LOW,10.76451289653778,LOW,-214.5114748614156,0.6877224418860113,14.805475529171156,212.9218242237872,-26.075708592317643,14.805475529171156,0,0,0,0,0,0,0,,,,,,,
200m_cross_10,200m横飞10m/s,cross,20,/aqronos_cloud_0,1770275821.3189185,2026-02-05T07:17:01.318918+00:00,1649363196.999864,2022-04-07T20:26:36.999864+00:00,1770275800.0,1770275922.153158,2026-02-05T07:18:42.153158+00:00,2404,371940.15315785934,True,True,within GNSS interval; piecewise-linear interpolation,1,0.20582200042398097,LOW,100.83423948287964,LOW,10.76451289653778,LOW,-212.6496631014775,-4.94521825493104,14.820540745485172,211.73990299035384,-20.26198120609967,14.820540745485172,0,0,0,0,0,0,0,,,,,,,
200m_cross_10,200m横飞10m/s,cross,21,/aqronos_cloud_0,1770275822.3269553,2026-02-05T07:17:02.326955+00:00,1649363197.999873,2022-04-07T20:26:37.999873+00:00,1770275800.0,1770275923.1611948,2026-02-05T07:18:43.161195+00:00,2404,371941.1611947112,True,True,within GNSS interval; piecewise-linear interpolation,1,0.2821546978821425,LOW,100.83423948287964,LOW,10.76451289653778,LOW,-210.75845768029905,-10.66708993510103,14.835843806394637,210.5393219798711,-14.356468636754451,14.835843806394637,0,0,0,0,0,0,0,,,,,,,
200m_cross_10,200m横飞10m/s,cross,22,/aqronos_cloud_0,1770275823.325609,2026-02-05T07:17:03.325609+00:00,1649363198.999885,2022-04-07T20:26:38.999885+00:00,1770275800.0,1770275924.1598485,2026-02-05T07:18:44.159848+00:00,2404,371942.1598483615,True,True,within GNSS interval; piecewise-linear interpolation,1,0.3577768607130066,LOW,100.83423948287964,LOW,10.76451289653778,LOW,-208.8848563394666,-16.335700193926108,14.85100442042299,209.34991644738443,-8.505926890034225,14.85100442042299,0,0,0,0,0,0,0,,,,,,,
200m_cross_10,200m横飞10m/s,cross,23,/aqronos_cloud_0,1770275824.3333356,2026-02-05T07:17:04.333336+00:00,1649363199.999894,2022-04-07T20:26:39.999894+00:00,1770275800.0,1770275925.1675751,2026-02-05T07:18:45.167575+00:00,2404,371943.1675750308,True,True,within GNSS interval; piecewise-linear interpolation,1,0.43408606987077897,LOW,100.83423948287964,LOW,10.76451289653778,LOW,-206.99423286026726,-22.055811199505953,14.866302772434388,208.1497048671505,-2.6022315033354957,14.866302772434388,0,0,0,0,0,0,0,,,,,,,
200m_cross_10,200m横飞10m/s,cross,24,/aqronos_cloud_0,1770275825.322195,2026-02-05T07:17:05.322195+00:00,1649363200.999905,2022-04-07T20:26:40.999905+00:00,1770275800.0,1770275926.1564345,2026-02-05T07:18:46.156435+00:00,2404,371944.1564344459,True,True,within GNSS interval; piecewise-linear interpolation,1,0.5089665729168739,LOW,100.83423948287964,LOW,10.76451289653778,LOW,-205.13900675118126,-27.668826906322465,14.881314699658287,206.97196435743234,3.1909314093204273,14.881314699658287,0,0,0,0,0,0,0,,,,,,,
200m_cross_10,200m横飞10m/s,cross,25,/aqronos_cloud_0,1770275826.3216853,2026-02-05T07:17:06.321685+00:00,1649363201.999919,2022-04-07T20:26:41.999919+00:00,1770275800.0,1770275927.1559248,2026-02-05T07:18:47.155925+00:00,2404,371945.15592470695,True,True,within GNSS interval; piecewise-linear interpolation,1,0.5846520873588567,LOW,100.83423948287964,LOW,10.76451289653778,LOW,-203.2638358220285,-33.34218597924195,14.896488014319473,205.78156241392097,9.046374381180183,14.896488014319473,0,0,0,0,0,0,0,,,,,,,
200m_cross_10,200m横飞10m/s,cross,26,/aqronos_cloud_0,1770275827.3217409,2026-02-05T07:17:07.321741+00:00,1649363202.999925,2022-04-07T20:26:42.999925+00:00,1770275800.0,1770275928.1559803,2026-02-05T07:18:48.155980+00:00,2404,371946.1559802585,True,True,within GNSS interval; piecewise-linear interpolation,1,0.6603804079193811,LOW,100.83423948287964,LOW,10.76451289653778,LOW,-201.3876043360483,-39.01875378348598,14.911669910684978,204.5904872043681,14.90512906714817,14.911669910684978,0,0,0,0,0,0,0,,,,,,,
200m_cross_10,200m横飞10m/s,cross,27,/aqronos_cloud_0,1770275828.33184,2026-02-05T07:17:08.331840+00:00,1649363203.999936,2022-04-07T20:26:43.999936+00:00,1770275800.0,1770275929.1660795,2026-02-05T07:18:49.166080+00:00,2404,371947.1660794311,True,True,within GNSS interval; piecewise-linear interpolation,1,0.7368692727859714,LOW,100.83423948287964,LOW,10.76451289653778,LOW,-199.49252973875966,-44.75233171669574,14.927004279794504,203.38744995126248,20.8227235964412,14.927004279794504,0,0,0,0,0,0,0,,,,,,,
200m_cross_10,200m横飞10m/s,cross,28,/aqronos_cloud_0,1770275829.317971,2026-02-05T07:17:09.317971+00:00,1649363204.999947,2022-04-07T20:26:44.999947+00:00,1770275800.0,1770275930.1522105,2026-02-05T07:18:50.152210+00:00,2404,371948.1522103839,True,True,within GNSS interval; piecewise-linear interpolation,1,0.8115431654480132,LOW,100.83423948287964,LOW,10.76451289653778,LOW,-197.64242257203261,-50.34985998307443,14.94197478608875,202.2129590647323,26.59990200624826,14.94197478608875,0,0,0,0,0,0,0,,,,,,,
200m_cross_10,200m横飞10m/s,cross,29,/aqronos_cloud_0,1770275830.3180628,2026-02-05T07:17:10.318063+00:00,1649363205.999958,2022-04-07T20:26:45.999958+00:00,1770275800.0,1770275931.1523023,2026-02-05T07:18:51.152302+00:00,2404,371949.15230217506,True,True,within GNSS interval; piecewise-linear interpolation,1,0.8872742302219574,LOW,100.83423948287964,LOW,10.76451289653778,LOW,-195.76612309590575,-56.026633492574184,14.957157232609909,201.02184069345935,32.45886899948932,14.957157232609909,0,0,0,0,0,0,0,,,,,,,
200m_cross_10,200m横飞10m/s,cross,30,/aqronos_cloud_0,1770275831.3356285,2026-02-05T07:17:11.335629+00:00,1649363206.999972,2022-04-07T20:26:46.999972+00:00,1770275800.0,1770275932.169868,2026-02-05T07:18:52.169868+00:00,2404,371950.1698679023,True,True,within GNSS interval; piecewise-linear interpolation,1,0.9643284933232024,LOW,100.83423948287964,LOW,10.76451289653778,LOW,-193.8570402918838,-61.802593475084144,14.972604951881438,199.80991070622417,38.42020581082693,14.972604951881438,0,0,0,0,0,0,0,,,,,,,
200m_cross_10,200m横飞10m/s,cross,31,/aqronos_cloud_0,1770275832.3232634,2026-02-05T07:17:12.323263+00:00,1649363207.999989,2022-04-07T20:26:47.999989+00:00,1770275800.0,1770275933.157503,2026-02-05T07:18:53.157503+00:00,2404,371951.1575027995,True,True,within GNSS interval; piecewise-linear interpolation,2,0.04215751757357756,LOW,100.83423948287964,LOW,10.76451289653778,LOW,-193.5354186241084,-62.76802490983033,14.974438782970514,199.60483343910585,39.41692125010235,14.974438782970514,0,0,0,0,0,0,0,,,,,,,
200m_cross_10,200m横飞10m/s,cross,32,/aqronos_cloud_0,1770275833.3298044,2026-02-05T07:17:13.329804+00:00,1649363208.999841,2022-04-07T20:26:48.999841+00:00,1770275800.0,1770275934.164044,2026-02-05T07:18:54.164044+00:00,2404,371952.16404381325,True,True,within GNSS interval; piecewise-linear interpolation,2,0.12430291999428487,LOW,100.83423948287964,LOW,10.76451289653778,LOW,-194.63082518860688,-59.438968412616276,14.964077374940102,200.29846068058725,35.981602639978334,14.964077374940102,0,0,0,0,0,0,0,,,,,,,
200m_cross_10,200m横飞10m/s,cross,33,/aqronos_cloud_0,1770275834.3194036,2026-02-05T07:17:14.319404+00:00,1649363209.999844,2022-04-07T20:26:49.999844+00:00,1770275800.0,1770275935.1536431,2026-02-05T07:18:55.153643+00:00,2404,371953.15364304115,True,True,within GNSS interval; piecewise-linear interpolation,2,0.2050656765075562,LOW,100.83423948287964,LOW,10.76451289653778,LOW,-195.70779420993497,-56.16594556069283,14.953890366912447,200.98041300371094,32.60410624603509,14.953890366912447,0,0,0,0,0,0,0,,,,,,,
200m_cross_10,200m横飞10m/s,cross,34,/aqronos_cloud_0,1770275835.3165312,2026-02-05T07:17:15.316531+00:00,1649363210.999865,2022-04-07T20:26:50.999865+00:00,1770275800.0,1770275936.1507707,2026-02-05T07:18:56.150771+00:00,2404,371954.1507705741,True,True,within GNSS interval; piecewise-linear interpolation,2,0.2864428298906568,LOW,100.83423948287964,LOW,10.76451289653778,LOW,-196.7929561957454,-52.86802342249044,14.943625861952846,201.66755323015533,29.200915790845215,14.943625861952846,0,0,0,0,0,0,0,,,,,,,
200m_cross_10,200m横飞10m/s,cross,35,/aqronos_cloud_0,1770275836.32418,2026-02-05T07:17:16.324180+00:00,1649363211.99987,2022-04-07T20:26:51.999870+00:00,1770275800.0,1770275937.1584194,2026-02-05T07:18:57.158419+00:00,2404,371955.15841928055,True,True,within GNSS interval; piecewise-linear interpolation,2,0.36867863286422786,LOW,100.83423948287964,LOW,10.76451289653778,LOW,-197.88956824900072,-49.53530331734466,14.933253051251235,202.36194380451067,25.761816631932497,14.933253051251235,0,0,0,0,0,0,0,,,,,,,
200m_cross_10,200m横飞10m/s,cross,36,/aqronos_cloud_0,1770275837.327859,2026-02-05T07:17:17.327859+00:00,1649363212.999879,2022-04-07T20:26:52.999879+00:00,1770275800.0,1770275938.1620984,2026-02-05T07:18:58.162098+00:00,2404,371956.16209831764,True,True,within GNSS interval; piecewise-linear interpolation,2,0.4505904648508894,LOW,100.83423948287964,LOW,10.76451289653778,LOW,-198.9818601585193,-46.21571258629772,14.92292110462097,203.05359880151966,22.336265931334843,14.92292110462097,0,0,0,0,0,0,0,,,,,,,
200m_cross_10,200m横飞10m/s,cross,37,/aqronos_cloud_0,1770275838.325653,2026-02-05T07:17:18.325653+00:00,1649363213.999888,2022-04-07T20:26:53.999888+00:00,1770275800.0,1770275939.1598926,2026-02-05T07:18:59.159893+00:00,2404,371957.15989246895,True,True,within GNSS interval; piecewise-linear interpolation,2,0.5320220220105305,LOW,100.83423948287964,LOW,10.76451289653778,LOW,-200.06774761711577,-42.91558565950791,14.912649737442543,203.74119840779946,18.930800311613506,14.912649737442543,0,0,0,0,0,0,0,,,,,,,
200m_cross_10,200m横飞10m/s,cross,38,/aqronos_cloud_0,1770275839.3352473,2026-02-05T07:17:19.335247+00:00,1649363214.999899,2022-04-07T20:26:54.999899+00:00,1770275800.0,1770275940.1694868,2026-02-05T07:19:00.169487+00:00,2404,371958.169486671,True,True,within GNSS interval; piecewise-linear interpolation,2,0.6144165999542627,LOW,100.83423948287964,LOW,10.76451289653778,LOW,-201.16647693000422,-39.57643097822722,14.902256899664522,204.43692966150294,15.48506118754458,14.902256899664522,0,0,0,0,0,0,0,,,,,,,
200m_cross_10,200m横飞10m/s,cross,39,/aqronos_cloud_0,1770275840.3155549,2026-02-05T07:17:20.315555+00:00,1649363215.999927,2022-04-07T20:26:55.999927+00:00,1770275800.0,1770275941.1497943,2026-02-05T07:19:01.149794+00:00,2404,371959.14979425,True,True,within GNSS interval; piecewise-linear interpolation,2,0.6944210503232793,LOW,100.83423948287964,LOW,10.76451289653778,LOW,-202.2333339608394,-36.33413953575601,14.892165540561104,205.11247892634782,12.139277136992003,14.892165540561104,0,0,0,0,0,0,0,,,,,,,
200m_cross_10,200m横飞10m/s,cross,40,/aqronos_cloud_0,1770275841.3229115,2026-02-05T07:17:21.322912+00:00,1649363216.999928,2022-04-07T20:26:56.999928+00:00,1770275800.0,1770275942.157151,2026-02-05T07:19:02.157151+00:00,2404,371960.1571508937,True,True,within GNSS interval; piecewise-linear interpolation,2,0.7766330175936093,LOW,100.83423948287964,LOW,10.76451289653778,LOW,-203.32962816568164,-33.002385405581464,14.881795736375253,205.80666823450204,8.701174786573937,14.881795736375253,0,0,0,0,0,0,0,,,,,,,
200m_cross_10,200m横飞10m/s,cross,41,/aqronos_cloud_0,1770275842.3264282,2026-02-05T07:17:22.326428+00:00,1649363217.99994,2022-04-07T20:26:57.999940+00:00,1770275800.0,1770275943.1606677,2026-02-05T07:19:03.160668+00:00,2404,371961.16066756775,True,True,within GNSS interval; piecewise-linear interpolation,2,0.8585315988750404,LOW,100.83423948287964,LOW,10.76451289653778,LOW,-204.42174337742938,-29.683331677763427,14.87146546112232,206.49821134393304,5.276178230127183,14.87146546112232,0,0,0,0,0,0,0,,,,,,,
200m_cross_10,200m横飞10m/s,cross,42,/aqronos_cloud_0,1770275843.3202274,2026-02-05T07:17:23.320227+00:00,1649363218.999953,2022-04-07T20:26:58.999953+00:00,1770275800.0,1770275944.1544669,2026-02-05T07:19:04.154467+00:00,2404,371962.15446677734,True,True,within GNSS interval; piecewise-linear interpolation,2,0.9396371225297772,LOW,100.83423948287964,LOW,10.76451289653778,LOW,-205.50328318867133,-26.39641771147813,14.861235218170888,207.18305795717887,1.8843473231702426,14.861235218170888,0,0,0,0,0,0,0,,,,,,,
200m_cross_10,200m横飞10m/s,cross,43,/aqronos_cloud_0,1770275844.3358884,2026-02-05T07:17:24.335888+00:00,1649363219.999956,2022-04-07T20:26:59.999956+00:00,1770275800.0,1770275945.1701279,2026-02-05T07:19:05.170128+00:00,2404,371963.17012777855,False,False,outside GNSS interval; no extrapolation,-1,,LOW,100.83423948287964,LOW,10.76451289653778,LOW,,,,,,,,,,,,,,,,,,,,
200m_cross_10,200m横飞10m/s,cross,44,/aqronos_cloud_0,1770275845.3265548,2026-02-05T07:17:25.326555+00:00,1649363220.999963,2022-04-07T20:27:00.999963+00:00,1770275800.0,1770275946.1607943,2026-02-05T07:19:06.160794+00:00,2404,371964.160794168,False,False,outside GNSS interval; no extrapolation,-1,,LOW,100.83423948287964,LOW,10.76451289653778,LOW,,,,,,,,,,,,,,,,,,,,
200m_cross_10,200m横飞10m/s,cross,45,/aqronos_cloud_0,1770275846.3150702,2026-02-05T07:17:26.315070+00:00,1649363221.999974,2022-04-07T20:27:01.999974+00:00,1770275800.0,1770275947.1493096,2026-02-05T07:19:07.149310+00:00,2404,371965.14930954506,False,False,outside GNSS interval; no extrapolation,-1,,LOW,100.83423948287964,LOW,10.76451289653778,LOW,,,,,,,,,,,,,,,,,,,,
200m_cross_10,200m横飞10m/s,cross,46,/aqronos_cloud_0,1770275847.3225572,2026-02-05T07:17:27.322557+00:00,1649363222.999985,2022-04-07T20:27:02.999985+00:00,1770275800.0,1770275948.1567967,2026-02-05T07:19:08.156797+00:00,2404,371966.1567966037,False,False,outside GNSS interval; no extrapolation,-1,,LOW,100.83423948287964,LOW,10.76451289653778,LOW,,,,,,,,,,,,,,,,,,,,
200m_cross_10,200m横飞10m/s,cross,47,/aqronos_cloud_0,1770275848.3193035,2026-02-05T07:17:28.319304+00:00,1649363223.999996,2022-04-07T20:27:03.999996+00:00,1770275800.0,1770275949.153543,2026-02-05T07:19:09.153543+00:00,2404,371967.15354290535,False,False,outside GNSS interval; no extrapolation,-1,,LOW,100.83423948287964,LOW,10.76451289653778,LOW,,,,,,,,,,,,,,,,,,,,
200m_cross_5,200m横飞5m/s,cross,0,/aqronos_cloud_0,1770276597.326433,2026-02-05T07:29:57.326433+00:00,1649363972.999913,2022-04-07T20:39:32.999913+00:00,1770276595.0,1770276682.0945492,2026-02-05T07:31:22.094549+00:00,2404,372700.0945492415,False,False,outside GNSS interval; no extrapolation,-1,,LOW,84.76811623573303,LOW,27.68561029434204,LOW,,,,,,,,,,,,,,,,,,,,
200m_cross_5,200m横飞5m/s,cross,1,/aqronos_cloud_0,1770276598.31947,2026-02-05T07:29:58.319470+00:00,1649363973.999925,2022-04-07T20:39:33.999925+00:00,1770276595.0,1770276683.0875862,2026-02-05T07:31:23.087586+00:00,2404,372701.0875862269,False,False,outside GNSS interval; no extrapolation,-1,,LOW,84.76811623573303,LOW,27.68561029434204,LOW,,,,,,,,,,,,,,,,,,,,
200m_cross_5,200m横飞5m/s,cross,2,/aqronos_cloud_0,1770276599.3165238,2026-02-05T07:29:59.316524+00:00,1649363974.999936,2022-04-07T20:39:34.999936+00:00,1770276595.0,1770276684.08464,2026-02-05T07:31:24.084640+00:00,2404,372702.0846400885,False,False,outside GNSS interval; no extrapolation,-1,,LOW,84.76811623573303,LOW,27.68561029434204,LOW,,,,,,,,,,,,,,,,,,,,
200m_cross_5,200m横飞5m/s,cross,3,/aqronos_cloud_0,1770276600.3122969,2026-02-05T07:30:00.312297+00:00,1649363975.999947,2022-04-07T20:39:35.999947+00:00,1770276595.0,1770276685.080413,2026-02-05T07:31:25.080413+00:00,2404,372703.0804131655,False,False,outside GNSS interval; no extrapolation,-1,,LOW,84.76811623573303,LOW,27.68561029434204,LOW,,,,,,,,,,,,,,,,,,,,
200m_cross_5,200m横飞5m/s,cross,4,/aqronos_cloud_0,1770276601.3208904,2026-02-05T07:30:01.320890+00:00,1649363976.999957,2022-04-07T20:39:36.999957+00:00,1770276595.0,1770276686.0890067,2026-02-05T07:31:26.089007+00:00,2404,372704.08900672477,False,False,outside GNSS interval; no extrapolation,-1,,LOW,84.76811623573303,LOW,27.68561029434204,LOW,,,,,,,,,,,,,,,,,,,,
200m_cross_5,200m横飞5m/s,cross,5,/aqronos_cloud_0,1770276602.3315082,2026-02-05T07:30:02.331508+00:00,1649363977.99997,2022-04-07T20:39:37.999970+00:00,1770276595.0,1770276687.0996244,2026-02-05T07:31:27.099624+00:00,2404,372705.09962445777,False,False,outside GNSS interval; no extrapolation,-1,,LOW,84.76811623573303,LOW,27.68561029434204,LOW,,,,,,,,,,,,,,,,,,,,
200m_cross_5,200m横飞5m/s,cross,6,/aqronos_cloud_0,1770276603.3015053,2026-02-05T07:30:03.301505+00:00,1649363978.999979,2022-04-07T20:39:38.999979+00:00,1770276595.0,1770276688.0696216,2026-02-05T07:31:28.069622+00:00,2404,372706.06962162536,False,False,outside GNSS interval; no extrapolation,-1,,LOW,84.76811623573303,LOW,27.68561029434204,LOW,,,,,,,,,,,,,,,,,,,,
200m_cross_5,200m横飞5m/s,cross,7,/aqronos_cloud_0,1770276604.316519,2026-02-05T07:30:04.316519+00:00,1649363979.99999,2022-04-07T20:39:39.999990+00:00,1770276595.0,1770276689.0846353,2026-02-05T07:31:29.084635+00:00,2404,372707.0846353201,False,False,outside GNSS interval; no extrapolation,-1,,LOW,84.76811623573303,LOW,27.68561029434204,LOW,,,,,,,,,,,,,,,,,,,,
200m_cross_5,200m横飞5m/s,cross,8,/aqronos_cloud_0,1770276605.3302908,2026-02-05T07:30:05.330291+00:00,1649363980.999841,2022-04-07T20:39:40.999841+00:00,1770276595.0,1770276690.098407,2026-02-05T07:31:30.098407+00:00,2404,372708.0984070925,False,False,outside GNSS interval; no extrapolation,-1,,LOW,84.76811623573303,LOW,27.68561029434204,LOW,,,,,,,,,,,,,,,,,,,,
200m_cross_5,200m横飞5m/s,cross,9,/aqronos_cloud_0,1770276606.3210464,2026-02-05T07:30:06.321046+00:00,1649363981.999852,2022-04-07T20:39:41.999852+00:00,1770276595.0,1770276691.0891626,2026-02-05T07:31:31.089163+00:00,2404,372709.0891626505,False,False,outside GNSS interval; no extrapolation,-1,,LOW,84.76811623573303,LOW,27.68561029434204,LOW,,,,,,,,,,,,,,,,,,,,
200m_cross_5,200m横飞5m/s,cross,10,/aqronos_cloud_0,1770276607.3228793,2026-02-05T07:30:07.322879+00:00,1649363982.999863,2022-04-07T20:39:42.999863+00:00,1770276595.0,1770276692.0909956,2026-02-05T07:31:32.090996+00:00,2404,372710.09099561255,False,False,outside GNSS interval; no extrapolation,-1,,LOW,84.76811623573303,LOW,27.68561029434204,LOW,,,,,,,,,,,,,,,,,,,,
200m_cross_5,200m横飞5m/s,cross,11,/aqronos_cloud_0,1770276608.3127186,2026-02-05T07:30:08.312719+00:00,1649363983.999874,2022-04-07T20:39:43.999874+00:00,1770276595.0,1770276693.0808349,2026-02-05T07:31:33.080835+00:00,2404,372711.08083492797,False,False,outside GNSS interval; no extrapolation,-1,,LOW,84.76811623573303,LOW,27.68561029434204,LOW,,,,,,,,,,,,,,,,,,,,
200m_cross_5,200m横飞5m/s,cross,12,/aqronos_cloud_0,1770276609.3237019,2026-02-05T07:30:09.323702+00:00,1649363984.999884,2022-04-07T20:39:44.999884+00:00,1770276595.0,1770276694.091818,2026-02-05T07:31:34.091818+00:00,2404,372712.09181815665,False,False,outside GNSS interval; no extrapolation,-1,,LOW,84.76811623573303,LOW,27.68561029434204,LOW,,,,,,,,,,,,,,,,,,,,
200m_cross_5,200m横飞5m/s,cross,13,/aqronos_cloud_0,1770276610.3278403,2026-02-05T07:30:10.327840+00:00,1649363985.999895,2022-04-07T20:39:45.999895+00:00,1770276595.0,1770276695.0959566,2026-02-05T07:31:35.095957+00:00,2404,372713.09595662635,False,False,outside GNSS interval; no extrapolation,-1,,LOW,84.76811623573303,LOW,27.68561029434204,LOW,,,,,,,,,,,,,,,,,,,,
200m_cross_5,200m横飞5m/s,cross,14,/aqronos_cloud_0,1770276611.327678,2026-02-05T07:30:11.327678+00:00,1649363986.999909,2022-04-07T20:39:46.999909+00:00,1770276595.0,1770276696.0957942,2026-02-05T07:31:36.095794+00:00,2404,372714.0957942633,False,False,outside GNSS interval; no extrapolation,-1,,LOW,84.76811623573303,LOW,27.68561029434204,LOW,,,,,,,,,,,,,,,,,,,,
200m_cross_5,200m横飞5m/s,cross,15,/aqronos_cloud_0,1770276612.3159194,2026-02-05T07:30:12.315919+00:00,1649363987.999931,2022-04-07T20:39:47.999931+00:00,1770276595.0,1770276697.0840356,2026-02-05T07:31:37.084036+00:00,2404,372715.0840356974,False,False,outside GNSS interval; no extrapolation,-1,,LOW,84.76811623573303,LOW,27.68561029434204,LOW,,,,,,,,,,,,,,,,,,,,
200m_cross_5,200m横飞5m/s,cross,16,/aqronos_cloud_0,1770276613.308137,2026-02-05T07:30:13.308137+00:00,1649363988.999929,2022-04-07T20:39:48.999929+00:00,1770276595.0,1770276698.0762532,2026-02-05T07:31:38.076253+00:00,2404,372716.07625323813,False,False,outside GNSS interval; no extrapolation,-1,,LOW,84.76811623573303,LOW,27.68561029434204,LOW,,,,,,,,,,,,,,,,,,,,
200m_cross_5,200m横飞5m/s,cross,17,/aqronos_cloud_0,1770276614.3261287,2026-02-05T07:30:14.326129+00:00,1649363989.99994,2022-04-07T20:39:49.999940+00:00,1770276595.0,1770276699.094245,2026-02-05T07:31:39.094245+00:00,2404,372717.09424501937,False,False,outside GNSS interval; no extrapolation,-1,,LOW,84.76811623573303,LOW,27.68561029434204,LOW,,,,,,,,,,,,,,,,,,,,
200m_cross_5,200m横飞5m/s,cross,18,/aqronos_cloud_0,1770276615.3201883,2026-02-05T07:30:15.320188+00:00,1649363990.999951,2022-04-07T20:39:50.999951+00:00,1770276595.0,1770276700.0883045,2026-02-05T07:31:40.088305+00:00,2404,372718.08830458205,False,False,outside GNSS interval; no extrapolation,-1,,LOW,84.76811623573303,LOW,27.68561029434204,LOW,,,,,,,,,,,,,,,,,,,,
200m_cross_5,200m横飞5m/s,cross,19,/aqronos_cloud_0,1770276616.3091989,2026-02-05T07:30:16.309199+00:00,1649363991.999962,2022-04-07T20:39:51.999962+00:00,1770276595.0,1770276701.077315,2026-02-05T07:31:41.077315+00:00,2404,372719.0773151545,False,False,outside GNSS interval; no extrapolation,-1,,LOW,84.76811623573303,LOW,27.68561029434204,LOW,,,,,,,,,,,,,,,,,,,,
200m_cross_5,200m横飞5m/s,cross,20,/aqronos_cloud_0,1770276617.3256395,2026-02-05T07:30:17.325639+00:00,1649363992.999973,2022-04-07T20:39:52.999973+00:00,1770276595.0,1770276702.0937557,2026-02-05T07:31:42.093756+00:00,2404,372720.09375578444,False,False,outside GNSS interval; no extrapolation,-1,,LOW,84.76811623573303,LOW,27.68561029434204,LOW,,,,,,,,,,,,,,,,,,,,
200m_cross_5,200m横飞5m/s,cross,21,/aqronos_cloud_0,1770276618.3310142,2026-02-05T07:30:18.331014+00:00,1649363993.999984,2022-04-07T20:39:53.999984+00:00,1770276595.0,1770276703.0991304,2026-02-05T07:31:43.099130+00:00,2404,372721.0991304545,False,False,outside GNSS interval; no extrapolation,-1,,LOW,84.76811623573303,LOW,27.68561029434204,LOW,,,,,,,,,,,,,,,,,,,,
200m_cross_5,200m横飞5m/s,cross,22,/aqronos_cloud_0,1770276619.128741,2026-02-05T07:30:19.128741+00:00,1649363994.799994,2022-04-07T20:39:54.799994+00:00,1770276595.0,1770276703.8968573,2026-02-05T07:31:43.896857+00:00,2404,372721.89685732406,True,True,within GNSS interval; piecewise-linear interpolation,0,0.02700187195022498,LOW,84.76811623573303,LOW,27.68561029434204,LOW,-192.01301919561877,-59.03639509634279,17.6185027233007,197.6514059540041,35.89174293614097,17.6185027233007,0,0,0,0,0,0,0,,,,,,,
200m_cross_5,200m横飞5m/s,cross,23,/aqronos_cloud_0,1770276620.1213825,2026-02-05T07:30:20.121382+00:00,1649363995.799846,2022-04-07T20:39:55.799846+00:00,1770276595.0,1770276704.8894987,2026-02-05T07:31:44.889499+00:00,2404,372722.88949877303,True,True,within GNSS interval; piecewise-linear interpolation,0,0.10391567369582304,LOW,84.76811623573303,LOW,27.68561029434204,LOW,-193.77265845903557,-53.84962812795213,17.62039181819686,198.78468893970054,30.533146889033357,17.62039181819686,0,0,0,0,0,0,0,,,,,,,
200m_cross_5,200m横飞5m/s,cross,24,/aqronos_cloud_0,1770276620.4177127,2026-02-05T07:30:20.417713+00:00,1649363995.999846,2022-04-07T20:39:55.999846+00:00,1770276595.0,1770276705.185829,2026-02-05T07:31:45.185829+00:00,2404,372723.1858289866,True,True,within GNSS interval; piecewise-linear interpolation,0,0.1268765155179226,LOW,84.76811623573303,LOW,27.68561029434204,LOW,-194.29795818254823,-52.30123846021445,17.62095576391419,199.12300444073793,28.93346161235013,17.62095576391419,0,0,0,0,0,0,0,,,,,,,
200m_cross_5,200m横飞5m/s,cross,25,/aqronos_cloud_0,1770276621.3377342,2026-02-05T07:30:21.337734+00:00,1649363996.999856,2022-04-07T20:39:56.999856+00:00,1770276595.0,1770276706.1058505,2026-02-05T07:31:46.105850+00:00,2404,372724.10585052054,True,True,within GNSS interval; piecewise-linear interpolation,0,0.1981634378384078,LOW,84.76811623573303,LOW,27.68561029434204,LOW,-195.92886531022052,-47.493926305848284,17.622706655926574,200.17337842219428,23.966891094609693,17.622706655926574,0,0,0,0,0,0,0,,,,,,,
200m_cross_5,200m横飞5m/s,cross,26,/aqronos_cloud_0,1770276622.336313,2026-02-05T07:30:22.336313+00:00,1649363997.99987,2022-04-07T20:39:57.999870+00:00,1770276595.0,1770276707.1044292,2026-02-05T07:31:47.104429+00:00,2404,372725.1044293074,True,True,within GNSS interval; piecewise-linear interpolation,0,0.27553728810274775,LOW,84.76811623573303,LOW,27.68561029434204,LOW,-197.69902959539263,-42.27613545869059,17.62460705016419,201.3134399722973,18.57624339853845,17.62460705016419,0,0,0,0,0,0,0,,,,,,,
200m_cross_5,200m横飞5m/s,cross,27,/aqronos_cloud_0,1770276623.3160791,2026-02-05T07:30:23.316079+00:00,1649363998.999884,2022-04-07T20:39:58.999884+00:00,1770276595.0,1770276708.0841954,2026-02-05T07:31:48.084195+00:00,2404,372726.08419543784,True,True,within GNSS interval; piecewise-linear interpolation,0,0.35145345903448333,LOW,84.76811623573303,LOW,27.68561029434204,LOW,-199.435844992213,-37.15664482347491,17.626471642055222,202.43202341120633,13.28715243913042,17.626471642055222,0,0,0,0,0,0,0,,,,,,,
200m_cross_5,200m横飞5m/s,cross,28,/aqronos_cloud_0,1770276624.3122437,2026-02-05T07:30:24.312244+00:00,1649363999.999891,2022-04-07T20:39:59.999891+00:00,1770276595.0,1770276709.08036,2026-02-05T07:31:49.080360+00:00,2404,372727.08035999816,True,True,within GNSS interval; piecewise-linear interpolation,0,0.428640245439016,LOW,84.76811623573303,LOW,27.68561029434204,LOW,-201.20172961749296,-31.951468833820133,17.62836744178087,203.56932867719976,7.909537510091489,17.62836744178087,0,0,0,0,0,0,0,,,,,,,
200m_cross_5,200m横飞5m/s,cross,29,/aqronos_cloud_0,1770276625.3104184,2026-02-05T07:30:25.310418+00:00,1649364000.999912,2022-04-07T20:40:00.999912+00:00,1770276595.0,1770276710.0785346,2026-02-05T07:31:50.078535+00:00,2404,372728.0785346655,True,True,within GNSS interval; piecewise-linear interpolation,0,0.5059827829201866,LOW,84.76811623573303,LOW,27.68561029434204,LOW,-202.9711775266511,-26.735789598697544,17.63026706693911,204.70892885049395,2.521071380297137,17.63026706693911,0,0,0,0,0,0,0,,,,,,,
200m_cross_5,200m横飞5m/s,cross,30,/aqronos_cloud_0,1770276626.3233252,2026-02-05T07:30:26.323325+00:00,1649364001.999912,2022-04-07T20:40:01.999912+00:00,1770276595.0,1770276711.0914414,2026-02-05T07:31:51.091441+00:00,2404,372729.0914414553,True,True,within GNSS interval; piecewise-linear interpolation,0,0.5844668237552333,LOW,84.76811623573303,LOW,27.68561029434204,LOW,-204.76674082830343,-21.44313182713782,17.63219472878401,205.8653484541076,-2.946923458532737,17.63219472878401,0,0,0,0,0,0,0,,,,,,,
200m_cross_5,200m横飞5m/s,cross,31,/aqronos_cloud_0,1770276627.3233395,2026-02-05T07:30:27.323339+00:00,1649364002.999924,2022-04-07T20:40:02.999924+00:00,1770276595.0,1770276712.0914557,2026-02-05T07:31:52.091456+00:00,2404,372730.0914557604,True,True,within GNSS interval; piecewise-linear interpolation,0,0.6619519036758935,LOW,84.76811623573303,LOW,27.68561029434204,LOW,-206.5394498332277,-16.21784008554748,17.634097854954927,207.0070489126269,-8.345320541360998,17.634097854954927,0,0,0,0,0,0,0,,,,,,,
200m_cross_5,200m横飞5m/s,cross,32,/aqronos_cloud_0,1770276628.318521,2026-02-05T07:30:28.318521+00:00,1649364003.999934,2022-04-07T20:40:03.999934+00:00,1770276595.0,1770276713.0866373,2026-02-05T07:31:53.086637+00:00,2404,372731.0866373209,True,True,within GNSS interval; piecewise-linear interpolation,0,0.7390625233518082,LOW,84.76811623573303,LOW,27.68561029434204,LOW,-208.3035919108348,-11.017800483161565,17.63599178393469,208.14323190335037,-13.717628923049121,17.63599178393469,0,0,0,0,0,0,0,,,,,,,
200m_cross_5,200m横飞5m/s,cross,33,/aqronos_cloud_0,1770276629.3260574,2026-02-05T07:30:29.326057+00:00,1649364004.999945,2022-04-07T20:40:04.999945+00:00,1770276595.0,1770276714.0941737,2026-02-05T07:31:54.094174+00:00,2404,372732.0941737322,True,True,within GNSS interval; piecewise-linear interpolation,0,0.8171304459326422,LOW,84.76811623573303,LOW,27.68561029434204,LOW,-210.0896352303549,-5.75320410457568,17.637909225417935,209.29352023108328,-19.15663274100176,17.637909225417935,0,0,0,0,0,0,0,,,,,,,
200m_cross_5,200m横飞5m/s,cross,34,/aqronos_cloud_0,1770276630.3232791,2026-02-05T07:30:30.323279+00:00,1649364005.999956,2022-04-07T20:40:05.999956+00:00,1770276595.0,1770276715.0913954,2026-02-05T07:31:55.091395+00:00,2404,372733.0913954405,True,True,within GNSS interval; piecewise-linear interpolation,0,0.8943991443611118,LOW,84.76811623573303,LOW,27.68561029434204,LOW,-211.85739384457045,-0.542504287331731,17.63980703700079,210.43203242614464,-24.539954492973866,17.63980703700079,0,0,0,0,0,0,0,,,,,,,
200m_cross_5,200m横飞5m/s,cross,35,/aqronos_cloud_0,1770276631.3171322,2026-02-05T07:30:31.317132+00:00,1649364006.999967,2022-04-07T20:40:06.999967+00:00,1770276595.0,1770276716.0852485,2026-02-05T07:31:56.085248+00:00,2404,372734.0852485327,True,True,within GNSS interval; piecewise-linear interpolation,0,0.9714068290353629,LOW,84.76811623573303,LOW,27.68561029434204,LOW,-213.61918096810695,4.650593779797795,17.641698437773883,211.5666987256713,-29.905091377732898,17.641698437773883,0,0,0,0,0,0,0,,,,,,,
200m_cross_5,200m横飞5m/s,cross,36,/aqronos_cloud_0,1770276632.3178556,2026-02-05T07:30:32.317856+00:00,1649364007.999978,2022-04-07T20:40:07.999978+00:00,1770276595.0,1770276717.0859718,2026-02-05T07:31:57.085972+00:00,2404,372735.0859718947,True,True,within GNSS interval; piecewise-linear interpolation,1,0.050683940926933096,LOW,84.76811623573303,LOW,27.68561029434204,LOW,-213.1036163439155,3.1269890697360103,17.64733928111195,211.23511595362473,-28.331169187940134,17.64733928111195,0,0,0,0,0,0,0,,,,,,,
200m_cross_5,200m横飞5m/s,cross,37,/aqronos_cloud_0,1770276633.3178916,2026-02-05T07:30:33.317892+00:00,1649364008.999988,2022-04-07T20:40:08.999988+00:00,1770276595.0,1770276718.0860078,2026-02-05T07:31:58.086008+00:00,2404,372736.0860078959,True,True,within GNSS interval; piecewise-linear interpolation,1,0.13092065602716474,LOW,84.76811623573303,LOW,27.68561029434204,LOW,-211.25185458382842,-2.337511678087542,17.65515741631453,210.04323495880422,-22.685887110552805,17.65515741631453,0,0,0,0,0,0,0,,,,,,,
200m_cross_5,200m横飞5m/s,cross,38,/aqronos_cloud_0,1770276634.3207512,2026-02-05T07:30:34.320751+00:00,1649364009.999999,2022-04-07T20:40:09.999999+00:00,1770276595.0,1770276719.0888674,2026-02-05T07:31:59.088867+00:00,2404,372737.0888674883,True,True,within GNSS interval; piecewise-linear interpolation,1,0.2113839186566778,LOW,84.76811623573303,LOW,27.68561029434204,LOW,-209.39486439370103,-7.817441386850352,17.66299762594042,208.84798870041035,-17.02466563802534,17.66299762594042,0,0,0,0,0,0,0,,,,,,,
200m_cross_5,200m横飞5m/s,cross,39,/aqronos_cloud_0,1770276635.3198109,2026-02-05T07:30:35.319811+00:00,1649364010.999851,2022-04-07T20:40:10.999851+00:00,1770276595.0,1770276720.087927,2026-02-05T07:32:00.087927+00:00,2404,372738.08792716544,True,True,within GNSS interval; piecewise-linear interpolation,1,0.2915422995398692,LOW,84.76811623573303,LOW,27.68561029434204,LOW,-207.54491048812844,-13.276607203064831,17.670808128384117,207.65727132581554,-11.38489498705858,17.670808128384117,0,0,0,0,0,0,0,,,,,,,
200m_cross_5,200m横飞5m/s,cross,40,/aqronos_cloud_0,1770276636.3218834,2026-02-05T07:30:36.321883+00:00,1649364011.999861,2022-04-07T20:40:11.999861+00:00,1770276595.0,1770276721.0899997,2026-02-05T07:32:01.090000+00:00,2404,372739.08999973815,True,True,within GNSS interval; piecewise-linear interpolation,1,0.3719424165648768,LOW,84.76811623573303,LOW,27.68561029434204,LOW,-205.6893776185755,-18.752236396750337,17.67864218520486,206.46296306751077,-5.728116302959521,17.67864218520486,0,0,0,0,0,0,0,,,,,,,
200m_cross_5,200m横飞5m/s,cross,41,/aqronos_cloud_0,1770276637.3020985,2026-02-05T07:30:37.302099+00:00,1649364012.999881,2022-04-07T20:40:12.999881+00:00,1770276595.0,1770276722.0702147,2026-02-05T07:32:02.070215+00:00,2404,372740.0702148108,True,True,within GNSS interval; piecewise-linear interpolation,1,0.4505888227191649,LOW,84.76811623573303,LOW,27.68561029434204,LOW,-203.87431817474283,-24.108429564764283,17.686305363286657,205.29470541028826,-0.19472493020571235,17.686305363286657,0,0,0,0,0,0,0,,,,,,,
200m_cross_5,200m横飞5m/s,cross,42,/aqronos_cloud_0,1770276638.310787,2026-02-05T07:30:38.310787+00:00,1649364013.999894,2022-04-07T20:40:13.999894+00:00,1770276595.0,1770276723.0789032,2026-02-05T07:32:03.078903+00:00,2404,372741.07890326064,True,True,within GNSS interval; piecewise-linear interpolation,1,0.5315197568842578,LOW,84.76811623573303,LOW,27.68561029434204,LOW,-202.00653471790721,-29.620209922606122,17.6941911420674,204.09251209761402,5.4994009020604935,17.6941911420674,0,0,0,0,0,0,0,,,,,,,
200m_cross_5,200m横飞5m/s,cross,43,/aqronos_cloud_0,1770276639.3164814,2026-02-05T07:30:39.316481+00:00,1649364014.999897,2022-04-07T20:40:14.999897+00:00,1770276595.0,1770276724.0845976,2026-02-05T07:32:04.084598+00:00,2404,372742.08459765,True,True,within GNSS interval; piecewise-linear interpolation,1,0.612210466117094,LOW,84.76811623573303,LOW,27.68561029434204,LOW,-200.1442953482494,-35.11562982351347,17.702053513720905,202.89388722029864,11.176625026636938,17.702053513720905,0,0,0,0,0,0,0,,,,,,,
200m_cross_5,200m横飞5m/s,cross,44,/aqronos_cloud_0,1770276640.3282204,2026-02-05T07:30:40.328220+00:00,1649364015.999905,2022-04-07T20:40:15.999905+00:00,1770276595.0,1770276725.0963366,2026-02-05T07:32:05.096337+00:00,2404,372743.09633666556,True,True,within GNSS interval; piecewise-linear interpolation,1,0.693386158843122,LOW,84.76811623573303,LOW,27.68561029434204,LOW,-198.27086317382822,-40.64407939989942,17.7099631413783,201.68805812721223,16.88797154292054,17.7099631413783,0,0,0,0,0,0,0,,,,,,,
200m_cross_5,200m横飞5m/s,cross,45,/aqronos_cloud_0,1770276641.3192513,2026-02-05T07:30:41.319251+00:00,1649364016.999929,2022-04-07T20:40:16.999929+00:00,1770276595.0,1770276726.0873675,2026-02-05T07:32:06.087368+00:00,2404,372744.08736759704,True,True,within GNSS interval; piecewise-linear interpolation,1,0.7729003627400303,LOW,84.76811623573303,LOW,27.68561029434204,LOW,-196.43577605721177,-46.059373708925726,17.717710876262696,200.50690971747716,22.482419291637537,17.717710876262696,0,0,0,0,0,0,0,,,,,,,
200m_cross_5,200m横飞5m/s,cross,46,/aqronos_cloud_0,1770276642.3209777,2026-02-05T07:30:42.320978+00:00,1649364017.999939,2022-04-07T20:40:17.999939+00:00,1770276595.0,1770276727.089094,2026-02-05T07:32:07.089094+00:00,2404,372745.08909398597,True,True,within GNSS interval; piecewise-linear interpolation,1,0.8532727041159189,LOW,84.76811623573303,LOW,27.68561029434204,LOW,-194.58088421446104,-51.533111249205525,17.7255422266693,199.31301405418287,28.137243741020438,17.7255422266693,0,0,0,0,0,0,0,,,,,,,
200m_cross_5,200m横飞5m/s,cross,47,/aqronos_cloud_0,1770276643.32406,2026-02-05T07:30:43.324060+00:00,1649364018.999938,2022-04-07T20:40:18.999938+00:00,1770276595.0,1770276728.0921762,2026-02-05T07:32:08.092176+00:00,2404,372746.09217626136,True,True,within GNSS interval; piecewise-linear interpolation,1,0.9337538334508569,LOW,84.76811623573303,LOW,27.68561029434204,LOW,-192.72348168340164,-57.01425776532435,17.733384177197944,198.11750239376434,33.799722276374965,17.733384177197944,0,0,0,0,0,0,0,,,,,,,
200m_cross_5,200m横飞5m/s,cross,48,/aqronos_cloud_0,1770276644.3219883,2026-02-05T07:30:44.321988+00:00,1649364019.99995,2022-04-07T20:40:19.999950+00:00,1770276595.0,1770276729.0901046,2026-02-05T07:32:09.090105+00:00,2404,372747.0901046423,True,True,within GNSS interval; piecewise-linear interpolation,2,0.014691658678769027,LOW,84.76811623573303,LOW,27.68561029434204,LOW,-191.42072250721853,-60.88703867138798,17.737529461840264,197.28234388977367,37.799487730837555,17.737529461840264,0,0,0,0,0,0,0,,,,,,,
200m_cross_5,200m横飞5m/s,cross,49,/aqronos_cloud_0,1770276645.3226283,2026-02-05T07:30:45.322628+00:00,1649364020.999961,2022-04-07T20:40:20.999961+00:00,1770276595.0,1770276730.0907445,2026-02-05T07:32:10.090744+00:00,2404,372748.0907445578,True,True,within GNSS interval; piecewise-linear interpolation,2,0.10003166556414328,LOW,84.76811623573303,LOW,27.68561029434204,LOW,-192.73418546738702,-57.175852058500844,17.72411340000594,198.14725966271877,33.95891332990245,17.72411340000594,0,0,0,0,0,0,0,,,,,,,
200m_cross_5,200m横飞5m/s,cross,50,/aqronos_cloud_0,1770276646.3229737,2026-02-05T07:30:46.322974+00:00,1649364021.999971,2022-04-07T20:40:21.999971+00:00,1770276595.0,1770276731.09109,2026-02-05T07:32:11.091090+00:00,2404,372749.0910900263,True,True,within GNSS interval; piecewise-linear interpolation,2,0.18534656041476705,LOW,84.76811623573303,LOW,27.68561029434204,LOW,-194.04726192972524,-53.465757494356026,17.710701285963786,199.01192092672088,30.119469051184787,17.710701285963786,0,0,0,0,0,0,0,,,,,,,
200m_cross_5,200m横飞5m/s,cross,51,/aqronos_cloud_0,1770276647.3323886,2026-02-05T07:30:47.332389+00:00,1649364022.999982,2022-04-07T20:40:22.999982+00:00,1770276595.0,1770276732.1005049,2026-02-05T07:32:12.100505+00:00,2404,372750.1005049376,True,True,within GNSS interval; piecewise-linear interpolation,2,0.271434946602969,LOW,84.76811623573303,LOW,27.68561029434204,LOW,-195.37224315114418,-49.722026060447895,17.6971675735296,199.88442147832706,26.24521517801235,17.6971675735296,0,0,0,0,0,0,0,,,,,,,
200m_cross_5,200m横飞5m/s,cross,52,/aqronos_cloud_0,1770276648.3163302,2026-02-05T07:30:48.316330+00:00,1649364023.999994,2022-04-07T20:40:23.999994+00:00,1770276595.0,1770276733.0844464,2026-02-05T07:32:13.084446+00:00,2404,372751.0844464926,True,True,within GNSS interval; piecewise-linear interpolation,2,0.3553508266139662,LOW,84.76811623573303,LOW,27.68561029434204,LOW,-196.66378745945943,-46.072770548625,17.68397539466534,200.73490381212352,22.46873106036915,17.68397539466534,0,0,0,0,0,0,0,,,,,,,
200m_cross_5,200m横飞5m/s,cross,53,/aqronos_cloud_0,1770276649.31697,2026-02-05T07:30:49.316970+00:00,1649364024.999845,2022-04-07T20:40:24.999845+00:00,1770276595.0,1770276734.0850863,2026-02-05T07:32:14.085086+00:00,2404,372752.0850864081,True,True,within GNSS interval; piecewise-linear interpolation,2,0.44069083349934046,LOW,84.76811623573303,LOW,27.68561029434204,LOW,-197.97725041962792,-42.36158393573787,17.670559332831015,201.59981958506862,18.628156659434037,17.670559332831015,0,0,0,0,0,0,0,,,,,,,
200m_cross_5,200m横飞5m/s,cross,54,/aqronos_cloud_0,1770276650.3208318,2026-02-05T07:30:50.320832+00:00,1649364025.999855,2022-04-07T20:40:25.999855+00:00,1770276595.0,1770276735.088948,2026-02-05T07:32:15.088948+00:00,2404,372753.0889480738,True,True,within GNSS interval; piecewise-linear interpolation,2,0.5263056087455111,LOW,84.76811623573303,LOW,27.68561029434204,LOW,-199.29494232326275,-38.63844845268481,17.6571000754375,202.46752011861818,14.77521679977476,17.6571000754375,0,0,0,0,0,0,0,,,,,,,
200m_cross_5,200m横飞5m/s,cross,55,/aqronos_cloud_0,1770276651.3169498,2026-02-05T07:30:51.316950+00:00,1649364026.999867,2022-04-07T20:40:26.999867+00:00,1770276595.0,1770276736.085066,2026-02-05T07:32:16.085066+00:00,2404,372754.0850661425,True,True,within GNSS interval; piecewise-linear interpolation,2,0.6112599679781906,LOW,84.76811623573303,LOW,27.68561029434204,LOW,-200.60246980339113,-34.94403252517968,17.64374464018318,203.3285273760875,10.951997781816246,17.64374464018318,0,0,0,0,0,0,0,,,,,,,
200m_cross_5,200m横飞5m/s,cross,56,/aqronos_cloud_0,1770276652.3280418,2026-02-05T07:30:52.328042+00:00,1649364027.999878,2022-04-07T20:40:27.999878+00:00,1770276595.0,1770276737.096158,2026-02-05T07:32:17.096158+00:00,2404,372755.09615809005,True,True,within GNSS interval; piecewise-linear interpolation,2,0.6974913809294979,LOW,84.76811623573303,LOW,27.68561029434204,LOW,-201.92965234119742,-31.194081276815307,17.630188442914886,204.20247749522804,7.071307244937316,17.630188442914886,0,0,0,0,0,0,0,,,,,,,
200m_cross_5,200m横飞5m/s,cross,57,/aqronos_cloud_0,1770276653.3132093,2026-02-05T07:30:53.313209+00:00,1649364028.999889,2022-04-07T20:40:28.999889+00:00,1770276595.0,1770276738.0813255,2026-02-05T07:32:18.081326+00:00,2404,372756.0813255934,True,True,within GNSS interval; piecewise-linear interpolation,2,0.7815118164730352,LOW,84.76811623573303,LOW,27.68561029434204,LOW,-203.22280585748302,-27.540278951524407,17.616979827170184,205.0540194929798,3.290117792523173,17.616979827170184,0,0,0,0,0,0,0,,,,,,,
200m_cross_5,200m横飞5m/s,cross,58,/aqronos_cloud_0,1770276654.3264163,2026-02-05T07:30:54.326416+00:00,1649364029.9999,2022-04-07T20:40:29.999900+00:00,1770276595.0,1770276739.0945325,2026-02-05T07:32:19.094532+00:00,2404,372757.0945325522,True,True,within GNSS interval; piecewise-linear interpolation,2,0.8679236090682871,LOW,84.76811623573303,LOW,27.68561029434204,LOW,-204.55276460763963,-23.782483521465224,17.60339527292671,205.9297977488274,-0.5986904076682862,17.60339527292671,0,0,0,0,0,0,0,,,,,,,
200m_cross_5,200m横飞5m/s,cross,59,/aqronos_cloud_0,1770276655.322864,2026-02-05T07:30:55.322864+00:00,1649364030.999912,2022-04-07T20:40:30.999912+00:00,1770276595.0,1770276740.0909803,2026-02-05T07:32:20.090980+00:00,2404,372758.09098035377,True,True,within GNSS interval; piecewise-linear interpolation,2,0.9529060897131609,LOW,84.76811623573303,LOW,27.68561029434204,LOW,-205.86072490274722,-20.086844676218696,17.590035416784477,206.79109001509684,-4.4231749794946005,17.590035416784477,0,0,0,0,0,0,0,,,,,,,
200m_cross_5,200m横飞5m/s,cross,60,/aqronos_cloud_0,1770276656.2990103,2026-02-05T07:30:56.299010+00:00,1649364031.999924,2022-04-07T20:40:31.999924+00:00,1770276595.0,1770276741.0671265,2026-02-05T07:32:21.067127+00:00,2404,372759.0671265749,False,False,outside GNSS interval; no extrapolation,-1,,LOW,84.76811623573303,LOW,27.68561029434204,LOW,,,,,,,,,,,,,,,,,,,,
200m_cross_5,200m横飞5m/s,cross,61,/aqronos_cloud_0,1770276657.3097687,2026-02-05T07:30:57.309769+00:00,1649364032.999935,2022-04-07T20:40:32.999935+00:00,1770276595.0,1770276742.077885,2026-02-05T07:32:22.077885+00:00,2404,372760.0778849749,False,False,outside GNSS interval; no extrapolation,-1,,LOW,84.76811623573303,LOW,27.68561029434204,LOW,,,,,,,,,,,,,,,,,,,,
200m_cross_5,200m横飞5m/s,cross,62,/aqronos_cloud_0,1770276658.335995,2026-02-05T07:30:58.335995+00:00,1649364033.999955,2022-04-07T20:40:33.999955+00:00,1770276595.0,1770276743.1041112,2026-02-05T07:32:23.104111+00:00,2404,372761.104111257,False,False,outside GNSS interval; no extrapolation,-1,,LOW,84.76811623573303,LOW,27.68561029434204,LOW,,,,,,,,,,,,,,,,,,,,
200m_cross_5,200m横飞5m/s,cross,63,/aqronos_cloud_0,1770276659.3226357,2026-02-05T07:30:59.322636+00:00,1649364034.999962,2022-04-07T20:40:34.999962+00:00,1770276595.0,1770276744.090752,2026-02-05T07:32:24.090752+00:00,2404,372762.09075194877,False,False,outside GNSS interval; no extrapolation,-1,,LOW,84.76811623573303,LOW,27.68561029434204,LOW,,,,,,,,,,,,,,,,,,,,
200m_cross_5,200m横飞5m/s,cross,64,/aqronos_cloud_0,1770276660.318473,2026-02-05T07:31:00.318473+00:00,1649364035.999968,2022-04-07T20:40:35.999968+00:00,1770276595.0,1770276745.0865893,2026-02-05T07:32:25.086589+00:00,2404,372763.0865893988,False,False,outside GNSS interval; no extrapolation,-1,,LOW,84.76811623573303,LOW,27.68561029434204,LOW,,,,,,,,,,,,,,,,,,,,
200m_cross_5,200m横飞5m/s,cross,65,/aqronos_cloud_0,1770276661.3031163,2026-02-05T07:31:01.303116+00:00,1649364036.999986,2022-04-07T20:40:36.999986+00:00,1770276595.0,1770276746.0712326,2026-02-05T07:32:26.071233+00:00,2404,372764.0712326197,False,False,outside GNSS interval; no extrapolation,-1,,LOW,84.76811623573303,LOW,27.68561029434204,LOW,,,,,,,,,,,,,,,,,,,,
200m_cross_5,200m横飞5m/s,cross,66,/aqronos_cloud_0,1770276662.3133843,2026-02-05T07:31:02.313384+00:00,1649364037.999999,2022-04-07T20:40:37.999999+00:00,1770276595.0,1770276747.0815005,2026-02-05T07:32:27.081501+00:00,2404,372765.08150059264,False,False,outside GNSS interval; no extrapolation,-1,,LOW,84.76811623573303,LOW,27.68561029434204,LOW,,,,,,,,,,,,,,,,,,,,
200m_cross_5,200m横飞5m/s,cross,67,/aqronos_cloud_0,1770276663.145042,2026-02-05T07:31:03.145042+00:00,1649364038.799999,2022-04-07T20:40:38.799999+00:00,1770276595.0,1770276747.9131582,2026-02-05T07:32:27.913158+00:00,2404,372765.9131582407,False,False,outside GNSS interval; no extrapolation,-1,,LOW,84.76811623573303,LOW,27.68561029434204,LOW,,,,,,,,,,,,,,,,,,,,
200m_cross_5,200m横飞5m/s,cross,68,/aqronos_cloud_0,1770276664.137345,2026-02-05T07:31:04.137345+00:00,1649364039.799847,2022-04-07T20:40:39.799847+00:00,1770276595.0,1770276748.9054613,2026-02-05T07:32:28.905461+00:00,2404,372766.90546137374,False,False,outside GNSS interval; no extrapolation,-1,,LOW,84.76811623573303,LOW,27.68561029434204,LOW,,,,,,,,,,,,,,,,,,,,
200m_cross_5,200m横飞5m/s,cross,69,/aqronos_cloud_0,1770276664.4613674,2026-02-05T07:31:04.461367+00:00,1649364039.999849,2022-04-07T20:40:39.999849+00:00,1770276595.0,1770276749.2294836,2026-02-05T07:32:29.229484+00:00,2404,372767.22948366683,False,False,outside GNSS interval; no extrapolation,-1,,LOW,84.76811623573303,LOW,27.68561029434204,LOW,,,,,,,,,,,,,,,,,,,,
200m_cross_5,200m横飞5m/s,cross,70,/aqronos_cloud_0,1770276665.3490608,2026-02-05T07:31:05.349061+00:00,1649364040.999861,2022-04-07T20:40:40.999861+00:00,1770276595.0,1770276750.117177,2026-02-05T07:32:30.117177+00:00,2404,372768.117177072,False,False,outside GNSS interval; no extrapolation,-1,,LOW,84.76811623573303,LOW,27.68561029434204,LOW,,,,,,,,,,,,,,,,,,,,
200m_cross_5,200m横飞5m/s,cross,71,/aqronos_cloud_0,1770276666.3457456,2026-02-05T07:31:06.345746+00:00,1649364041.999871,2022-04-07T20:40:41.999871+00:00,1770276595.0,1770276751.1138618,2026-02-05T07:32:31.113862+00:00,2404,372769.11386186164,False,False,outside GNSS interval; no extrapolation,-1,,LOW,84.76811623573303,LOW,27.68561029434204,LOW,,,,,,,,,,,,,,,,,,,,
200m_cross_5,200m横飞5m/s,cross,72,/aqronos_cloud_0,1770276667.3281019,2026-02-05T07:31:07.328102+00:00,1649364042.999882,2022-04-07T20:40:42.999882+00:00,1770276595.0,1770276752.096218,2026-02-05T07:32:32.096218+00:00,2404,372770.09621817153,False,False,outside GNSS interval; no extrapolation,-1,,LOW,84.76811623573303,LOW,27.68561029434204,LOW,,,,,,,,,,,,,,,,,,,,
200m_cross_5,200m横飞5m/s,cross,73,/aqronos_cloud_0,1770276668.3288982,2026-02-05T07:31:08.328898+00:00,1649364043.999893,2022-04-07T20:40:43.999893+00:00,1770276595.0,1770276753.0970144,2026-02-05T07:32:33.097014+00:00,2404,372771.0970144896,False,False,outside GNSS interval; no extrapolation,-1,,LOW,84.76811623573303,LOW,27.68561029434204,LOW,,,,,,,,,,,,,,,,,,,,
200m_cross_5,200m横飞5m/s,cross,74,/aqronos_cloud_0,1770276669.320612,2026-02-05T07:31:09.320612+00:00,1649364044.999904,2022-04-07T20:40:44.999904+00:00,1770276595.0,1770276754.0887282,2026-02-05T07:32:34.088728+00:00,2404,372772.08872825187,False,False,outside GNSS interval; no extrapolation,-1,,LOW,84.76811623573303,LOW,27.68561029434204,LOW,,,,,,,,,,,,,,,,,,,,
200m_cross_5,200m横飞5m/s,cross,75,/aqronos_cloud_0,1770276670.324178,2026-02-05T07:31:10.324178+00:00,1649364045.999915,2022-04-07T20:40:45.999915+00:00,1770276595.0,1770276755.0922942,2026-02-05T07:32:35.092294+00:00,2404,372773.09229427855,False,False,outside GNSS interval; no extrapolation,-1,,LOW,84.76811623573303,LOW,27.68561029434204,LOW,,,,,,,,,,,,,,,,,,,,
200m_cross_5,200m横飞5m/s,cross,76,/aqronos_cloud_0,1770276671.3316443,2026-02-05T07:31:11.331644+00:00,1649364046.999927,2022-04-07T20:40:46.999927+00:00,1770276595.0,1770276756.0997605,2026-02-05T07:32:36.099761+00:00,2404,372774.0997605948,False,False,outside GNSS interval; no extrapolation,-1,,LOW,84.76811623573303,LOW,27.68561029434204,LOW,,,,,,,,,,,,,,,,,,,,
200m_cross_5,200m横飞5m/s,cross,77,/aqronos_cloud_0,1770276672.3163536,2026-02-05T07:31:12.316354+00:00,1649364047.999937,2022-04-07T20:40:47.999937+00:00,1770276595.0,1770276757.0844698,2026-02-05T07:32:37.084470+00:00,2404,372775.0844698576,False,False,outside GNSS interval; no extrapolation,-1,,LOW,84.76811623573303,LOW,27.68561029434204,LOW,,,,,,,,,,,,,,,,,,,,
200m_cross_5,200m横飞5m/s,cross,78,/aqronos_cloud_0,1770276673.3214624,2026-02-05T07:31:13.321462+00:00,1649364048.999948,2022-04-07T20:40:48.999948+00:00,1770276595.0,1770276758.0895786,2026-02-05T07:32:38.089579+00:00,2404,372776.08957869094,False,False,outside GNSS interval; no extrapolation,-1,,LOW,84.76811623573303,LOW,27.68561029434204,LOW,,,,,,,,,,,,,,,,,,,,
200m_cross_5,200m横飞5m/s,cross,79,/aqronos_cloud_0,1770276674.3308773,2026-02-05T07:31:14.330877+00:00,1649364049.99996,2022-04-07T20:40:49.999960+00:00,1770276595.0,1770276759.0989935,2026-02-05T07:32:39.098994+00:00,2404,372777.0989936022,False,False,outside GNSS interval; no extrapolation,-1,,LOW,84.76811623573303,LOW,27.68561029434204,LOW,,,,,,,,,,,,,,,,,,,,
200m_cross_5,200m横飞5m/s,cross,80,/aqronos_cloud_0,1770276675.3232229,2026-02-05T07:31:15.323223+00:00,1649364050.999971,2022-04-07T20:40:50.999971+00:00,1770276595.0,1770276760.091339,2026-02-05T07:32:40.091339+00:00,2404,372778.0913391737,False,False,outside GNSS interval; no extrapolation,-1,,LOW,84.76811623573303,LOW,27.68561029434204,LOW,,,,,,,,,,,,,,,,,,,,
200m_cross_5,200m横飞5m/s,cross,81,/aqronos_cloud_0,1770276676.3303373,2026-02-05T07:31:16.330337+00:00,1649364051.999982,2022-04-07T20:40:51.999982+00:00,1770276595.0,1770276761.0984535,2026-02-05T07:32:41.098454+00:00,2404,372779.0984535841,False,False,outside GNSS interval; no extrapolation,-1,,LOW,84.76811623573303,LOW,27.68561029434204,LOW,,,,,,,,,,,,,,,,,,,,
200m_cross_5,200m横飞5m/s,cross,82,/aqronos_cloud_0,1770276677.3288805,2026-02-05T07:31:17.328881+00:00,1649364052.999994,2022-04-07T20:40:52.999994+00:00,1770276595.0,1770276762.0969968,2026-02-05T07:32:42.096997+00:00,2404,372780.0969968466,False,False,outside GNSS interval; no extrapolation,-1,,LOW,84.76811623573303,LOW,27.68561029434204,LOW,,,,,,,,,,,,,,,,,,,,
300m_cross_10,300m横飞10m/s,cross,0,/aqronos_cloud_0,1770276937.3051655,2026-02-05T07:35:37.305166+00:00,1649364312.999973,2022-04-07T20:45:12.999973+00:00,1770276935.0,1770277037.6638384,2026-02-05T07:37:17.663838+00:00,2404,373055.6638384278,False,False,outside GNSS interval; no extrapolation,-1,,LOW,100.35867285728455,LOW,15.550358057022095,LOW,,,,,,,,,,,,,,,,,,,,
300m_cross_10,300m横飞10m/s,cross,1,/aqronos_cloud_0,1770276938.3119748,2026-02-05T07:35:38.311975+00:00,1649364313.999983,2022-04-07T20:45:13.999983+00:00,1770276935.0,1770277038.6706476,2026-02-05T07:37:18.670648+00:00,2404,373056.6706476624,False,False,outside GNSS interval; no extrapolation,-1,,LOW,100.35867285728455,LOW,15.550358057022095,LOW,,,,,,,,,,,,,,,,,,,,
300m_cross_10,300m横飞10m/s,cross,2,/aqronos_cloud_0,1770276939.3120868,2026-02-05T07:35:39.312087+00:00,1649364314.999994,2022-04-07T20:45:14.999994+00:00,1770276935.0,1770277039.6707597,2026-02-05T07:37:19.670760+00:00,2404,373057.67075971916,False,False,outside GNSS interval; no extrapolation,-1,,LOW,100.35867285728455,LOW,15.550358057022095,LOW,,,,,,,,,,,,,,,,,,,,
300m_cross_10,300m横飞10m/s,cross,3,/aqronos_cloud_0,1770276940.3178558,2026-02-05T07:35:40.317856+00:00,1649364315.999845,2022-04-07T20:45:15.999845+00:00,1770276935.0,1770277040.6765287,2026-02-05T07:37:20.676529+00:00,2404,373058.6765287335,False,False,outside GNSS interval; no extrapolation,-1,,LOW,100.35867285728455,LOW,15.550358057022095,LOW,,,,,,,,,,,,,,,,,,,,
300m_cross_10,300m横飞10m/s,cross,4,/aqronos_cloud_0,1770276941.321488,2026-02-05T07:35:41.321488+00:00,1649364316.999856,2022-04-07T20:45:16.999856+00:00,1770276935.0,1770277041.6801608,2026-02-05T07:37:21.680161+00:00,2404,373059.68016080215,False,False,outside GNSS interval; no extrapolation,-1,,LOW,100.35867285728455,LOW,15.550358057022095,LOW,,,,,,,,,,,,,,,,,,,,
300m_cross_10,300m横飞10m/s,cross,5,/aqronos_cloud_0,1770276942.3038828,2026-02-05T07:35:42.303883+00:00,1649364317.999867,2022-04-07T20:45:17.999867+00:00,1770276935.0,1770277042.6625557,2026-02-05T07:37:22.662556+00:00,2404,373060.66255573585,False,False,outside GNSS interval; no extrapolation,-1,,LOW,100.35867285728455,LOW,15.550358057022095,LOW,,,,,,,,,,,,,,,,,,,,
300m_cross_10,300m横飞10m/s,cross,6,/aqronos_cloud_0,1770276943.3101075,2026-02-05T07:35:43.310107+00:00,1649364318.999878,2022-04-07T20:45:18.999878+00:00,1770276935.0,1770277043.6687803,2026-02-05T07:37:23.668780+00:00,2404,373061.6687803681,False,False,outside GNSS interval; no extrapolation,-1,,LOW,100.35867285728455,LOW,15.550358057022095,LOW,,,,,,,,,,,,,,,,,,,,
300m_cross_10,300m横飞10m/s,cross,7,/aqronos_cloud_0,1770276944.3239286,2026-02-05T07:35:44.323929+00:00,1649364319.999892,2022-04-07T20:45:19.999892+00:00,1770276935.0,1770277044.6826015,2026-02-05T07:37:24.682601+00:00,2404,373062.68260149314,False,False,outside GNSS interval; no extrapolation,-1,,LOW,100.35867285728455,LOW,15.550358057022095,LOW,,,,,,,,,,,,,,,,,,,,
300m_cross_10,300m横飞10m/s,cross,8,/aqronos_cloud_0,1770276945.3243392,2026-02-05T07:35:45.324339+00:00,1649364320.999903,2022-04-07T20:45:20.999903+00:00,1770276935.0,1770277045.683012,2026-02-05T07:37:25.683012+00:00,2404,373063.68301204994,True,True,within GNSS interval; piecewise-linear interpolation,0,0.037274380735394394,LOW,100.35867285728455,LOW,15.550358057022095,LOW,-286.45402586058475,-97.44518411962721,23.283205541611455,295.9750379633586,62.851012262596456,23.283205541611455,0,0,0,0,0,0,0,,,,,,,
300m_cross_10,300m横飞10m/s,cross,9,/aqronos_cloud_0,1770276946.3253787,2026-02-05T07:35:46.325379+00:00,1649364321.99992,2022-04-07T20:45:21.999920+00:00,1770276935.0,1770277046.6840515,2026-02-05T07:37:26.684052+00:00,2404,373064.68405155494,True,True,within GNSS interval; piecewise-linear interpolation,0,0.09753722267455264,LOW,100.35867285728455,LOW,15.550358057022095,LOW,-286.8062026882372,-90.66377580522655,23.275825693286425,295.52198859479,56.075595410904064,23.275825693286425,0,0,0,0,0,0,0,,,,,,,
300m_cross_10,300m横飞10m/s,cross,10,/aqronos_cloud_0,1770276947.326003,2026-02-05T07:35:47.326003+00:00,1649364322.999925,2022-04-07T20:45:22.999925+00:00,1770276935.0,1770277047.684676,2026-02-05T07:37:27.684676+00:00,2404,373065.6846759732,True,True,within GNSS interval; piecewise-linear interpolation,0,0.15777507628222828,LOW,100.35867285728455,LOW,15.550358057022095,LOW,-287.15823348375733,-83.88517944050211,23.268448905057635,295.0691270857288,49.302988024493665,23.268448905057635,0,0,0,0,0,0,0,,,,,,,
300m_cross_10,300m横飞10m/s,cross,11,/aqronos_cloud_0,1770276948.3239117,2026-02-05T07:35:48.323912+00:00,1649364323.999932,2022-04-07T20:45:23.999932+00:00,1770276935.0,1770277048.6825845,2026-02-05T07:37:28.682585+00:00,2404,373066.6825845654,True,True,within GNSS interval; piecewise-linear interpolation,0,0.21784943644710192,LOW,100.35867285728455,LOW,15.550358057022095,LOW,-287.50930882148333,-77.12498107621528,23.261092138400535,294.6174947022555,42.54876238364747,23.261092138400535,0,0,0,0,0,0,0,,,,,,,
300m_cross_10,300m横飞10m/s,cross,12,/aqronos_cloud_0,1770276949.324032,2026-02-05T07:35:49.324032+00:00,1649364324.999947,2022-04-07T20:45:24.999947+00:00,1770276935.0,1770277049.682705,2026-02-05T07:37:29.682705+00:00,2404,373067.6827049668,True,True,within GNSS interval; piecewise-linear interpolation,0,0.27805694810603876,LOW,100.35867285728455,LOW,15.550358057022095,LOW,-287.8611622982626,-70.34979910644519,23.253719065877352,294.16486130060304,35.779566375528944,23.253719065877352,0,0,0,0,0,0,0,,,,,,,
300m_cross_10,300m横飞10m/s,cross,13,/aqronos_cloud_0,1770276950.3148463,2026-02-05T07:35:50.314846+00:00,1649364325.999958,2022-04-07T20:45:25.999958+00:00,1770276935.0,1770277050.6735191,2026-02-05T07:37:30.673519+00:00,2404,373068.6735191758,True,True,within GNSS interval; piecewise-linear interpolation,0,0.33770422453076515,LOW,100.35867285728455,LOW,15.550358057022095,LOW,-288.2097417530879,-63.63766069308639,23.24641460032526,293.7164396853672,29.073358224017205,23.24641460032526,0,0,0,0,0,0,0,,,,,,,
300m_cross_10,300m横飞10m/s,cross,14,/aqronos_cloud_0,1770276951.3102007,2026-02-05T07:35:51.310201+00:00,1649364326.999966,2022-04-07T20:45:26.999966+00:00,1770276935.0,1770277051.6688735,2026-02-05T07:37:31.668874+00:00,2404,373069.6688735898,True,True,within GNSS interval; piecewise-linear interpolation,0,0.39762482249278225,LOW,100.35867285728455,LOW,15.550358057022095,LOW,-288.5599185025118,-56.894765267846864,23.2390766635424,293.2659632690981,22.336420234845974,23.2390766635424,0,0,0,0,0,0,0,,,,,,,
300m_cross_10,300m横飞10m/s,cross,15,/aqronos_cloud_0,1770276952.3173425,2026-02-05T07:35:52.317343+00:00,1649364327.999977,2022-04-07T20:45:27.999977+00:00,1770276935.0,1770277052.6760154,2026-02-05T07:37:32.676015+00:00,2404,373070.6760154183,True,True,within GNSS interval; piecewise-linear interpolation,0,0.45825502591631573,LOW,100.35867285728455,LOW,15.550358057022095,LOW,-288.91424219542995,-50.07201757839569,23.231651827759958,292.8101521175937,15.519700531980178,23.231651827759958,0,0,0,0,0,0,0,,,,,,,
300m_cross_10,300m横飞10m/s,cross,16,/aqronos_cloud_0,1770276953.318288,2026-02-05T07:35:53.318288+00:00,1649364328.999993,2022-04-07T20:45:28.999993+00:00,1770276935.0,1770277053.676961,2026-02-05T07:37:33.676961+00:00,2404,373071.6769609864,True,True,within GNSS interval; piecewise-linear interpolation,0,0.518512212828131,LOW,100.35867285728455,LOW,15.550358057022095,LOW,-289.2663859750295,-43.291245627103834,23.22427267195527,292.35714526289416,8.744919481161475,23.22427267195527,0,0,0,0,0,0,0,,,,,,,
300m_cross_10,300m横飞10m/s,cross,17,/aqronos_cloud_0,1770276954.3138268,2026-02-05T07:35:54.313827+00:00,1649364329.999841,2022-04-07T20:45:29.999841+00:00,1770276935.0,1770277054.6724997,2026-02-05T07:37:34.672500+00:00,2404,373072.67249969795,True,True,within GNSS interval; piecewise-linear interpolation,0,0.5784439055519149,LOW,100.35867285728455,LOW,15.550358057022095,LOW,-289.6166275623847,-36.54710170266861,23.216933376496712,291.9065854374354,2.006734095859862,23.216933376496712,0,0,0,0,0,0,0,,,,,,,
300m_cross_10,300m横飞10m/s,cross,18,/aqronos_cloud_0,1770276955.3229878,2026-02-05T07:35:55.322988+00:00,1649364330.999859,2022-04-07T20:45:30.999859+00:00,1770276935.0,1770277055.6816607,2026-02-05T07:37:35.681661+00:00,2404,373073.68166069343,True,True,within GNSS interval; piecewise-linear interpolation,0,0.6391956633576001,LOW,100.35867285728455,LOW,15.550358057022095,LOW,-289.97166162068413,-29.710675436647676,23.20949365504219,291.4498604535542,-4.823652098374854,23.20949365504219,0,0,0,0,0,0,0,,,,,,,
300m_cross_10,300m横飞10m/s,cross,19,/aqronos_cloud_0,1770276956.3211083,2026-02-05T07:35:56.321108+00:00,1649364331.999864,2022-04-07T20:45:31.999864+00:00,1770276935.0,1770277056.6797812,2026-02-05T07:37:36.679781+00:00,2404,373074.67978123977,True,True,within GNSS interval; piecewise-linear interpolation,0,0.6992827832161487,LOW,100.35867285728455,LOW,15.550358057022095,LOW,-290.322811526225,-22.949041217529043,23.20213532582015,290.9981321441176,-11.579312325456364,23.20213532582015,0,0,0,0,0,0,0,,,,,,,
300m_cross_10,300m横飞10m/s,cross,20,/aqronos_cloud_0,1770276957.313976,2026-02-05T07:35:57.313976+00:00,1649364332.99989,2022-04-07T20:45:32.999890+00:00,1770276935.0,1770277057.672649,2026-02-05T07:37:37.672649+00:00,2404,373075.672648948,True,True,within GNSS interval; piecewise-linear interpolation,0,0.7590536808350506,LOW,100.35867285728455,LOW,15.550358057022095,LOW,-290.6721134249077,-16.22299164819016,23.1948157214921,290.5487811584412,-18.299419342260396,23.1948157214921,0,0,0,0,0,0,0,,,,,,,
300m_cross_10,300m横飞10m/s,cross,21,/aqronos_cloud_0,1770276958.3174455,2026-02-05T07:35:58.317446+00:00,1649364333.999885,2022-04-07T20:45:33.999885+00:00,1770276935.0,1770277058.6761184,2026-02-05T07:37:38.676118+00:00,2404,373076.67611841514,True,True,within GNSS interval; piecewise-linear interpolation,0,0.8194628071363402,LOW,100.35867285728455,LOW,15.550358057022095,LOW,-291.0251451402643,-9.425121879969808,23.187417959036733,290.0946320402465,-25.0912831038633,23.187417959036733,0,0,0,0,0,0,0,,,,,,,
300m_cross_10,300m横飞10m/s,cross,22,/aqronos_cloud_0,1770276959.3181255,2026-02-05T07:35:59.318125+00:00,1649364334.999901,2022-04-07T20:45:34.999901+00:00,1770276935.0,1770277059.6767983,2026-02-05T07:37:39.676798+00:00,2404,373077.6767983849,True,True,within GNSS interval; piecewise-linear interpolation,0,0.8797040049606933,LOW,100.35867285728455,LOW,15.550358057022095,LOW,-291.37719547943,-2.6461491888383932,23.1800407612718,289.6417453897348,-31.86426648419139,23.1800407612718,0,0,0,0,0,0,0,,,,,,,
300m_cross_10,300m横飞10m/s,cross,23,/aqronos_cloud_0,1770276960.3124802,2026-02-05T07:36:00.312480+00:00,1649364335.999908,2022-04-07T20:45:35.999908+00:00,1770276935.0,1770277060.671153,2026-02-05T07:37:40.671153+00:00,2404,373078.6711531098,True,True,within GNSS interval; piecewise-linear interpolation,0,0.9395644213753775,LOW,100.35867285728455,LOW,15.550358057022095,LOW,-291.72702052711304,4.089973976210203,23.17271019438185,289.1917214116705,-38.59443819655192,23.17271019438185,0,0,0,0,0,0,0,,,,,,,
300m_cross_10,300m横飞10m/s,cross,24,/aqronos_cloud_0,1770276961.3054347,2026-02-05T07:36:01.305435+00:00,1649364336.999924,2022-04-07T20:45:36.999924+00:00,1770276935.0,1770277061.6641076,2026-02-05T07:37:41.664108+00:00,2404,373079.6641076024,True,True,within GNSS interval; piecewise-linear interpolation,0,0.9993405434357842,LOW,100.35867285728455,LOW,15.550358057022095,LOW,-292.07635295749947,10.816611454614076,23.165389950263428,288.74233114922174,-45.31513260299561,23.165389950263428,0,0,0,0,0,0,0,,,,,,,
300m_cross_10,300m横飞10m/s,cross,25,/aqronos_cloud_0,1770276962.3155584,2026-02-05T07:36:02.315558+00:00,1649364337.99993,2022-04-07T20:45:37.999930+00:00,1770276935.0,1770277062.6742313,2026-02-05T07:37:42.674231+00:00,2404,373080.6742313321,True,True,within GNSS interval; piecewise-linear interpolation,1,0.06129604446993055,LOW,100.35867285728455,LOW,15.550358057022095,LOW,-291.7112763952984,3.3388168563343283,23.18586108802478,289.26500629182203,-37.846698788223065,23.18586108802478,0,0,0,0,0,0,0,,,,,,,
300m_cross_10,300m横飞10m/s,cross,26,/aqronos_cloud_0,1770276963.3067234,2026-02-05T07:36:03.306723+00:00,1649364338.999945,2022-04-07T20:45:38.999945+00:00,1770276935.0,1770277063.6653962,2026-02-05T07:37:43.665396+00:00,2404,373081.6653962548,True,True,within GNSS interval; piecewise-linear interpolation,1,0.1221010413403486,LOW,100.35867285728455,LOW,15.550358057022095,LOW,-291.34530149213884,-4.152687010037692,23.2062483405944,289.7884122460007,-30.364545754721288,23.2062483405944,0,0,0,0,0,0,0,,,,,,,
300m_cross_10,300m横飞10m/s,cross,27,/aqronos_cloud_0,1770276964.3137624,2026-02-05T07:36:04.313762+00:00,1649364339.999952,2022-04-07T20:45:39.999952+00:00,1770276935.0,1770277064.6724353,2026-02-05T07:37:44.672435+00:00,2404,373082.67243532493,True,True,within GNSS interval; piecewise-linear interpolation,1,0.18387986956998809,LOW,100.35867285728455,LOW,15.550358057022095,LOW,-290.9734652641585,-11.764172157032903,23.226962108202297,290.32020088512337,-22.762561200233726,23.226962108202297,0,0,0,0,0,0,0,,,,,,,
300m_cross_10,300m横飞10m/s,cross,28,/aqronos_cloud_0,1770276965.3096554,2026-02-05T07:36:05.309655+00:00,1649364340.999972,2022-04-07T20:45:40.999972+00:00,1770276935.0,1770277065.6683283,2026-02-05T07:37:45.668328+00:00,2404,373083.6683283265,True,True,within GNSS interval; piecewise-linear interpolation,1,0.24497491990437817,LOW,100.35867285728455,LOW,15.550358057022095,LOW,-290.6057445786809,-19.29141217600159,23.247446612536297,290.84610360302037,-15.244716619703983,23.247446612536297,0,0,0,0,0,0,0,,,,,,,
300m_cross_10,300m横飞10m/s,cross,29,/aqronos_cloud_0,1770276966.3219557,2026-02-05T07:36:06.321956+00:00,1649364341.999973,2022-04-07T20:45:41.999973+00:00,1770276935.0,1770277066.6806285,2026-02-05T07:37:46.680629+00:00,2404,373084.6806285794,True,True,within GNSS interval; piecewise-linear interpolation,1,0.30707650592684055,LOW,100.35867285728455,LOW,15.550358057022095,LOW,-290.23196572660635,-26.94266282546014,23.268268597313504,291.38067052286357,-7.603016197722802,23.268268597313504,0,0,0,0,0,0,0,,,,,,,
300m_cross_10,300m横飞10m/s,cross,30,/aqronos_cloud_0,1770276967.30636,2026-02-05T07:36:07.306360+00:00,1649364342.999983,2022-04-07T20:45:42.999983+00:00,1770276935.0,1770277067.6650329,2026-02-05T07:37:47.665033+00:00,2404,373085.6650329049,True,True,within GNSS interval; piecewise-linear interpolation,1,0.3674667604229764,LOW,100.35867285728455,LOW,15.550358057022095,LOW,-289.8684870870448,-34.38306819236008,23.288516791286447,291.90050639827706,-0.17189788297070407,23.288516791286447,0,0,0,0,0,0,0,,,,,,,
300m_cross_10,300m横飞10m/s,cross,31,/aqronos_cloud_0,1770276968.3302352,2026-02-05T07:36:08.330235+00:00,1649364343.999994,2022-04-07T20:45:43.999994+00:00,1770276935.0,1770277068.688908,2026-02-05T07:37:48.688908+00:00,2404,373086.6889081414,True,True,within GNSS interval; piecewise-linear interpolation,1,0.4302784369916733,LOW,100.35867285728455,LOW,15.550358057022095,LOW,-289.49043432111006,-42.121805830493706,23.309576861682572,292.44118573714894,7.5571803271533184,23.309576861682572,0,0,0,0,0,0,0,,,,,,,
300m_cross_10,300m横飞10m/s,cross,32,/aqronos_cloud_0,1770276969.3072774,2026-02-05T07:36:09.307277+00:00,1649364344.999844,2022-04-07T20:45:44.999844+00:00,1770276935.0,1770277069.6659503,2026-02-05T07:37:49.665950+00:00,2404,373087.6659503396,True,True,within GNSS interval; piecewise-linear interpolation,1,0.4902170470465812,LOW,100.35867285728455,LOW,15.550358057022095,LOW,-289.12967405239215,-49.50656616406035,23.32967362419809,292.957133882904,14.932723064240314,23.32967362419809,0,0,0,0,0,0,0,,,,,,,
300m_cross_10,300m横飞10m/s,cross,33,/aqronos_cloud_0,1770276970.3188367,2026-02-05T07:36:10.318837+00:00,1649364345.999855,2022-04-07T20:45:45.999855+00:00,1770276935.0,1770277070.6775095,2026-02-05T07:37:50.677510+00:00,2404,373088.67750958755,True,True,within GNSS interval; piecewise-linear interpolation,1,0.5522731746369914,LOW,100.35867285728455,LOW,15.550358057022095,LOW,-288.75616880686516,-57.152216089285616,23.350480367258605,293.4913094991501,22.56882975276565,23.350480367258605,0,0,0,0,0,0,0,,,,,,,
300m_cross_10,300m横飞10m/s,cross,34,/aqronos_cloud_0,1770276971.317501,2026-02-05T07:36:11.317501+00:00,1649364346.999866,2022-04-07T20:45:46.999866+00:00,1770276935.0,1770277071.676174,2026-02-05T07:37:51.676174+00:00,2404,373089.67617396667,True,True,within GNSS interval; piecewise-linear interpolation,1,0.6135382406773575,LOW,100.35867285728455,LOW,15.550358057022095,LOW,-288.387424825857,-64.7004029610496,23.371021876005347,294.0186757025727,30.107595040403112,23.371021876005347,0,0,0,0,0,0,0,,,,,,,
300m_cross_10,300m横飞10m/s,cross,35,/aqronos_cloud_0,1770276972.3174524,2026-02-05T07:36:12.317452+00:00,1649364347.999876,2022-04-07T20:45:47.999876+00:00,1770276935.0,1770277072.6761253,2026-02-05T07:37:52.676125+00:00,2404,373090.6761253293,True,True,within GNSS interval; piecewise-linear interpolation,1,0.6748822592969441,LOW,100.35867285728455,LOW,15.550358057022095,LOW,-288.01820564274345,-72.25831721679405,23.391589856691184,294.5467215253061,37.65607557038119,23.391589856691184,0,0,0,0,0,0,0,,,,,,,
300m_cross_10,300m横飞10m/s,cross,36,/aqronos_cloud_0,1770276973.3140492,2026-02-05T07:36:13.314049+00:00,1649364348.999888,2022-04-07T20:45:48.999888+00:00,1770276935.0,1770277073.672722,2026-02-05T07:37:53.672722+00:00,2404,373091.6727221425,True,True,within GNSS interval; piecewise-linear interpolation,1,0.7360204863660246,LOW,100.35867285728455,LOW,15.550358057022095,LOW,-287.65022508386545,-79.79087684256348,23.412088837713622,295.0729959060792,45.17923311782266,23.412088837713622,0,0,0,0,0,0,0,,,,,,,
300m_cross_10,300m横飞10m/s,cross,37,/aqronos_cloud_0,1770276974.3164766,2026-02-05T07:36:14.316477+00:00,1649364349.999898,2022-04-07T20:45:49.999898+00:00,1770276935.0,1770277074.6751494,2026-02-05T07:37:54.675149+00:00,2404,373092.67514948203,True,True,within GNSS interval; piecewise-linear interpolation,1,0.7975163987490799,LOW,100.35867285728455,LOW,15.550358057022095,LOW,-287.2800916781018,-87.36750522995618,23.43270774672244,295.6023492216881,52.74640442062538,23.43270774672244,0,0,0,0,0,0,0,,,,,,,
300m_cross_10,300m横飞10m/s,cross,38,/aqronos_cloud_0,1770276975.3128214,2026-02-05T07:36:15.312821+00:00,1649364350.999909,2022-04-07T20:45:50.999909+00:00,1770276935.0,1770277075.6714942,2026-02-05T07:37:55.671494+00:00,2404,373093.6714942868,True,True,within GNSS interval; piecewise-linear interpolation,1,0.8586391658559084,LOW,100.35867285728455,LOW,15.550358057022095,LOW,-286.9122041700992,-94.89816010491653,23.453201544188076,296.1284905239855,60.267659594751926,23.453201544188076,0,0,0,0,0,0,0,,,,,,,
300m_cross_10,300m横飞10m/s,cross,39,/aqronos_cloud_0,1770276976.3149915,2026-02-05T07:36:16.314991+00:00,1649364351.999921,2022-04-07T20:45:51.999921+00:00,1770276935.0,1770277076.6736643,2026-02-05T07:37:56.673664+00:00,2404,373094.6736643727,True,True,within GNSS interval; piecewise-linear interpolation,1,0.9201192964988787,LOW,100.35867285728455,LOW,15.550358057022095,LOW,-286.54216575193686,-102.47284409673404,23.473815161751492,296.65770799127347,67.83288892895784,23.473815161751492,0,0,0,0,0,0,0,,,,,,,
300m_cross_10,300m横飞10m/s,cross,40,/aqronos_cloud_0,1770276977.3107436,2026-02-05T07:36:17.310744+00:00,1649364352.999932,2022-04-07T20:45:52.999932+00:00,1770276935.0,1770277077.6694164,2026-02-05T07:37:57.669416+00:00,2404,373095.6694164689,True,True,within GNSS interval; piecewise-linear interpolation,1,0.9812057027105716,LOW,100.35867285728455,LOW,15.550358057022095,LOW,-286.17449709395913,-109.99901911312168,23.494296767805388,297.183536301054,75.34966983623391,23.494296767805388,0,0,0,0,0,0,0,,,,,,,
300m_cross_10,300m横飞10m/s,cross,41,/aqronos_cloud_0,1770276978.3183613,2026-02-05T07:36:18.318361+00:00,1649364353.999942,2022-04-07T20:45:53.999942+00:00,1770276935.0,1770277078.6770341,2026-02-05T07:37:58.677034+00:00,2404,373096.6770341809,True,True,within GNSS interval; piecewise-linear interpolation,2,0.049050169375061715,LOW,100.35867285728455,LOW,15.550358057022095,LOW,-286.22717417368943,-108.66734309206824,23.495532733878623,297.0782056967795,74.02112124337748,23.495532733878623,0,0,0,0,0,0,0,,,,,,,
300m_cross_10,300m横飞10m/s,cross,42,/aqronos_cloud_0,1770276979.3216944,2026-02-05T07:36:19.321694+00:00,1649364354.999953,2022-04-07T20:45:54.999953+00:00,1770276935.0,1770277079.6803672,2026-02-05T07:37:59.680367+00:00,2404,373097.68036727264,True,True,within GNSS interval; piecewise-linear interpolation,2,0.11922935051499921,LOW,100.35867285728455,LOW,15.550358057022095,LOW,-286.46439007370384,-103.44901331961157,23.488285121057068,296.6960333067357,68.81140136015769,23.488285121057068,0,0,0,0,0,0,0,,,,,,,
300m_cross_10,300m横飞10m/s,cross,43,/aqronos_cloud_0,1770276980.3139052,2026-02-05T07:36:20.313905+00:00,1649364355.999964,2022-04-07T20:45:55.999964+00:00,1770276935.0,1770277080.672578,2026-02-05T07:38:00.672578+00:00,2404,373098.67257813766,True,True,within GNSS interval; piecewise-linear interpolation,2,0.18863057588955157,LOW,100.35867285728455,LOW,15.550358057022095,LOW,-286.6989763694103,-98.28853018580502,23.481117850041848,296.3180974040572,63.659432672568286,23.481117850041848,0,0,0,0,0,0,0,,,,,,,
300m_cross_10,300m横飞10m/s,cross,44,/aqronos_cloud_0,1770276981.2997863,2026-02-05T07:36:21.299786+00:00,1649364356.999975,2022-04-07T20:45:56.999975+00:00,1770276935.0,1770277081.6584592,2026-02-05T07:38:01.658459+00:00,2404,373099.6584592278,True,True,within GNSS interval; piecewise-linear interpolation,2,0.2575890585499515,LOW,100.35867285728455,LOW,15.550358057022095,LOW,-286.93206612996613,-93.1609681754609,23.473996302383892,295.9425725303832,58.540330790826495,23.473996302383892,0,0,0,0,0,0,0,,,,,,,
300m_cross_10,300m横飞10m/s,cross,45,/aqronos_cloud_0,1770276982.3276834,2026-02-05T07:36:22.327683+00:00,1649364357.999986,2022-04-07T20:45:57.999986+00:00,1770276935.0,1770277082.6863563,2026-02-05T07:38:02.686356+00:00,2404,373100.68635634735,True,True,within GNSS interval; piecewise-linear interpolation,2,0.32948639627192255,LOW,100.35867285728455,LOW,15.550358057022095,LOW,-287.1750896506075,-87.81488103251154,23.466571250420543,295.5510436332277,53.203064328086825,23.466571250420543,0,0,0,0,0,0,0,,,,,,,
300m_cross_10,300m横飞10m/s,cross,46,/aqronos_cloud_0,1770276983.3316045,2026-02-05T07:36:23.331604+00:00,1649364358.999997,2022-04-07T20:45:58.999997+00:00,1770276935.0,1770277083.6902773,2026-02-05T07:38:03.690277+00:00,2404,373101.6902773793,True,True,within GNSS interval; piecewise-linear interpolation,2,0.3997067015044097,LOW,100.35867285728455,LOW,15.550358057022095,LOW,-287.41244455607153,-82.59349338629471,23.45931939059161,295.1686472951058,47.99029161639064,23.45931939059161,0,0,0,0,0,0,0,,,,,,,
300m_cross_10,300m横飞10m/s,cross,47,/aqronos_cloud_0,1770276984.335356,2026-02-05T07:36:24.335356+00:00,1649364359.999848,2022-04-07T20:45:59.999848+00:00,1770276935.0,1770277084.6940289,2026-02-05T07:38:04.694029+00:00,2404,373102.69402889564,True,True,within GNSS interval; piecewise-linear interpolation,2,0.46991514979050475,LOW,100.35867285728455,LOW,15.550358057022095,LOW,-287.64975938332196,-77.37298738981164,23.4520687552648,294.7863155259554,42.778399099766105,23.4520687552648,0,0,0,0,0,0,0,,,,,,,
300m_cross_10,300m横飞10m/s,cross,48,/aqronos_cloud_0,1770276985.329619,2026-02-05T07:36:25.329619+00:00,1649364360.999866,2022-04-07T20:46:00.999866+00:00,1770276935.0,1770277085.6882918,2026-02-05T07:38:05.688292+00:00,2404,373103.68829182937,True,True,within GNSS interval; piecewise-linear interpolation,2,0.5394599092545034,LOW,100.35867285728455,LOW,15.550358057022095,LOW,-287.88483084525086,-72.20183145817313,23.444886661057144,294.4075979845469,37.61577522373532,23.444886661057144,0,0,0,0,0,0,0,,,,,,,
300m_cross_10,300m横飞10m/s,cross,49,/aqronos_cloud_0,1770276986.3359692,2026-02-05T07:36:26.335969+00:00,1649364361.999877,2022-04-07T20:46:01.999877+00:00,1770276935.0,1770277086.694642,2026-02-05T07:38:06.694642+00:00,2404,373104.6946421082,True,True,within GNSS interval; piecewise-linear interpolation,2,0.60985013069907,LOW,100.35867285728455,LOW,15.550358057022095,LOW,-288.1227600923718,-66.96780931246636,23.43761725347548,294.02427633946326,32.39038885861409,23.43761725347548,0,0,0,0,0,0,0,,,,,,,
300m_cross_10,300m横飞10m/s,cross,50,/aqronos_cloud_0,1770276987.318133,2026-02-05T07:36:27.318133+00:00,1649364362.999883,2022-04-07T20:46:02.999883+00:00,1770276935.0,1770277087.676806,2026-02-05T07:38:07.676806+00:00,2404,373105.6768060143,True,True,within GNSS interval; piecewise-linear interpolation,2,0.6785486110371094,LOW,100.35867285728455,LOW,15.550358057022095,LOW,-288.3549710070377,-61.859580355566905,23.43052255703087,293.6501673516309,27.29058813209359,23.43052255703087,0,0,0,0,0,0,0,,,,,,,
300m_cross_10,300m横飞10m/s,cross,51,/aqronos_cloud_0,1770276988.3201382,2026-02-05T07:36:28.320138+00:00,1649364363.999897,2022-04-07T20:46:03.999897+00:00,1770276935.0,1770277088.678811,2026-02-05T07:38:08.678811+00:00,2404,373106.6788111146,True,True,within GNSS interval; piecewise-linear interpolation,2,0.7486349044254244,LOW,100.35867285728455,LOW,15.550358057022095,LOW,-288.5918729328614,-56.648157459364924,23.42328453700377,293.2685007972703,22.087763729252394,23.42328453700377,0,0,0,0,0,0,0,,,,,,,
300m_cross_10,300m横飞10m/s,cross,52,/aqronos_cloud_0,1770276989.3232145,2026-02-05T07:36:29.323215+00:00,1649364364.999927,2022-04-07T20:46:04.999927+00:00,1770276935.0,1770277089.6818874,2026-02-05T07:38:09.681887+00:00,2404,373107.6818874295,True,True,within GNSS interval; piecewise-linear interpolation,2,0.8187961250431899,LOW,100.35867285728455,LOW,15.550358057022095,LOW,-288.8290281236831,-51.43116318165265,23.416038779018777,292.88642621423384,16.87937713730151,23.416038779018777,0,0,0,0,0,0,0,,,,,,,
300m_cross_10,300m横飞10m/s,cross,53,/aqronos_cloud_0,1770276990.318361,2026-02-05T07:36:30.318361+00:00,1649364365.999916,2022-04-07T20:46:05.999916+00:00,1770276935.0,1770277090.677034,2026-02-05T07:38:10.677034+00:00,2404,373108.6770339425,True,True,within GNSS interval; piecewise-linear interpolation,2,0.8884026873810689,LOW,100.35867285728455,LOW,15.550358057022095,LOW,-289.06430848836794,-46.25541175927806,23.40885030224447,292.5073721150081,11.712165352781838,23.40885030224447,0,0,0,0,0,0,0,,,,,,,
300m_cross_10,300m横飞10m/s,cross,54,/aqronos_cloud_0,1770276991.3285217,2026-02-05T07:36:31.328522+00:00,1649364366.999927,2022-04-07T20:46:06.999927+00:00,1770276935.0,1770277091.6871946,2026-02-05T07:38:11.687195+00:00,2404,373109.68719462707,True,True,within GNSS interval; piecewise-linear interpolation,2,0.9590594316346899,LOW,100.35867285728455,LOW,15.550358057022095,LOW,-289.30313862157783,-41.00157171477372,23.4015533700594,292.12259907568927,6.466993787048281,23.4015533700594,0,0,0,0,0,0,0,,,,,,,
300m_cross_10,300m横飞10m/s,cross,55,/aqronos_cloud_0,1770276992.3212125,2026-02-05T07:36:32.321213+00:00,1649364367.999937,2022-04-07T20:46:07.999937+00:00,1770276935.0,1770277092.6798854,2026-02-05T07:38:12.679885+00:00,2404,373110.6798854287,False,False,outside GNSS interval; no extrapolation,-1,,LOW,100.35867285728455,LOW,15.550358057022095,LOW,,,,,,,,,,,,,,,,,,,,
300m_cross_10,300m横飞10m/s,cross,56,/aqronos_cloud_0,1770276993.3086116,2026-02-05T07:36:33.308612+00:00,1649364368.999949,2022-04-07T20:46:08.999949+00:00,1770276935.0,1770277093.6672845,2026-02-05T07:38:13.667284+00:00,2404,373111.66728452995,False,False,outside GNSS interval; no extrapolation,-1,,LOW,100.35867285728455,LOW,15.550358057022095,LOW,,,,,,,,,,,,,,,,,,,,
300m_cross_10,300m横飞10m/s,cross,57,/aqronos_cloud_0,1770276994.3137398,2026-02-05T07:36:34.313740+00:00,1649364369.999959,2022-04-07T20:46:09.999959+00:00,1770276935.0,1770277094.6724126,2026-02-05T07:38:14.672413+00:00,2404,373112.67241267517,False,False,outside GNSS interval; no extrapolation,-1,,LOW,100.35867285728455,LOW,15.550358057022095,LOW,,,,,,,,,,,,,,,,,,,,
300m_cross_10,300m横飞10m/s,cross,58,/aqronos_cloud_0,1770276995.3154614,2026-02-05T07:36:35.315461+00:00,1649364370.99997,2022-04-07T20:46:10.999970+00:00,1770276935.0,1770277095.6741343,2026-02-05T07:38:15.674134+00:00,2404,373113.6741342957,False,False,outside GNSS interval; no extrapolation,-1,,LOW,100.35867285728455,LOW,15.550358057022095,LOW,,,,,,,,,,,,,,,,,,,,
300m_cross_10,300m横飞10m/s,cross,59,/aqronos_cloud_0,1770276996.3187926,2026-02-05T07:36:36.318793+00:00,1649364371.999981,2022-04-07T20:46:11.999981+00:00,1770276935.0,1770277096.6774654,2026-02-05T07:38:16.677465+00:00,2404,373114.6774654801,False,False,outside GNSS interval; no extrapolation,-1,,LOW,100.35867285728455,LOW,15.550358057022095,LOW,,,,,,,,,,,,,,,,,,,,
300m_cross_10,300m横飞10m/s,cross,60,/aqronos_cloud_0,1770276997.3010473,2026-02-05T07:36:37.301047+00:00,1649364372.999992,2022-04-07T20:46:12.999992+00:00,1770276935.0,1770277097.6597202,2026-02-05T07:38:17.659720+00:00,2404,373115.6597202237,False,False,outside GNSS interval; no extrapolation,-1,,LOW,100.35867285728455,LOW,15.550358057022095,LOW,,,,,,,,,,,,,,,,,,,,
300m_cross_10,300m横飞10m/s,cross,61,/aqronos_cloud_0,1770276998.3114173,2026-02-05T07:36:38.311417+00:00,1649364373.999844,2022-04-07T20:46:13.999844+00:00,1770276935.0,1770277098.6700902,2026-02-05T07:38:18.670090+00:00,2404,373116.6700902398,False,False,outside GNSS interval; no extrapolation,-1,,LOW,100.35867285728455,LOW,15.550358057022095,LOW,,,,,,,,,,,,,,,,,,,,
300m_cross_10,300m横飞10m/s,cross,62,/aqronos_cloud_0,1770276999.3138387,2026-02-05T07:36:39.313839+00:00,1649364374.999854,2022-04-07T20:46:14.999854+00:00,1770276935.0,1770277099.6725116,2026-02-05T07:38:19.672512+00:00,2404,373117.6725116189,False,False,outside GNSS interval; no extrapolation,-1,,LOW,100.35867285728455,LOW,15.550358057022095,LOW,,,,,,,,,,,,,,,,,,,,
300m_cross_5,300m横飞5m/s,cross,0,/aqronos_cloud_0,1770277214.328238,2026-02-05T07:40:14.328238+00:00,1649364589.999987,2022-04-07T20:49:49.999987+00:00,1770277213.0,1770277314.3617625,2026-02-05T07:41:54.361763+00:00,2404,373332.36176247644,False,False,outside GNSS interval; no extrapolation,-1,,LOW,100.03352451324463,LOW,16.910552620887756,LOW,,,,,,,,,,,,,,,,,,,,
300m_cross_5,300m横飞5m/s,cross,1,/aqronos_cloud_0,1770277215.3073003,2026-02-05T07:40:15.307300+00:00,1649364590.99999,2022-04-07T20:49:50.999990+00:00,1770277213.0,1770277315.3408248,2026-02-05T07:41:55.340825+00:00,2404,373333.34082479525,False,False,outside GNSS interval; no extrapolation,-1,,LOW,100.03352451324463,LOW,16.910552620887756,LOW,,,,,,,,,,,,,,,,,,,,
300m_cross_5,300m横飞5m/s,cross,2,/aqronos_cloud_0,1770277216.3095717,2026-02-05T07:40:16.309572+00:00,1649364591.999843,2022-04-07T20:49:51.999843+00:00,1770277213.0,1770277316.3430963,2026-02-05T07:41:56.343096+00:00,2404,373334.34309620905,False,False,outside GNSS interval; no extrapolation,-1,,LOW,100.03352451324463,LOW,16.910552620887756,LOW,,,,,,,,,,,,,,,,,,,,
300m_cross_5,300m横飞5m/s,cross,3,/aqronos_cloud_0,1770277217.317387,2026-02-05T07:40:17.317387+00:00,1649364592.999853,2022-04-07T20:49:52.999853+00:00,1770277213.0,1770277317.3509116,2026-02-05T07:41:57.350912+00:00,2404,373335.3509115701,False,False,outside GNSS interval; no extrapolation,-1,,LOW,100.03352451324463,LOW,16.910552620887756,LOW,,,,,,,,,,,,,,,,,,,,
300m_cross_5,300m横飞5m/s,cross,4,/aqronos_cloud_0,1770277218.3087466,2026-02-05T07:40:18.308747+00:00,1649364593.999867,2022-04-07T20:49:53.999867+00:00,1770277213.0,1770277318.342271,2026-02-05T07:41:58.342271+00:00,2404,373336.34227104235,False,False,outside GNSS interval; no extrapolation,-1,,LOW,100.03352451324463,LOW,16.910552620887756,LOW,,,,,,,,,,,,,,,,,,,,
300m_cross_5,300m横飞5m/s,cross,5,/aqronos_cloud_0,1770277219.3188586,2026-02-05T07:40:19.318859+00:00,1649364594.999874,2022-04-07T20:49:54.999874+00:00,1770277213.0,1770277319.3523831,2026-02-05T07:41:59.352383+00:00,2404,373337.35238308954,False,False,outside GNSS interval; no extrapolation,-1,,LOW,100.03352451324463,LOW,16.910552620887756,LOW,,,,,,,,,,,,,,,,,,,,
300m_cross_5,300m横飞5m/s,cross,6,/aqronos_cloud_0,1770277220.3136952,2026-02-05T07:40:20.313695+00:00,1649364595.99989,2022-04-07T20:49:55.999890+00:00,1770277213.0,1770277320.3472197,2026-02-05T07:42:00.347220+00:00,2404,373338.3472196584,False,False,outside GNSS interval; no extrapolation,-1,,LOW,100.03352451324463,LOW,16.910552620887756,LOW,,,,,,,,,,,,,,,,,,,,
300m_cross_5,300m横飞5m/s,cross,7,/aqronos_cloud_0,1770277221.3161252,2026-02-05T07:40:21.316125+00:00,1649364596.999897,2022-04-07T20:49:56.999897+00:00,1770277213.0,1770277321.3496497,2026-02-05T07:42:01.349650+00:00,2404,373339.34964962053,False,False,outside GNSS interval; no extrapolation,-1,,LOW,100.03352451324463,LOW,16.910552620887756,LOW,,,,,,,,,,,,,,,,,,,,
300m_cross_5,300m横飞5m/s,cross,8,/aqronos_cloud_0,1770277222.3138273,2026-02-05T07:40:22.313827+00:00,1649364597.999911,2022-04-07T20:49:57.999911+00:00,1770277213.0,1770277322.3473518,2026-02-05T07:42:02.347352+00:00,2404,373340.34735174227,False,False,outside GNSS interval; no extrapolation,-1,,LOW,100.03352451324463,LOW,16.910552620887756,LOW,,,,,,,,,,,,,,,,,,,,
300m_cross_5,300m横飞5m/s,cross,9,/aqronos_cloud_0,1770277223.320064,2026-02-05T07:40:23.320064+00:00,1649364598.999917,2022-04-07T20:49:58.999917+00:00,1770277213.0,1770277323.3535886,2026-02-05T07:42:03.353589+00:00,2404,373341.3535885339,False,False,outside GNSS interval; no extrapolation,-1,,LOW,100.03352451324463,LOW,16.910552620887756,LOW,,,,,,,,,,,,,,,,,,,,
300m_cross_5,300m横飞5m/s,cross,10,/aqronos_cloud_0,1770277224.3184369,2026-02-05T07:40:24.318437+00:00,1649364599.999931,2022-04-07T20:49:59.999931+00:00,1770277213.0,1770277324.3519614,2026-02-05T07:42:04.351961+00:00,2404,373342.3519613271,True,True,within GNSS interval; piecewise-linear interpolation,0,0.054062730220383264,LOW,100.03352451324463,LOW,16.910552620887756,LOW,-289.52260347475584,-100.17061895956962,23.60302580798792,299.3446639236982,65.19404118439172,23.60302580798792,0,0,0,0,0,0,0,,,,,,,
300m_cross_5,300m横飞5m/s,cross,11,/aqronos_cloud_0,1770277225.3284435,2026-02-05T07:40:25.328444+00:00,1649364600.999949,2022-04-07T20:50:00.999949+00:00,1770277213.0,1770277325.361968,2026-02-05T07:42:05.361968+00:00,2404,373343.36196799326,True,True,within GNSS interval; piecewise-linear interpolation,0,0.11703078972413114,LOW,100.03352451324463,LOW,16.910552620887756,LOW,-289.7856849985773,-93.21745554889014,23.582604918762883,298.7828141549242,58.25862352277129,23.582604918762883,0,0,0,0,0,0,0,,,,,,,
300m_cross_5,300m横飞5m/s,cross,12,/aqronos_cloud_0,1770277226.31218,2026-02-05T07:40:26.312180+00:00,1649364601.999962,2022-04-07T20:50:01.999962+00:00,1770277213.0,1770277326.3457046,2026-02-05T07:42:06.345705+00:00,2404,373344.3457045083,True,True,within GNSS interval; piecewise-linear interpolation,0,0.17836105762171076,LOW,100.03352451324463,LOW,16.910552620887756,LOW,-290.04192380380704,-86.44514307692587,23.562715174394885,298.2355780306309,51.50359523508094,23.562715174394885,0,0,0,0,0,0,0,,,,,,,
300m_cross_5,300m横飞5m/s,cross,13,/aqronos_cloud_0,1770277227.319399,2026-02-05T07:40:27.319399+00:00,1649364602.99997,2022-04-07T20:50:02.999970+00:00,1770277213.0,1770277327.3529236,2026-02-05T07:42:07.352924+00:00,2404,373345.35292358446,True,True,within GNSS interval; piecewise-linear interpolation,0,0.2411553270500462,LOW,100.03352451324463,LOW,16.910552620887756,LOW,-290.3042792300129,-79.51117020194053,23.542350646250473,297.675278951436,44.58731913138572,23.542350646250473,0,0,0,0,0,0,0,,,,,,,
300m_cross_5,300m横飞5m/s,cross,14,/aqronos_cloud_0,1770277228.308171,2026-02-05T07:40:28.308171+00:00,1649364603.999972,2022-04-07T20:50:03.999972+00:00,1770277213.0,1770277328.3416955,2026-02-05T07:42:08.341696+00:00,2404,373346.3416954999,True,True,within GNSS interval; piecewise-linear interpolation,0,0.30279952296616075,LOW,100.03352451324463,LOW,16.910552620887756,LOW,-290.5618296313461,-72.70419265010453,23.52235909329346,297.1252417183581,37.797714235469165,23.52235909329346,0,0,0,0,0,0,0,,,,,,,
300m_cross_5,300m横飞5m/s,cross,15,/aqronos_cloud_0,1770277229.3115242,2026-02-05T07:40:29.311524+00:00,1649364604.999995,2022-04-07T20:50:04.999995+00:00,1770277213.0,1770277329.3450487,2026-02-05T07:42:09.345049+00:00,2404,373347.3450486188,True,True,within GNSS interval; piecewise-linear interpolation,0,0.3653527723745841,LOW,100.03352451324463,LOW,16.910552620887756,LOW,-290.8231780721913,-65.79683408715138,23.50207272927172,296.5670932063479,30.907984519197612,23.50207272927172,0,0,0,0,0,0,0,,,,,,,
300m_cross_5,300m横飞5m/s,cross,16,/aqronos_cloud_0,1770277230.3153615,2026-02-05T07:40:30.315361+00:00,1649364605.999846,2022-04-07T20:50:05.999846+00:00,1770277213.0,1770277330.348886,2026-02-05T07:42:10.348886+00:00,2404,373348.3488859658,True,True,within GNSS interval; piecewise-linear interpolation,0,0.42793621059956255,LOW,100.03352451324463,LOW,16.910552620887756,LOW,-291.0846526423777,-58.88614196467079,23.481776574850155,296.0086753263481,24.014929751254307,23.481776574850155,0,0,0,0,0,0,0,,,,,,,
300m_cross_5,300m横飞5m/s,cross,17,/aqronos_cloud_0,1770277231.3234606,2026-02-05T07:40:31.323461+00:00,1649364606.999845,2022-04-07T20:50:06.999845+00:00,1770277213.0,1770277331.356985,2026-02-05T07:42:11.356985+00:00,2404,373349.35698504496,True,True,within GNSS interval; piecewise-linear interpolation,0,0.4907853431110614,LOW,100.03352451324463,LOW,16.910552620887756,LOW,-291.34723728739124,-51.94611090740294,23.461394254305073,295.4478867162572,17.09261092686956,23.461394254305073,0,0,0,0,0,0,0,,,,,,,
300m_cross_5,300m横飞5m/s,cross,18,/aqronos_cloud_0,1770277232.3175468,2026-02-05T07:40:32.317547+00:00,1649364607.999857,2022-04-07T20:50:07.999857+00:00,1770277213.0,1770277332.3510714,2026-02-05T07:42:12.351071+00:00,2404,373350.3510713105,True,True,within GNSS interval; piecewise-linear interpolation,0,0.5527608579444651,LOW,100.03352451324463,LOW,16.910552620887756,LOW,-291.60617194427107,-45.10254790905461,23.4412952527946,294.8948931993341,10.26651395721428,23.4412952527946,0,0,0,0,0,0,0,,,,,,,
300m_cross_5,300m横飞5m/s,cross,19,/aqronos_cloud_0,1770277233.32184,2026-02-05T07:40:33.321840+00:00,1649364608.99987,2022-04-07T20:50:08.999870+00:00,1770277213.0,1770277333.3553646,2026-02-05T07:42:13.355365+00:00,2404,373351.3553645139,True,True,within GNSS interval; piecewise-linear interpolation,0,0.6153727161680912,LOW,100.03352451324463,LOW,16.910552620887756,LOW,-291.86776525365013,-38.18871754638866,23.42098988161062,294.3362217341072,3.370328958450493,23.42098988161062,0,0,0,0,0,0,0,,,,,,,
300m_cross_5,300m横飞5m/s,cross,20,/aqronos_cloud_0,1770277234.310995,2026-02-05T07:40:34.310995+00:00,1649364609.999887,2022-04-07T20:50:09.999887+00:00,1770277213.0,1770277334.3445196,2026-02-05T07:42:14.344520+00:00,2404,373352.34451956797,True,True,within GNSS interval; piecewise-linear interpolation,0,0.6770407985579645,LOW,100.03352451324463,LOW,16.910552620887756,LOW,-292.1254154530391,-31.37910236276508,23.400990582138334,293.78597136742053,-3.4219068375332675,23.400990582138334,0,0,0,0,0,0,0,,,,,,,
300m_cross_5,300m横飞5m/s,cross,21,/aqronos_cloud_0,1770277235.3161416,2026-02-05T07:40:35.316142+00:00,1649364610.999889,2022-04-07T20:50:10.999889+00:00,1770277213.0,1770277335.349666,2026-02-05T07:42:15.349666+00:00,2404,373353.3496660714,True,True,within GNSS interval; piecewise-linear interpolation,0,0.7397058550949588,LOW,100.03352451324463,LOW,16.910552620887756,LOW,-292.387231025792,-24.45939764778565,23.380667958447724,293.22682522566237,-10.32395119618538,23.380667958447724,0,0,0,0,0,0,0,,,,,,,
300m_cross_5,300m横飞5m/s,cross,22,/aqronos_cloud_0,1770277236.321461,2026-02-05T07:40:36.321461+00:00,1649364611.9999,2022-04-07T20:50:11.999900+00:00,1770277213.0,1770277336.3549855,2026-02-05T07:42:16.354985+00:00,2404,373354.35498542833,True,True,within GNSS interval; piecewise-linear interpolation,0,0.8023816880435742,LOW,100.03352451324463,LOW,16.910552620887756,LOW,-292.64909162255884,-17.538502962024637,23.360341839907345,292.66758292841797,-17.227182488595254,23.360341839907345,0,0,0,0,0,0,0,,,,,,,
300m_cross_5,300m横飞5m/s,cross,23,/aqronos_cloud_0,1770277237.3167083,2026-02-05T07:40:37.316708+00:00,1649364612.999911,2022-04-07T20:50:12.999911+00:00,1770277213.0,1770277337.3502328,2026-02-05T07:42:17.350233+00:00,2404,373355.3502327924,True,True,within GNSS interval; piecewise-linear interpolation,0,0.8644295906350397,LOW,100.03352451324463,LOW,16.910552620887756,LOW,-292.90832871660837,-10.686946642702097,23.340219362647414,292.1139435118841,-24.061252378802692,23.340219362647414,0,0,0,0,0,0,0,,,,,,,
300m_cross_5,300m横飞5m/s,cross,24,/aqronos_cloud_0,1770277238.3111544,2026-02-05T07:40:38.311154+00:00,1649364613.999922,2022-04-07T20:50:13.999922+00:00,1770277213.0,1770277338.3446789,2026-02-05T07:42:18.344679+00:00,2404,373356.3446788316,True,True,within GNSS interval; piecewise-linear interpolation,0,0.9264275352686312,LOW,100.03352451324463,LOW,16.910552620887756,LOW,-293.1673570855393,-3.8409068637890726,23.320113087028943,291.56074985892144,-30.889819807824125,23.320113087028943,0,0,0,0,0,0,0,,,,,,,
300m_cross_5,300m横飞5m/s,cross,25,/aqronos_cloud_0,1770277239.3167348,2026-02-05T07:40:39.316735+00:00,1649364614.999933,2022-04-07T20:50:14.999933+00:00,1770277213.0,1770277339.3502593,2026-02-05T07:42:19.350259+00:00,2404,373357.35025925684,True,True,within GNSS interval; piecewise-linear interpolation,0,0.9891196443147985,LOW,100.03352451324463,LOW,16.910552620887756,LOW,-293.4292856840928,3.0817850881868907,23.2997816900603,291.00136233373587,-37.79484377949574,23.2997816900603,0,0,0,0,0,0,0,,,,,,,
300m_cross_5,300m横飞5m/s,cross,26,/aqronos_cloud_0,1770277240.3227324,2026-02-05T07:40:40.322732+00:00,1649364615.999947,2022-04-07T20:50:15.999947+00:00,1770277213.0,1770277340.356257,2026-02-05T07:42:20.356257+00:00,2404,373358.3562569146,True,True,within GNSS interval; piecewise-linear interpolation,1,0.053385226356420075,LOW,100.03352451324463,LOW,16.910552620887756,LOW,-293.2434158201615,-1.7547761544816565,23.310681407789165,291.3893278476958,-32.97028628472183,23.310681407789165,0,0,0,0,0,0,0,,,,,,,
300m_cross_5,300m横飞5m/s,cross,27,/aqronos_cloud_0,1770277241.310592,2026-02-05T07:40:41.310592+00:00,1649364616.999955,2022-04-07T20:50:16.999955+00:00,1770277213.0,1770277341.3441164,2026-02-05T07:42:21.344116+00:00,2404,373359.34411640215,True,True,within GNSS interval; piecewise-linear interpolation,1,0.1168110420949899,LOW,100.03352451324463,LOW,16.910552620887756,LOW,-292.96857991305245,-8.928403204254701,23.32782332717347,291.9656032885843,-25.814563648865914,23.32782332717347,0,0,0,0,0,0,0,,,,,,,
300m_cross_5,300m横飞5m/s,cross,28,/aqronos_cloud_0,1770277242.310501,2026-02-05T07:40:42.310501+00:00,1649364617.999969,2022-04-07T20:50:17.999969+00:00,1770277213.0,1770277342.3440256,2026-02-05T07:42:22.344026+00:00,2404,373360.3440255647,True,True,within GNSS interval; piecewise-linear interpolation,1,0.18101051084305156,LOW,100.03352451324463,LOW,16.910552620887756,LOW,-292.6903916229401,-16.189532449961725,23.345174339611848,292.54890800018774,-18.571557210856987,23.345174339611848,0,0,0,0,0,0,0,,,,,,,
300m_cross_5,300m横飞5m/s,cross,29,/aqronos_cloud_0,1770277243.3176866,2026-02-05T07:40:43.317687+00:00,1649364618.999989,2022-04-07T20:50:18.999989+00:00,1770277213.0,1770277343.351211,2026-02-05T07:42:23.351211+00:00,2404,373361.3512110238,True,True,within GNSS interval; piecewise-linear interpolation,1,0.24567715640545199,LOW,100.03352451324463,LOW,16.910552620887756,LOW,-292.41017896842584,-23.503500625579896,23.362651614632686,293.1364573954664,-11.275843721840783,23.362651614632686,0,0,0,0,0,0,0,,,,,,,
300m_cross_5,300m横飞5m/s,cross,30,/aqronos_cloud_0,1770277244.3102303,2026-02-05T07:40:44.310230+00:00,1649364619.999988,2022-04-07T20:50:19.999988+00:00,1770277213.0,1770277344.3437548,2026-02-05T07:42:24.343755+00:00,2404,373362.34375472117,True,True,within GNSS interval; piecewise-linear interpolation,1,0.30940372324567367,LOW,100.03352451324463,LOW,16.910552620887756,LOW,-292.13403985061507,-30.711143418200486,23.37987481718346,293.7154654062349,-4.086190241883166,23.37987481718346,0,0,0,0,0,0,0,,,,,,,
300m_cross_5,300m横飞5m/s,cross,31,/aqronos_cloud_0,1770277245.3105717,2026-02-05T07:40:45.310572+00:00,1649364620.999999,2022-04-07T20:50:20.999999+00:00,1770277213.0,1770277345.3440962,2026-02-05T07:42:25.344096+00:00,2404,373363.34409613657,True,True,within GNSS interval; piecewise-linear interpolation,1,0.3736309449202531,LOW,100.03352451324463,LOW,16.910552620887756,LOW,-291.8557313018881,-37.97541159309683,23.39723333032835,294.2990222758875,3.159947290967537,23.39723333032835,0,0,0,0,0,0,0,,,,,,,
300m_cross_5,300m横飞5m/s,cross,32,/aqronos_cloud_0,1770277246.3216527,2026-02-05T07:40:46.321653+00:00,1649364621.99985,2022-04-07T20:50:21.999850+00:00,1770277213.0,1770277346.3551772,2026-02-05T07:42:26.355177+00:00,2404,373364.3551771169,True,True,within GNSS interval; piecewise-linear interpolation,1,0.4385477035915195,LOW,100.03352451324463,LOW,16.910552620887756,LOW,-291.57443486055365,-45.31766822101744,23.41477820272573,294.8888441534418,10.483878628091738,23.41477820272573,0,0,0,0,0,0,0,,,,,,,
300m_cross_5,300m横飞5m/s,cross,33,/aqronos_cloud_0,1770277247.3128417,2026-02-05T07:40:47.312842+00:00,1649364622.999863,2022-04-07T20:50:22.999863+00:00,1770277213.0,1770277347.3463662,2026-02-05T07:42:27.346366+00:00,2404,373365.34636611986,True,True,within GNSS interval; piecewise-linear interpolation,1,0.5021872918721858,LOW,100.03352451324463,LOW,16.910552620887756,LOW,-291.29867263708843,-52.51547350914066,23.431977897822346,295.4670618928173,17.66371915664783,23.431977897822346,0,0,0,0,0,0,0,,,,,,,
300m_cross_5,300m横飞5m/s,cross,34,/aqronos_cloud_0,1770277248.3167498,2026-02-05T07:40:48.316750+00:00,1649364623.999871,2022-04-07T20:50:23.999871+00:00,1770277213.0,1770277348.3502743,2026-02-05T07:42:28.350274+00:00,2404,373366.3502742772,True,True,within GNSS interval; piecewise-linear interpolation,1,0.5666435172868127,LOW,100.03352451324463,LOW,16.910552620887756,LOW,-291.0193717723795,-59.80564261104873,23.449398303173194,296.05269944885487,24.935692971259698,23.449398303173194,0,0,0,0,0,0,0,,,,,,,
300m_cross_5,300m横飞5m/s,cross,35,/aqronos_cloud_0,1770277249.3205497,2026-02-05T07:40:49.320550+00:00,1649364624.999883,2022-04-07T20:50:24.999883+00:00,1770277213.0,1770277349.3540742,2026-02-05T07:42:29.354074+00:00,2404,373367.3540741925,True,True,within GNSS interval; piecewise-linear interpolation,1,0.6310927929890077,LOW,100.03352451324463,LOW,16.910552620887756,LOW,-290.7401010220727,-67.09502568215044,23.46681683024453,296.6382738610676,32.206882716892984,23.46681683024453,0,0,0,0,0,0,0,,,,,,,
300m_cross_5,300m横飞5m/s,cross,36,/aqronos_cloud_0,1770277250.3269436,2026-02-05T07:40:50.326944+00:00,1649364625.999894,2022-04-07T20:50:25.999894+00:00,1770277213.0,1770277350.3604681,2026-02-05T07:42:30.360468+00:00,2404,373368.360468102,True,True,within GNSS interval; piecewise-linear interpolation,1,0.6957086168657826,LOW,100.03352451324463,LOW,16.910552620887756,LOW,-290.46010858741533,-74.40324579107883,23.484280369829285,297.2253614997421,39.49686248562529,23.484280369829285,0,0,0,0,0,0,0,,,,,,,
300m_cross_5,300m横飞5m/s,cross,37,/aqronos_cloud_0,1770277251.3200107,2026-02-05T07:40:51.320011+00:00,1649364626.999918,2022-04-07T20:50:26.999918+00:00,1770277213.0,1770277351.3535352,2026-02-05T07:42:31.353535+00:00,2404,373369.3535351281,True,True,within GNSS interval; piecewise-linear interpolation,1,0.7594687841879163,LOW,100.03352451324463,LOW,16.910552620887756,LOW,-290.18382387244014,-81.61468888682715,23.501512653489154,297.80467479838603,46.69030678366217,23.501512653489154,0,0,0,0,0,0,0,,,,,,,
300m_cross_5,300m横飞5m/s,cross,38,/aqronos_cloud_0,1770277252.3264837,2026-02-05T07:40:52.326484+00:00,1649364627.999915,2022-04-07T20:50:27.999915+00:00,1770277213.0,1770277352.3600082,2026-02-05T07:42:32.360008+00:00,2404,373370.36000819254,True,True,within GNSS interval; piecewise-linear interpolation,1,0.8240896902332537,LOW,100.03352451324463,LOW,16.910552620887756,LOW,-289.90380941579707,-88.92348380242453,23.51897756661752,298.391808612721,53.98085992442287,23.51897756661752,0,0,0,0,0,0,0,,,,,,,
300m_cross_5,300m横飞5m/s,cross,39,/aqronos_cloud_0,1770277253.3303666,2026-02-05T07:40:53.330367+00:00,1649364628.999932,2022-04-07T20:50:28.999932+00:00,1770277213.0,1770277353.3638911,2026-02-05T07:42:33.363891+00:00,2404,373371.3638910775,True,True,within GNSS interval; piecewise-linear interpolation,1,0.8885442930277975,LOW,100.03352451324463,LOW,16.910552620887756,LOW,-289.6245155822041,-96.21346938172141,23.536397533427333,298.9774314259272,61.252650674471454,23.536397533427333,0,0,0,0,0,0,0,,,,,,,
300m_cross_5,300m横飞5m/s,cross,40,/aqronos_cloud_0,1770277254.3367438,2026-02-05T07:40:54.336744+00:00,1649364629.999943,2022-04-07T20:50:29.999943+00:00,1770277213.0,1770277354.3702683,2026-02-05T07:42:34.370268+00:00,2404,373372.3702682977,True,True,within GNSS interval; piecewise-linear interpolation,1,0.953159045363008,LOW,100.03352451324463,LOW,16.910552620887756,LOW,-289.3445277907365,-103.52156829647262,23.553860783409522,299.5645093287697,68.54250955151103,23.553860783409522,0,0,0,0,0,0,0,,,,,,,
300m_cross_5,300m横飞5m/s,cross,41,/aqronos_cloud_0,1770277255.3205135,2026-02-05T07:40:55.320513+00:00,1649364630.999958,2022-04-07T20:50:30.999958+00:00,1770277213.0,1770277355.354038,2026-02-05T07:42:35.354038+00:00,2404,373373.3540379529,True,True,within GNSS interval; piecewise-linear interpolation,2,0.019358462137723045,LOW,100.03352451324463,LOW,16.910552620887756,LOW,-289.20149948635657,-107.58124513166807,23.565467888552746,299.90305139612695,72.59057357900686,23.565467888552746,0,0,0,0,0,0,0,,,,,,,
300m_cross_5,300m横飞5m/s,cross,42,/aqronos_cloud_0,1770277256.3170955,2026-02-05T07:40:56.317096+00:00,1649364631.999969,2022-04-07T20:50:31.999969+00:00,1770277213.0,1770277356.35062,2026-02-05T07:42:36.350620+00:00,2404,373374.35061998415,True,True,within GNSS interval; piecewise-linear interpolation,2,0.0952466489344754,LOW,100.03352451324463,LOW,16.910552620887756,LOW,-289.4364826452056,-102.72747025282663,23.561342042970463,299.5618161926903,67.74310968586124,23.561342042970463,0,0,0,0,0,0,0,,,,,,,
300m_cross_5,300m横飞5m/s,cross,43,/aqronos_cloud_0,1770277257.3122773,2026-02-05T07:40:57.312277+00:00,1649364632.999972,2022-04-07T20:50:32.999972+00:00,1770277213.0,1770277357.3458018,2026-02-05T07:42:37.345802+00:00,2404,373375.3458017831,True,True,within GNSS interval; piecewise-linear interpolation,2,0.17102821019699943,LOW,100.03352451324463,LOW,16.910552620887756,LOW,-289.67113564456736,-97.8805150960174,23.55722199434431,299.22106043654844,62.90245664759408,23.55722199434431,0,0,0,0,0,0,0,,,,,,,
300m_cross_5,300m横飞5m/s,cross,44,/aqronos_cloud_0,1770277258.3168314,2026-02-05T07:40:58.316831+00:00,1649364633.999984,2022-04-07T20:50:33.999984+00:00,1770277213.0,1770277358.3503559,2026-02-05T07:42:38.350356+00:00,2404,373376.35035581636,True,True,within GNSS interval; piecewise-linear interpolation,2,0.24752345267023615,LOW,100.03352451324463,LOW,16.910552620887756,LOW,-289.9079985144291,-92.98791320447543,23.553063144705842,298.87709557549306,58.01621622549056,23.553063144705842,0,0,0,0,0,0,0,,,,,,,
300m_cross_5,300m横飞5m/s,cross,45,/aqronos_cloud_0,1770277259.2944806,2026-02-05T07:40:59.294481+00:00,1649364634.999993,2022-04-07T20:50:34.999993+00:00,1770277213.0,1770277359.328005,2026-02-05T07:42:39.328005+00:00,2404,373377.32800502825,True,True,within GNSS interval; piecewise-linear interpolation,2,0.32196993443156,LOW,100.03352451324463,LOW,16.910552620887756,LOW,-290.1385175212454,-88.2263491423505,23.549015680919233,298.54234307419796,53.26084325451342,23.549015680919233,0,0,0,0,0,0,0,,,,,,,
300m_cross_5,300m横飞5m/s,cross,46,/aqronos_cloud_0,1770277260.317969,2026-02-05T07:41:00.317969+00:00,1649364635.999844,2022-04-07T20:50:35.999844+00:00,1770277213.0,1770277360.3514936,2026-02-05T07:42:40.351494+00:00,2404,373378.3514935498,True,True,within GNSS interval; piecewise-linear interpolation,2,0.3999070090266784,LOW,100.03352451324463,LOW,16.910552620887756,LOW,-290.3798449366554,-83.2415283056987,23.544778442575726,298.1918949395502,48.28250379241681,23.544778442575726,0,0,0,0,0,0,0,,,,,,,
300m_cross_5,300m横飞5m/s,cross,47,/aqronos_cloud_0,1770277261.3075166,2026-02-05T07:41:01.307517+00:00,1649364636.999858,2022-04-07T20:50:36.999858+00:00,1770277213.0,1770277361.341041,2026-02-05T07:42:41.341041+00:00,2404,373379.3410410409,True,True,within GNSS interval; piecewise-linear interpolation,2,0.4752595264232253,LOW,100.03352451324463,LOW,16.910552620887756,LOW,-290.6131694277582,-78.42201460488548,23.540681719961352,297.85306840160507,43.469256530156244,23.540681719961352,0,0,0,0,0,0,0,,,,,,,
300m_cross_5,300m横飞5m/s,cross,48,/aqronos_cloud_0,1770277262.3102846,2026-02-05T07:41:02.310285+00:00,1649364637.999867,2022-04-07T20:50:37.999867+00:00,1770277213.0,1770277362.3438091,2026-02-05T07:42:42.343809+00:00,2404,373380.3438090806,True,True,within GNSS interval; piecewise-linear interpolation,2,0.5516187682363387,LOW,100.03352451324463,LOW,16.910552620887756,LOW,-290.8496111798404,-73.53811125544178,23.53653026432907,297.5097150746354,38.591703340113725,23.53653026432907,0,0,0,0,0,0,0,,,,,,,
300m_cross_5,300m横飞5m/s,cross,49,/aqronos_cloud_0,1770277263.313496,2026-02-05T07:41:03.313496+00:00,1649364638.999878,2022-04-07T20:50:38.999878+00:00,1770277213.0,1770277363.3470206,2026-02-05T07:42:43.347021+00:00,2404,373381.34702057886,True,True,within GNSS interval; piecewise-linear interpolation,2,0.628011778735586,LOW,100.03352451324463,LOW,16.910552620887756,LOW,-291.0861574946071,-68.65204807576143,23.532376972780156,297.1662099050012,33.71199312809371,23.532376972780156,0,0,0,0,0,0,0,,,,,,,
300m_cross_5,300m横飞5m/s,cross,50,/aqronos_cloud_0,1770277264.321194,2026-02-05T07:41:04.321194+00:00,1649364639.999888,2022-04-07T20:50:39.999888+00:00,1770277213.0,1770277364.3547184,2026-02-05T07:42:44.354718+00:00,2404,373382.3547183995,True,True,within GNSS interval; piecewise-linear interpolation,2,0.7047464157762218,LOW,100.03352451324463,LOW,16.910552620887756,LOW,-291.32376163519933,-63.744134613520266,23.52820510787462,296.82116859374514,28.810461043734648,23.52820510787462,0,0,0,0,0,0,0,,,,,,,
300m_cross_5,300m横飞5m/s,cross,51,/aqronos_cloud_0,1770277265.3185139,2026-02-05T07:41:05.318514+00:00,1649364640.9999,2022-04-07T20:50:40.999900+00:00,1770277213.0,1770277365.3520384,2026-02-05T07:42:45.352038+00:00,2404,373383.3520383363,True,True,within GNSS interval; piecewise-linear interpolation,2,0.7806907929404928,LOW,100.03352451324463,LOW,16.910552620887756,LOW,-291.5589187841068,-58.88676582361301,23.52407620736654,296.4796807273803,23.959407912406057,23.52407620736654,0,0,0,0,0,0,0,,,,,,,
300m_cross_5,300m横飞5m/s,cross,52,/aqronos_cloud_0,1770277266.3116357,2026-02-05T07:41:06.311636+00:00,1649364641.99991,2022-04-07T20:50:41.999910+00:00,1770277213.0,1770277366.3451602,2026-02-05T07:42:46.345160+00:00,2404,373384.3451601987,True,True,within GNSS interval; piecewise-linear interpolation,2,0.8563154932093623,LOW,100.03352451324463,LOW,16.910552620887756,LOW,-291.79308607293376,-54.049843426612746,23.51996468686927,296.1396303049055,19.12877458913114,23.51996468686927,0,0,0,0,0,0,0,,,,,,,
300m_cross_5,300m横飞5m/s,cross,53,/aqronos_cloud_0,1770277267.3129492,2026-02-05T07:41:07.312949+00:00,1649364642.999921,2022-04-07T20:50:42.999921+00:00,1770277213.0,1770277367.3464737,2026-02-05T07:42:47.346474+00:00,2404,373385.34647364664,True,True,within GNSS interval; piecewise-linear interpolation,2,0.9325639701009149,LOW,100.03352451324463,LOW,16.910552620887756,LOW,-292.0291848481673,-49.17302455258508,23.515819253240963,295.7967750382023,14.25829666311268,23.515819253240963,0,0,0,0,0,0,0,,,,,,,
300m_cross_5,300m横飞5m/s,cross,54,/aqronos_cloud_0,1770277268.3242104,2026-02-05T07:41:08.324210+00:00,1649364643.999932,2022-04-07T20:50:43.999932+00:00,1770277213.0,1770277368.357735,2026-02-05T07:42:48.357735+00:00,2404,373386.3577348714,False,False,outside GNSS interval; no extrapolation,-1,,LOW,100.03352451324463,LOW,16.910552620887756,LOW,,,,,,,,,,,,,,,,,,,,
300m_cross_5,300m横飞5m/s,cross,55,/aqronos_cloud_0,1770277269.3183486,2026-02-05T07:41:09.318349+00:00,1649364644.999943,2022-04-07T20:50:44.999943+00:00,1770277213.0,1770277369.3518732,2026-02-05T07:42:49.351873+00:00,2404,373387.3518731122,False,False,outside GNSS interval; no extrapolation,-1,,LOW,100.03352451324463,LOW,16.910552620887756,LOW,,,,,,,,,,,,,,,,,,,,
300m_cross_5,300m横飞5m/s,cross,56,/aqronos_cloud_0,1770277270.3189006,2026-02-05T07:41:10.318901+00:00,1649364645.999954,2022-04-07T20:50:45.999954+00:00,1770277213.0,1770277370.352425,2026-02-05T07:42:50.352425+00:00,2404,373388.3524250512,False,False,outside GNSS interval; no extrapolation,-1,,LOW,100.03352451324463,LOW,16.910552620887756,LOW,,,,,,,,,,,,,,,,,,,,
300m_cross_5,300m横飞5m/s,cross,57,/aqronos_cloud_0,1770277271.324819,2026-02-05T07:41:11.324819+00:00,1649364646.999965,2022-04-07T20:50:46.999965+00:00,1770277213.0,1770277371.3583436,2026-02-05T07:42:51.358344+00:00,2404,373389.358343554,False,False,outside GNSS interval; no extrapolation,-1,,LOW,100.03352451324463,LOW,16.910552620887756,LOW,,,,,,,,,,,,,,,,,,,,
300m_cross_5,300m横飞5m/s,cross,58,/aqronos_cloud_0,1770277272.3228257,2026-02-05T07:41:12.322826+00:00,1649364647.999985,2022-04-07T20:50:47.999985+00:00,1770277213.0,1770277372.3563502,2026-02-05T07:42:52.356350+00:00,2404,373390.3563501363,False,False,outside GNSS interval; no extrapolation,-1,,LOW,100.03352451324463,LOW,16.910552620887756,LOW,,,,,,,,,,,,,,,,,,,,
300m_cross_5,300m横飞5m/s,cross,59,/aqronos_cloud_0,1770277273.3082309,2026-02-05T07:41:13.308231+00:00,1649364648.99999,2022-04-07T20:50:48.999990+00:00,1770277213.0,1770277373.3417554,2026-02-05T07:42:53.341755+00:00,2404,373391.34175534296,False,False,outside GNSS interval; no extrapolation,-1,,LOW,100.03352451324463,LOW,16.910552620887756,LOW,,,,,,,,,,,,,,,,,,,,
300m_cross_5,300m横飞5m/s,cross,60,/aqronos_cloud_0,1770277274.309808,2026-02-05T07:41:14.309808+00:00,1649364649.999843,2022-04-07T20:50:49.999843+00:00,1770277213.0,1770277374.3433325,2026-02-05T07:42:54.343333+00:00,2404,373392.34333248186,False,False,outside GNSS interval; no extrapolation,-1,,LOW,100.03352451324463,LOW,16.910552620887756,LOW,,,,,,,,,,,,,,,,,,,,
300m_cross_5,300m横飞5m/s,cross,61,/aqronos_cloud_0,1770277275.2955954,2026-02-05T07:41:15.295595+00:00,1649364650.999859,2022-04-07T20:50:50.999859+00:00,1770277213.0,1770277375.32912,2026-02-05T07:42:55.329120+00:00,2404,373393.3291198735,False,False,outside GNSS interval; no extrapolation,-1,,LOW,100.03352451324463,LOW,16.910552620887756,LOW,,,,,,,,,,,,,,,,,,,,
300m_cross_5,300m横飞5m/s,cross,62,/aqronos_cloud_0,1770277276.320807,2026-02-05T07:41:16.320807+00:00,1649364651.999862,2022-04-07T20:50:51.999862+00:00,1770277213.0,1770277376.3543315,2026-02-05T07:42:56.354331+00:00,2404,373394.3543314462,False,False,outside GNSS interval; no extrapolation,-1,,LOW,100.03352451324463,LOW,16.910552620887756,LOW,,,,,,,,,,,,,,,,,,,,
300m_cross_5,300m横飞5m/s,cross,63,/aqronos_cloud_0,1770277277.3215692,2026-02-05T07:41:17.321569+00:00,1649364652.999876,2022-04-07T20:50:52.999876+00:00,1770277213.0,1770277377.3550937,2026-02-05T07:42:57.355094+00:00,2404,373395.35509367037,False,False,outside GNSS interval; no extrapolation,-1,,LOW,100.03352451324463,LOW,16.910552620887756,LOW,,,,,,,,,,,,,,,,,,,,
