bag_time_unix_s,candidate_id,condition_id,extent_m,frame_index,intensity_mean,lidar_rank,point_count,radial_velocity_mean_mps,voxel_count,voxel_persistence_fraction,x_m,y_m,z_m
1770273508.3302617,300m_roundtrip_10_e0001,300m_roundtrip_10,1.9456499159756475,18,33.5609756097561,1,41.0,-7.69073172313411,4.0,0.007991696938245979,256.3280542885385,-78.65851127810595,-23.560613120474468
1770273509.3452263,300m_roundtrip_10_e0001,300m_roundtrip_10,1.20033535523233,19,31.0,1,70.0,-5.570999915259225,4.0,0.012583586626139818,259.6934343610491,-79.1326187133789,-23.908868489946638
1770273510.3418534,300m_roundtrip_10_e0001,300m_roundtrip_10,2.3768121043948347,20,28.017857142857142,1,56.0,-4.129642865487507,8.0,0.012613981762917932,262.0636662074498,-79.66360296521869,-24.071838515145437
1770273511.341968,300m_roundtrip_10_e0001,300m_roundtrip_10,2.166512085415554,21,28.869565217391305,1,46.0,-3.085217403328937,8.0,0.009250693802035151,263.8930889627208,-79.82434811799422,-24.437078268631645
1770273512.3209796,300m_roundtrip_10_e0001,300m_roundtrip_10,2.4984923214484005,22,25.11111111111111,1,9.0,-1.4933333264456854,4.0,0.013711583924349883,265.0601738823785,-80.29521772596571,-24.72191619873047
1770273513.3311071,300m_roundtrip_10_e0001,300m_roundtrip_10,0.0,23,47.22727272727273,1,22.0,-0.009999999776482582,1.0,0.05106382978723403,265.22413635253906,-81.00304551558061,-24.822329000993207
1770273514.3398116,300m_roundtrip_10_e0001,300m_roundtrip_10,2.056572653331381,24,47.166666666666664,1,24.0,-0.03041666637485226,3.0,0.04840425531914893,265.2013282775879,-80.93258253733318,-24.842063665390015
1770273515.3348556,300m_roundtrip_10_e0001,300m_roundtrip_10,0.0,25,35.25,1,4.0,-0.05750000011175871,1.0,0.05106382978723404,265.2212829589844,-81.04247856140137,-24.703494548797607
1770273516.3290899,300m_roundtrip_10_e0001,300m_roundtrip_10,1.2496435765258485,26,43.4,1,15.0,-0.007333333666125933,2.0,0.04822695035460992,265.2172709147136,-80.91448974609375,-24.64023119608561
1770273517.3134463,300m_roundtrip_10_e0001,300m_roundtrip_10,1.2980836407784524,27,50.5,1,6.0,-0.0533333346247673,2.0,0.04751773049645389,265.2576090494792,-80.85714848836263,-24.61542574564616
1770273518.3289845,300m_roundtrip_10_e0001,300m_roundtrip_10,1.2024607397396267,28,47.6,1,15.0,-0.046000000461935996,2.0,0.04964539007092198,265.23643391927084,-80.96006876627604,-24.6776917775472
1770273519.336795,300m_roundtrip_10_e0001,300m_roundtrip_10,2.017385883721478,29,26.0,1,4.0,-0.10000000055879354,3.0,0.035106382978723406,265.2867660522461,-80.37454986572266,-24.53563404083252
1770273520.326547,300m_roundtrip_10_e0001,300m_roundtrip_10,0.0,30,38.6,1,5.0,-0.051999999955296514,1.0,0.05106382978723404,265.211962890625,-81.02421264648437,-24.671866607666015
1770273521.3269856,300m_roundtrip_10_e0001,300m_roundtrip_10,0.0,31,44.958333333333336,1,24.0,-0.07666666619479656,1.0,0.05106382978723404,265.2100550333659,-81.03448549906413,-24.798307816187542
1770273522.3345158,300m_roundtrip_10_e0001,300m_roundtrip_10,1.1918321218911339,32,28.5,1,6.0,-0.12666666631897291,2.0,0.04397163120567376,265.3275400797526,-80.71400833129883,-24.461337725321453
1770273523.327191,300m_roundtrip_10_e0001,300m_roundtrip_10,1.16421360218409,33,40.2,1,5.0,-0.03200000002980232,2.0,0.0425531914893617,265.2951293945313,-80.66988067626953,-24.411951065063477
1770273524.3198223,300m_roundtrip_10_e0001,300m_roundtrip_10,0.0,34,48.0,1,3.0,-0.7133333285649618,1.0,0.05106382978723404,265.3587137858073,-81.00835418701172,-24.598084767659504
1770273525.3388886,300m_roundtrip_10_e0001,300m_roundtrip_10,2.77543323528473,35,28.46153846153846,1,39.0,-2.9871794871794872,6.0,0.010692853246044737,266.26675806290064,-80.24178490271935,-24.605089236528446
1770273526.3411467,300m_roundtrip_10_e0001,300m_roundtrip_10,2.0342316869183836,36,21.71875,1,32.0,-5.44562491774559,5.0,0.007446808510638298,268.319899559021,-80.16031193733215,-24.81696331501007
1770273527.3271942,300m_roundtrip_10_e0001,300m_roundtrip_10,4.512778652918898,37,23.06,1,50.0,-5.782199954986572,10.0,0.010382978723404254,271.95313354492185,-79.80890274047852,-25.151829719543457
1770273529.3314426,300m_roundtrip_10_e0001,300m_roundtrip_10,0.0,39,21.125,1,16.0,-9.513749897480011,1.0,0.00425531914893617,282.64738845825195,-79.89332723617554,-26.278462648391724
1770273530.3326888,300m_roundtrip_10_e0001,300m_roundtrip_10,0.0,40,21.333333333333332,1,9.0,-10.307777934604221,1.0,0.01702127659574468,287.76164076063367,-80.27466413709853,-26.768340640597874
1770273531.3286152,300m_roundtrip_10_e0001,300m_roundtrip_10,0.0,41,36.0,1,4.0,-10.922499895095825,1.0,0.00425531914893617,293.09405517578125,-80.51901817321777,-27.366170406341553
1770273533.3306744,300m_roundtrip_10_e0001,300m_roundtrip_10,0.7382041611334942,43,43.93650793650794,1,63.0,-14.406190448337131,2.0,0.01276595744680851,301.60540383959574,-83.17974429660373,-28.11595544360933
1770273527.3271942,300m_roundtrip_10_e0002,300m_roundtrip_10,0.4584099572750035,37,45.457142857142856,2,70.0,0.5888571446495396,3.0,0.014772036474164134,72.8218121119908,4.266079909460885,-0.04048897163676364
1770273528.3278723,300m_roundtrip_10_e0002,300m_roundtrip_10,0.4200771359366796,38,45.83783783783784,2,74.0,0.12108108164692247,4.0,0.01541115583668775,72.68995367514121,4.280666080681053,-0.04853439954033977
1770273529.3314426,300m_roundtrip_10_e0002,300m_roundtrip_10,1.1728557462960856,39,42.333333333333336,2,78.0,-4.082692314416934,3.0,0.012820512820512818,73.37034381964268,4.280928000425681,-0.1044145530412117
1770273530.3326888,300m_roundtrip_10_e0002,300m_roundtrip_10,2.2113888906738204,40,44.62337662337662,2,77.0,-10.964545466683127,6.0,0.00425531914893617,77.42272354720475,4.119748651207267,-0.38091982533405355
1770273531.3286152,300m_roundtrip_10_e0002,300m_roundtrip_10,0.5566967567526963,41,40.48148148148148,2,54.0,-16.312036991119385,3.0,0.00425531914893617,84.07812104401765,3.8804105520248413,-0.8406875630219778
1770273532.3250208,300m_roundtrip_10_e0002,300m_roundtrip_10,2.469467293182419,42,41.68,2,50.0,-15.158199920654297,3.0,0.004255319148936171,91.87435089111328,3.420418076515198,-1.4318333983421325
1770273533.3306744,300m_roundtrip_10_e0002,300m_roundtrip_10,0.7664744315110087,43,40.54761904761905,2,42.0,-12.209047680809384,4.0,0.004255319148936171,98.79706646147228,3.170319676399231,-1.923035252661932
1770273534.3343,300m_roundtrip_10_e0002,300m_roundtrip_10,0.3021861615393815,44,40.56,2,50.0,-5.096600036621094,3.0,0.010723404255319148,103.13336135864257,3.0382605171203614,-2.2375143146514893
1770273535.3306682,300m_roundtrip_10_e0002,300m_roundtrip_10,0.1313768584083748,45,34.2093023255814,2,43.0,0.6376744137946949,2.0,0.00851063829787234,104.31721886923147,2.9844989499380423,-2.3130598179129667
1770273536.342054,300m_roundtrip_10_e0002,300m_roundtrip_10,0.11216348466887857,46,39.61904761904762,2,42.0,0.3323809543535823,2.0,0.012765957446808508,103.78638748895554,2.9747757684616816,-2.278743380591983
1770273537.33704,300m_roundtrip_10_e0002,300m_roundtrip_10,0.1324871473603553,47,40.041666666666664,2,48.0,0.0331249995312343,2.0,0.01276595744680851,103.7029922803243,2.988829160730044,-2.2941691875457764
1770273538.3285444,300m_roundtrip_10_e0002,300m_roundtrip_10,0.17038166723941423,48,38.583333333333336,2,48.0,-4.364166686932246,2.0,0.00851063829787234,104.4332693417867,2.9565749565760293,-2.3538706501324973
1770273539.3357885,300m_roundtrip_10_e0002,300m_roundtrip_10,0.4061614081398729,49,41.795918367346935,2,49.0,-7.490000014402429,2.0,0.00425531914893617,107.74739323830119,2.6792613438197543,-2.745991580340327
1770273540.3100302,300m_roundtrip_10_e0002,300m_roundtrip_10,0.14545727607581516,50,34.638888888888886,2,36.0,-0.5888888940422071,4.0,0.011583924349881798,110.03184000651042,2.520833373069763,-3.0419242117140026
1770273541.340113,300m_roundtrip_10_e0002,300m_roundtrip_10,0.11847087102452822,51,41.666666666666664,2,42.0,0.9414285733586266,2.0,0.01702127659574468,109.55299686250233,2.467040567171006,-2.975110332171122
1770273542.32561,300m_roundtrip_10_e0002,300m_roundtrip_10,0.12758510984715585,52,41.523809523809526,2,42.0,-0.03380952456167766,2.0,0.01702127659574468,109.38201250348773,2.511701839310782,-2.9785445587975636
1770273543.3352995,300m_roundtrip_10_e0002,300m_roundtrip_10,0.30199850696082464,53,35.36734693877551,2,49.0,-4.0473469568758595,4.0,0.013200173686495873,109.96761804697465,2.480092549810604,-2.992559184833449
1770273544.3343868,300m_roundtrip_10_e0002,300m_roundtrip_10,0.3775274948496874,54,39.55,2,40.0,-11.083499956130982,3.0,0.00425531914893617,113.80102710723877,2.2985718846321106,-3.118650484085083
1770273545.3387384,300m_roundtrip_10_e0002,300m_roundtrip_10,0.8513039462754313,55,36.108108108108105,2,37.0,-15.864594639958563,3.0,0.00425531914893617,120.76492618870091,1.9863270553382668,-3.3437803242657638
1770273546.3404276,300m_roundtrip_10_e0002,300m_roundtrip_10,0.0,56,39.51724137931034,2,29.0,-14.197241322747592,1.0,0.00425531914893617,128.43291078764815,1.5658559182594562,-3.593953379269304
1770273547.3405359,300m_roundtrip_10_e0002,300m_roundtrip_10,0.0,57,35.3,2,20.0,-9.906000137329102,1.0,0.00425531914893617,134.72279891967773,1.1611333906650543,-3.7314401149749754
1770273548.331703,300m_roundtrip_10_e0002,300m_roundtrip_10,0.1700223452670397,58,36.708333333333336,2,24.0,-3.520833353201548,2.0,0.011347517730496455,137.95660527547201,0.8183076580365499,-3.7176962196826935
1770273549.338407,300m_roundtrip_10_e0002,300m_roundtrip_10,0.0,59,39.0,2,22.0,1.4213636409152637,1.0,0.00851063829787234,138.33907040682706,0.8655679605223916,-3.6851038499311968
1770273550.3278563,300m_roundtrip_10_e0002,300m_roundtrip_10,0.0,60,40.9375,2,16.0,0.22062500100582838,1.0,0.01276595744680851,137.90261840820312,0.7949522770941257,-3.6449267268180847
1770273551.3391154,300m_roundtrip_10_e0002,300m_roundtrip_10,0.0,61,43.75,2,20.0,0.014499999210238456,1.0,0.01276595744680851,137.89365997314454,0.8628534823656082,-3.6605647444725036
1770273552.3376658,300m_roundtrip_10_e0002,300m_roundtrip_10,0.22226578895210983,62,35.233333333333334,2,30.0,-6.556666628519694,2.0,0.004255319148936171,139.41045328776042,1.196164850393931,-3.698044737180074
1770273553.334971,300m_roundtrip_10_e0002,300m_roundtrip_10,0.7481566467842914,63,35.46153846153846,2,13.0,-12.587692114023062,4.0,0.00425531914893617,144.30577556903546,2.15021982559791,-3.7861393231611986
1770273554.3366232,300m_roundtrip_10_e0002,300m_roundtrip_10,0.7985472406123391,64,30.75,2,20.0,-13.865000009536743,2.0,0.004255319148936171,151.07540969848634,3.410946321487427,-3.8690579652786257
1770273555.3379374,300m_roundtrip_10_e0002,300m_roundtrip_10,0.5453045211230233,65,29.0625,2,16.0,-11.293749988079071,4.0,0.00425531914893617,157.84365272521973,4.7996052503585815,-3.932168588042259
1770273556.3265998,300m_roundtrip_10_e0002,300m_roundtrip_10,0.15260551713883724,66,35.8,2,25.0,-4.312000017166138,2.0,0.01106382978723404,161.57332885742187,5.393034934997559,-3.9179631996154787
1770273557.3277187,300m_roundtrip_10_e0002,300m_roundtrip_10,0.0,67,35.333333333333336,2,18.0,1.2861111097865634,1.0,0.00851063829787234,162.2716522216797,5.493810097376506,-3.814092093043857
1770273558.3346775,300m_roundtrip_10_e0002,300m_roundtrip_10,0.0,68,35.73913043478261,2,23.0,0.17782608856973442,1.0,0.01276595744680851,161.72858329441237,5.353097542472508,-3.759821083234704
1770273559.3259857,300m_roundtrip_10_e0002,300m_roundtrip_10,0.0,69,32.3,2,30.0,0.01866666798790296,1.0,0.01276595744680851,161.7269505818685,5.40731995900472,-3.7586878379185995
1770273560.3413367,300m_roundtrip_10_e0002,300m_roundtrip_10,0.2517615496515763,70,31.85,2,20.0,-4.969500088691712,4.0,0.006595744680851064,162.6351661682129,5.963345217704773,-3.8909940242767336
1770273561.3322003,300m_roundtrip_10_e0002,300m_roundtrip_10,0.0,71,37.4,2,10.0,-10.289999961853027,1.0,0.00425531914893617,166.41908416748046,8.628068447113037,-4.446124315261841
1770273562.327745,300m_roundtrip_10_e0002,300m_roundtrip_10,0.0,72,30.555555555555557,2,27.0,-15.838518425270363,1.0,0.00425531914893617,173.3242012306496,13.466774657920555,-5.384416421254476
1770273563.3465948,300m_roundtrip_10_e0002,300m_roundtrip_10,0.0,73,30.620689655172413,2,29.0,-15.054482788875186,1.0,0.00425531914893617,180.74304304451778,18.545861934793407,-6.460895505444757
1770273564.3347197,300m_roundtrip_10_e0002,300m_roundtrip_10,0.31110106396074527,74,30.647058823529413,2,17.0,-12.94294127295999,2.0,0.00425531914893617,187.80781285903032,23.635556052712833,-7.436668928931741
1770273565.3277013,300m_roundtrip_10_e0002,300m_roundtrip_10,0.23098801398681426,75,32.45454545454545,2,11.0,-6.8399999791925605,2.0,0.00425531914893617,192.17176125266334,26.57002102244984,-8.016492193395441
1770273566.336806,300m_roundtrip_10_e0002,300m_roundtrip_10,0.0,76,33.42857142857143,2,7.0,-1.541428565979004,1.0,0.01276595744680851,194.07764325823103,27.83060782296317,-8.300495420183454
1770273567.333006,300m_roundtrip_10_e0002,300m_roundtrip_10,0.17581005767190916,77,33.22222222222222,2,9.0,0.5711111128330231,2.0,0.01276595744680851,193.93343946668836,27.761292775472004,-8.260093265109592
1770273568.319776,300m_roundtrip_10_e0002,300m_roundtrip_10,0.0,78,32.15384615384615,2,13.0,0.0030769225783072985,1.0,0.01276595744680851,193.83694810133713,27.591986729548527,-8.284873522244967
1770273569.3242004,300m_roundtrip_10_e0002,300m_roundtrip_10,0.16998598437757237,79,25.454545454545453,2,11.0,-1.6827272718602961,2.0,0.012765957446808508,193.91673972389916,27.621884952891957,-8.258808569474654
1770273570.337869,300m_roundtrip_10_e0002,300m_roundtrip_10,0.0,80,24.5,2,6.0,-7.400000015894572,1.0,0.00425531914893617,196.3673528035482,26.81658999125163,-8.449028968811035
1770273571.3261325,300m_roundtrip_10_e0002,300m_roundtrip_10,0.3077028968373492,81,23.88888888888889,2,9.0,-12.393333223130968,4.0,0.00425531914893617,201.46014573838977,24.948259989420574,-8.984364297654894
1770273572.3384724,300m_roundtrip_10_e0002,300m_roundtrip_10,0.0,82,37.25,2,4.0,-16.16249990463257,1.0,0.00425531914893617,208.56483840942383,21.782071590423584,-9.679231643676758
1770273573.3291323,300m_roundtrip_10_e0002,300m_roundtrip_10,0.0,83,29.666666666666668,2,6.0,-16.71999994913737,1.0,0.00425531914893617,217.35706583658853,18.18000825246175,-10.528327782948812
1770273574.3377647,300m_roundtrip_10_e0002,300m_roundtrip_10,0.672216895667862,84,19.5,2,6.0,-15.885000069936117,2.0,0.00425531914893617,225.14808909098306,14.755946636199951,-11.086262702941895
1770273575.329833,300m_roundtrip_10_e0002,300m_roundtrip_10,0.4605032220705228,85,30.166666666666668,2,6.0,-9.681666533152262,2.0,0.00425531914893617,231.89975229899088,12.003318786621094,-11.604598840077719
1770273576.3357399,300m_roundtrip_10_e0002,300m_roundtrip_10,0.6487675482728157,86,25.857142857142858,2,7.0,-4.0257143293108255,3.0,0.00911854103343465,235.664066859654,10.449749265398298,-11.90110342843192
1770273577.3290448,300m_roundtrip_10_e0002,300m_roundtrip_10,0.35959918834514565,87,24.333333333333332,2,3.0,0.5633333474397659,2.0,0.011347517730496455,236.35513814290366,10.127297083536783,-12.009249051411947
1770273578.3446543,300m_roundtrip_10_e0002,300m_roundtrip_10,0.12018432831640759,88,26.0,2,7.0,-0.012857143368039812,2.0,0.006079027355623101,235.9859619140625,10.227740560259138,-12.042351995195661
1770273579.3318567,300m_roundtrip_10_e0002,300m_roundtrip_10,0.0,89,36.0,2,1.0,-0.7099999785423279,1.0,0.01276595744680851,236.01136779785156,10.286245346069336,-11.999702453613281
1770273580.3215132,300m_roundtrip_10_e0002,300m_roundtrip_10,0.096627995979308,90,25.2,2,5.0,-4.2600000381469725,2.0,0.00425531914893617,236.7839813232422,9.906610679626464,-12.024743270874023
1770273581.328571,300m_roundtrip_10_e0002,300m_roundtrip_10,1.762510513628709,91,25.875,2,8.0,-8.067500114440918,4.0,0.00425531914893617,240.46113204956055,7.825795471668243,-11.403106212615967
1770273582.3362198,300m_roundtrip_10_e0002,300m_roundtrip_10,0.0,92,29.0,2,8.0,-5.023750007152557,1.0,0.00425531914893617,243.7990016937256,6.166425287723541,-10.889814257621765
1770273583.342815,300m_roundtrip_10_e0002,300m_roundtrip_10,0.0,93,27.142857142857142,2,7.0,1.1971428734915597,1.0,0.01702127659574468,244.74142456054688,5.530261516571045,-10.589932032993861
1770273584.3305523,300m_roundtrip_10_e0002,300m_roundtrip_10,0.0,94,19.333333333333332,2,3.0,0.5066666702429453,1.0,0.01702127659574468,244.26642354329428,5.844507217407227,-10.534402211507162
1770273585.3343813,300m_roundtrip_10_e0002,300m_roundtrip_10,0.0,95,22.0,2,1.0,0.3700000047683716,1.0,0.01702127659574468,244.05557250976562,5.790553092956543,-10.500862121582031
1770273586.31437,300m_roundtrip_10_e0002,300m_roundtrip_10,0.41944485953711086,96,21.5,2,2.0,-5.430000066757202,2.0,0.010638297872340425,245.13214874267578,5.914390325546265,-10.657729625701904
1770273587.338594,300m_roundtrip_10_e0002,300m_roundtrip_10,2.5125878157796753,97,20.555555555555557,2,9.0,-12.332222196790907,4.0,0.00425531914893617,249.883060031467,5.954492992824978,-11.191300286187065
1770273588.3288097,300m_roundtrip_10_e0002,300m_roundtrip_10,0.8396300495987742,98,14.0,2,4.0,-16.762500286102295,2.0,0.00425531914893617,256.96944427490234,6.130353569984436,-12.105860233306885
1770273589.3342147,300m_roundtrip_10_e0002,300m_roundtrip_10,0.0,99,19.666666666666668,2,3.0,-15.50333340962728,1.0,0.00425531914893617,264.70606486002606,6.344134171803792,-12.910242398579916
1770273590.3273351,300m_roundtrip_10_e0002,300m_roundtrip_10,0.5052829649651122,100,24.5,2,4.0,-12.09500002861023,2.0,0.00425531914893617,272.327392578125,6.477495908737183,-13.873515844345093
1770273591.339938,300m_roundtrip_10_e0002,300m_roundtrip_10,0.0,101,16.0,2,2.0,-5.3999998569488525,1.0,0.00851063829787234,276.4114532470703,6.450137615203857,-14.275506019592285
1770273593.335284,300m_roundtrip_10_e0002,300m_roundtrip_10,0.09939388388406085,103,19.333333333333332,2,3.0,0.050000001986821495,2.0,0.011347517730496455,277.0105285644531,6.630736509958903,-14.389766057332357
1770273594.3367,300m_roundtrip_10_e0002,300m_roundtrip_10,0.0,104,14.5,2,2.0,-0.3099999949336052,1.0,0.01276595744680851,277.0571746826172,6.6595752239227295,-14.378300189971924
1770273595.3160858,300m_roundtrip_10_e0002,300m_roundtrip_10,1.1551883638291003,105,21.5,2,6.0,-4.928333441416423,2.0,0.011347517730496455,277.92523193359375,6.829258680343628,-14.427968819936117
1770273597.3252852,300m_roundtrip_10_e0002,300m_roundtrip_10,0.0,107,22.6,2,5.0,-15.702000045776368,1.0,0.00425531914893617,288.4831848144531,10.553762435913086,-14.656022262573241
1770273598.3287334,300m_roundtrip_10_e0002,300m_roundtrip_10,0.5202097257671962,108,25.5,2,2.0,-14.074999809265137,2.0,0.00425531914893617,296.18463134765625,13.785212516784668,-14.910706043243408
1770273599.323694,300m_roundtrip_10_e0002,300m_roundtrip_10,0.0,109,22.333333333333332,2,3.0,-10.890000025431315,1.0,0.00425531914893617,302.58582560221356,16.091835021972656,-14.909351348876953
1770273623.164084,300m_roundtrip_10_e0003,300m_roundtrip_10,0.0,134,21.0,3,6.0,3.8383334477742515,1.0,0.01702127659574468,294.6616923014323,-19.764768918355305,-12.422446727752686
1770273623.4541862,300m_roundtrip_10_e0003,300m_roundtrip_10,0.0,135,21.0,3,6.0,3.8383334477742515,1.0,0.01702127659574468,294.6616923014323,-19.764768918355305,-12.422446727752686
1770273624.3488445,300m_roundtrip_10_e0003,300m_roundtrip_10,0.0,136,27.0,3,4.0,-1.3524999916553497,1.0,0.01702127659574468,294.0712890625,-19.76425838470459,-12.26988959312439
1770273626.3463905,300m_roundtrip_10_e0003,300m_roundtrip_10,0.0,138,23.0,3,1.0,0.18000000715255737,1.0,0.01702127659574468,294.4747009277344,-19.62896156311035,-12.43421459197998
1770273627.3462672,300m_roundtrip_10_e0003,300m_roundtrip_10,0.0,139,18.25,3,4.0,5.632500052452087,1.0,0.00425531914893617,293.43712615966797,-19.603914737701416,-12.338953971862793
1770273628.3459017,300m_roundtrip_10_e0003,300m_roundtrip_10,0.0,140,22.666666666666668,3,3.0,11.646666844685873,1.0,0.00425531914893617,289.25848388671875,-19.842288970947266,-11.760004361470541
1770273629.3437538,300m_roundtrip_10_e0003,300m_roundtrip_10,0.23835060030626265,141,26.75,3,4.0,13.664999723434448,2.0,0.00425531914893617,282.4520263671875,-20.15982151031494,-10.957545042037964
1770273630.3333983,300m_roundtrip_10_e0003,300m_roundtrip_10,0.6589050526832048,142,21.636363636363637,3,11.0,11.813636432994496,2.0,0.00425531914893617,275.9889387650923,-20.487239490855824,-10.228802854364568
1770273631.3482852,300m_roundtrip_10_e0003,300m_roundtrip_10,0.0,143,19.94736842105263,3,19.0,3.856842128854049,1.0,0.01702127659574468,271.85145006681745,-20.398738660310443,-9.808075453105726
1770273632.3286922,300m_roundtrip_10_e0003,300m_roundtrip_10,0.0,144,25.23076923076923,3,13.0,-1.556923086826618,1.0,0.01702127659574468,271.31734525240387,-20.402446746826172,-9.80508041381836
1770273633.3462224,300m_roundtrip_10_e0003,300m_roundtrip_10,0.0,145,28.375,3,16.0,-0.18624999979510903,1.0,0.01702127659574468,271.85192108154297,-20.423594117164612,-9.875965893268585
1770273634.3448184,300m_roundtrip_10_e0003,300m_roundtrip_10,0.13190892262743623,146,23.294117647058822,3,17.0,0.10588234794490478,2.0,0.012515644555694618,271.84180585075825,-20.41114403219784,-9.941042675691492
1770273635.3389277,300m_roundtrip_10_e0003,300m_roundtrip_10,0.4864970028925365,147,24.571428571428573,3,7.0,5.064285618918283,2.0,0.00425531914893617,270.8579755510603,-20.25667381286621,-9.727973937988281
1770273636.3406007,300m_roundtrip_10_e0003,300m_roundtrip_10,0.4972455017927881,148,26.833333333333332,3,12.0,11.21500007311503,2.0,0.00425531914893617,266.69334665934247,-18.78208875656128,-9.3291707833608
1770273637.3265784,300m_roundtrip_10_e0003,300m_roundtrip_10,0.0,149,24.6,3,5.0,15.907999992370605,1.0,0.00425531914893617,260.125732421875,-16.6069393157959,-8.686241722106933
1770273638.3287127,300m_roundtrip_10_e0003,300m_roundtrip_10,0.9331448558372373,150,27.333333333333332,3,12.0,16.121666590372723,2.0,0.00425531914893617,251.34780756632486,-13.672679901123047,-7.7607823212941485
1770273639.342624,300m_roundtrip_10_e0003,300m_roundtrip_10,0.22164843689221134,151,21.714285714285715,3,7.0,13.718571390424456,2.0,0.00425531914893617,243.6456298828125,-11.513314110892159,-6.921380724225726
1770273640.3325102,300m_roundtrip_10_e0003,300m_roundtrip_10,0.23135232716658144,152,22.714285714285715,3,7.0,5.927142892565046,2.0,0.00425531914893617,238.7579629080636,-9.986042295183454,-6.362710203443255
1770273641.337712,300m_roundtrip_10_e0003,300m_roundtrip_10,0.0,153,23.166666666666668,3,6.0,0.6616666615009308,1.0,0.01702127659574468,237.18638865152994,-9.51169220606486,-6.275046030680339
1770273642.348551,300m_roundtrip_10_e0003,300m_roundtrip_10,0.0,154,13.333333333333334,3,3.0,-0.5333333313465118,1.0,0.01702127659574468,237.5789591471354,-9.630696614583334,-6.392414251963298
1770273643.3428798,300m_roundtrip_10_e0003,300m_roundtrip_10,0.0,155,27.5,3,10.0,0.1810000017285347,1.0,0.01702127659574468,237.52273254394532,-9.438061809539795,-6.424180889129639
1770273644.332859,300m_roundtrip_10_e0003,300m_roundtrip_10,0.0,156,19.25,3,4.0,2.3999999165534973,1.0,0.01702127659574468,237.24227142333984,-9.52191424369812,-6.324006795883179
1770273645.3296638,300m_roundtrip_10_e0003,300m_roundtrip_10,0.15149266315025958,157,28.583333333333332,3,12.0,8.46666661898295,2.0,0.00425531914893617,234.53307978312174,-8.357656160990397,-6.019038359324138
1770273646.3399472,300m_roundtrip_10_e0003,300m_roundtrip_10,0.6995088416938806,158,28.285714285714285,3,7.0,14.04857131413051,2.0,0.00425531914893617,228.476078578404,-5.041951383863177,-5.282038416181292
1770273647.3261209,300m_roundtrip_10_e0003,300m_roundtrip_10,0.9240293698655886,159,23.875,3,8.0,14.263749837875366,3.0,0.004255319148936171,221.3150749206543,-1.7934460639953613,-4.399261713027954
1770273648.3132696,300m_roundtrip_10_e0003,300m_roundtrip_10,0.0,160,23.444444444444443,3,9.0,11.702222188313803,1.0,0.00425531914893617,214.14510091145834,1.8466382424036663,-3.5979783799913196
1770273649.314517,300m_roundtrip_10_e0003,300m_roundtrip_10,0.1765444022624766,161,29.0,3,11.0,4.79909086227417,2.0,0.00735009671179884,210.03659889914772,3.762358687140725,-3.068674239245328
1770273650.3372593,300m_roundtrip_10_e0003,300m_roundtrip_10,0.0,162,27.22222222222222,3,9.0,-0.21444444523917305,1.0,0.00851063829787234,208.8463897705078,4.252183967166477,-2.912444644504123
1770273651.3393295,300m_roundtrip_10_e0003,300m_roundtrip_10,0.26183561688550966,163,29.11111111111111,3,9.0,-0.5866666634877523,4.0,0.009456264775413711,209.28095499674478,4.102887100643581,-3.0441000726487903
1770273652.3309116,300m_roundtrip_10_e0003,300m_roundtrip_10,0.20723317593279905,164,29.0,3,10.0,-0.016000001691281796,4.0,0.011063829787234043,209.29119567871095,3.9774288177490233,-3.0349297761917113
1770273653.341594,300m_roundtrip_10_e0003,300m_roundtrip_10,0.08046454046276338,165,28.571428571428573,3,7.0,3.731428555079869,2.0,0.00729483282674772,208.78300040108817,4.105020318712507,-2.955965689250401
1770273654.3317573,300m_roundtrip_10_e0003,300m_roundtrip_10,0.3901912706663003,166,26.333333333333332,3,9.0,9.895555602179634,2.0,0.00425531914893617,205.31373596191406,4.743773831261529,-2.5506098535325794
1770273655.3333588,300m_roundtrip_10_e0003,300m_roundtrip_10,0.4113976888518798,167,22.5,3,4.0,14.34249997138977,2.0,0.00425531914893617,198.96059036254883,5.786575555801392,-1.755905270576477
1770273656.3361535,300m_roundtrip_10_e0003,300m_roundtrip_10,0.36063917473097973,168,31.0,3,5.0,14.042000198364258,2.0,0.004255319148936171,191.6644256591797,7.044931316375733,-0.9008404850959778
1770273657.3423936,300m_roundtrip_10_e0003,300m_roundtrip_10,0.0,169,33.27272727272727,3,11.0,8.167272871190852,1.0,0.00425531914893617,185.24564569646662,8.5458345413208,-0.11788186532529918
1770273658.3176804,300m_roundtrip_10_e0003,300m_roundtrip_10,0.30237650339174765,170,31.714285714285715,3,7.0,1.5142857347215926,2.0,0.00425531914893617,182.90363420758928,9.013974462236677,0.10712372618062156
1770273659.3358326,300m_roundtrip_10_e0003,300m_roundtrip_10,0.3383642643288006,171,32.5,3,4.0,-1.3050000071525574,2.0,0.011702127659574468,183.24469757080078,8.935678482055664,0.07329937815666199
1770273660.316286,300m_roundtrip_10_e0003,300m_roundtrip_10,0.12917899093467086,172,28.333333333333332,3,6.0,-0.09999999900658925,2.0,0.011347517730496455,183.47212982177734,8.874733289082846,-0.0030596116557717323
1770273661.3299685,300m_roundtrip_10_e0003,300m_roundtrip_10,0.2587297838550975,173,27.0,3,11.0,1.1218181956898083,4.0,0.00851063829787234,183.45010098544034,9.021324504505504,-0.02334244600073858
1770273662.3363645,300m_roundtrip_10_e0003,300m_roundtrip_10,0.0,174,38.0,3,9.0,7.446666611565484,1.0,0.00425531914893617,181.34086100260416,9.203801472981771,0.22964768608411154
1770273663.3171966,300m_roundtrip_10_e0003,300m_roundtrip_10,0.19013660825740838,175,29.642857142857142,3,14.0,12.831428323473249,2.0,0.00425531914893617,176.07763889857702,9.589422225952148,0.8627762368747166
1770273664.3297238,300m_roundtrip_10_e0003,300m_roundtrip_10,1.0724241018804521,176,37.9,3,10.0,14.885999965667725,2.0,0.00425531914893617,169.11219787597656,10.150854778289794,1.6877402782440185
1770273665.3411624,300m_roundtrip_10_e0003,300m_roundtrip_10,0.6983047613852553,177,29.857142857142858,3,7.0,12.338571275983538,2.0,0.00425531914893617,161.72504534040178,10.797365052359444,2.5854287488119945
1770273666.3207862,300m_roundtrip_10_e0003,300m_roundtrip_10,0.3231620991727565,178,33.34782608695652,3,23.0,4.518695644710375,4.0,0.012395929694727104,157.55099420962125,11.138155315233314,3.0376845339070195
1770273667.338462,300m_roundtrip_10_e0003,300m_roundtrip_10,0.0,179,35.07142857142857,3,28.0,-1.1285714315516608,1.0,0.00851063829787234,156.66216605050224,11.17772388458252,3.137577635901315
1770273668.3367612,300m_roundtrip_10_e0003,300m_roundtrip_10,0.251184450936837,180,35.8235294117647,3,17.0,-0.2582352959057864,3.0,0.01276595744680851,157.17117758358225,11.022970536175896,3.0328425098867977
1770273669.332333,300m_roundtrip_10_e0003,300m_roundtrip_10,0.2637590963405668,181,37.125,3,24.0,0.08124999973612528,4.0,0.011879432624113473,157.20277086893717,10.9689572652181,3.0311003724733987
1770273670.3418198,300m_roundtrip_10_e0003,300m_roundtrip_10,0.3691845555896532,182,34.77272727272727,3,22.0,4.650000030344183,3.0,0.007543520309477757,156.327429337935,11.112948461012406,3.104951034892689
1770273671.3313897,300m_roundtrip_10_e0003,300m_roundtrip_10,0.0,183,39.35,3,20.0,10.596999883651733,1.0,0.00425531914893617,152.36135482788086,11.172838115692139,3.604011058807373
1770273672.3417747,300m_roundtrip_10_e0003,300m_roundtrip_10,0.0,184,30.9375,3,16.0,14.941249966621399,1.0,0.00425531914893617,145.418212890625,11.330614030361176,4.408429205417633
1770273673.3364716,300m_roundtrip_10_e0003,300m_roundtrip_10,0.5063283221950633,185,36.92,3,25.0,14.454000015258789,2.0,0.00425531914893617,137.93271606445313,11.41743148803711,5.280373764038086
1770273674.3296895,300m_roundtrip_10_e0003,300m_roundtrip_10,0.3769413500860793,186,36.74074074074074,3,27.0,7.892592536078559,4.0,0.00425531914893617,132.1711917453342,11.538695476673267,5.960981316036648
1770273675.341796,300m_roundtrip_10_e0003,300m_roundtrip_10,0.0,187,37.8125,3,16.0,1.3393749967217445,1.0,0.00425531914893617,129.87799167633057,11.545067071914673,6.265782415866852
1770273676.3280199,300m_roundtrip_10_e0003,300m_roundtrip_10,0.0,188,38.22222222222222,3,18.0,-1.0838888949818082,1.0,0.01276595744680851,130.24202813042535,11.544752279917398,6.172307809193929
1770273677.3410301,300m_roundtrip_10_e0003,300m_roundtrip_10,0.15818893915273113,189,30.666666666666668,3,15.0,-0.00933333436648051,2.0,0.012198581560283688,130.39856974283853,11.538523419698079,6.125402736663818
1770273678.3329551,300m_roundtrip_10_e0003,300m_roundtrip_10,0.0,190,31.105263157894736,3,19.0,1.76999999347486,1.0,0.01276595744680851,130.22655286287008,11.568032565869784,6.133394216236315
1770273679.3431542,300m_roundtrip_10_e0003,300m_roundtrip_10,0.0,191,32.15,3,20.0,8.050999975204467,1.0,0.00425531914893617,127.64693565368653,11.55935697555542,6.360115551948548
1770273680.3289864,300m_roundtrip_10_e0003,300m_roundtrip_10,0.0,192,32.470588235294116,3,17.0,13.05470584420597,1.0,0.00425531914893617,122.23962267707375,11.56585693359375,6.721299956826603
1770273681.3363633,300m_roundtrip_10_e0003,300m_roundtrip_10,0.5840776451765183,193,37.05882352941177,3,34.0,14.791764680077048,2.0,0.004255319148936169,114.98326380112591,11.476482840145335,7.272086690453922
1770273682.329519,300m_roundtrip_10_e0003,300m_roundtrip_10,0.41510903098339524,194,42.020833333333336,3,48.0,11.268124997615814,2.0,0.00425531914893617,108.06855726242065,11.482137223084768,7.875150700410207
1770273683.3390505,300m_roundtrip_10_e0003,300m_roundtrip_10,0.6804709857231246,195,38.87096774193548,3,31.0,2.973225801221786,2.0,0.016884008236101578,104.49401092529297,11.582575090469852,8.239986450441423
1770273684.3228624,300m_roundtrip_10_e0003,300m_roundtrip_10,0.0,196,41.0,3,24.0,-1.458333323399226,1.0,0.01702127659574468,104.21804841359456,11.624805847803751,8.280104041099548
1770273685.3332174,300m_roundtrip_10_e0003,300m_roundtrip_10,0.6213549235538129,197,37.266666666666666,3,30.0,-0.29433333575725557,2.0,0.016595744680851062,104.64855931599935,11.581962935129802,8.186207262674968
1770273686.315964,300m_roundtrip_10_e0003,300m_roundtrip_10,0.6145715207102551,198,42.035714285714285,3,28.0,0.29071428453815834,2.0,0.016869300911854103,104.50977597917829,11.574358906064715,8.15592554637364
1770273687.3296833,300m_roundtrip_10_e0003,300m_roundtrip_10,0.34972796981443777,199,36.94117647058823,3,34.0,5.69588236247792,3.0,0.005757196495619525,103.16186882467831,11.6784709481632,7.933269921471091
1770273688.339518,300m_roundtrip_10_e0003,300m_roundtrip_10,0.4323255980718227,200,44.36666666666667,3,30.0,11.314000097910563,2.0,0.004255319148936171,98.66848424275716,11.603135458628337,7.391217438379924
1770273689.3284001,300m_roundtrip_10_e0003,300m_roundtrip_10,1.5484871482804248,201,44.71153846153846,3,52.0,15.744423151016235,3.0,0.00425531914893617,91.69872694749098,11.552379901592548,6.622254518362192
1770273690.3416781,300m_roundtrip_10_e0003,300m_roundtrip_10,0.7464861313342953,202,48.12765957446808,3,47.0,15.50255312818162,4.0,0.00425531914893617,83.88230376547955,11.511985028043707,5.97454693976869
1770273691.3276522,300m_roundtrip_10_e0003,300m_roundtrip_10,0.4835163116293118,203,39.87692307692308,3,65.0,9.305692254579984,2.0,0.00425531914893617,77.18095433161808,11.607559849665716,5.412416590177096
1770273692.3296232,300m_roundtrip_10_e0004,300m_roundtrip_10,0.24411245801904588,204,44.732394366197184,4,71.0,1.4673239404047038,4.0,0.0082109679352712,74.91601541008748,11.640659345707423,4.960443852652966
1770273693.3276713,300m_roundtrip_10_e0004,300m_roundtrip_10,0.0,205,47.37777777777778,4,45.0,-1.3306666824552749,1.0,0.01702127659574468,75.35639004177517,11.600252532958985,4.833281962076823
1770273694.3292356,300m_roundtrip_10_e0004,300m_roundtrip_10,0.0,206,44.94642857142857,4,56.0,0.07428571575188211,1.0,0.01702127659574468,75.61073507581439,11.616220848900932,4.76341279063906
1770273695.3350046,300m_roundtrip_10_e0004,300m_roundtrip_10,0.6126616157373692,207,40.2093023255814,4,43.0,1.4253488293913907,2.0,0.01682335477486393,75.41626366903616,11.620309718819552,4.779177432836488
1770273696.322828,300m_roundtrip_10_e0004,300m_roundtrip_10,0.4337586253270053,208,46.567567567567565,4,74.0,7.3890540342073185,2.0,0.00425531914893617,73.21548554703996,11.528832242295548,4.6233535908363965
1770273697.3318574,300m_roundtrip_10_e0004,300m_roundtrip_10,0.4784980199630235,209,47.013333333333335,4,75.0,12.34440003712972,2.0,0.00425531914893617,68.26934967041015,11.414229787190756,4.181026465098063
1770273698.32484,300m_roundtrip_10_e0004,300m_roundtrip_10,2.3398358703917284,210,45.34375,4,32.0,14.239999980316497,3.0,0.00425531914893617,60.83575177192688,11.236984968185425,3.6767317429184914
1770273699.3263533,300m_roundtrip_10_e0004,300m_roundtrip_10,2.369310601671232,211,45.86363636363637,4,88.0,10.935340871187774,5.0,0.00425531914893617,53.88260915062644,11.045524564656345,3.2659296718510715
1770273700.3372507,300m_roundtrip_10_e0004,300m_roundtrip_10,1.4234585803853594,212,50.810810810810814,4,37.0,2.998918932837409,5.0,0.015181138585393905,50.476523837527715,10.958539447268924,2.9336523751954773
1770273702.3255818,300m_roundtrip_10_e0004,300m_roundtrip_10,0.0990937078183999,214,59.96666666666667,4,30.0,0.11366666828592618,2.0,0.014609929078014183,50.65115877787272,10.998767407735189,2.790267999966939
1770273703.3357687,300m_roundtrip_10_e0004,300m_roundtrip_10,0.15075946045071825,215,42.5,4,4.0,-3.5074997693300247,2.0,0.014893617021276596,50.48933792114258,11.000279426574707,2.807569205760956
1770273595.3160858,300m_roundtrip_10_e0005,300m_roundtrip_10,0.0,105,21.6,5,5.0,-0.02799999974668026,1.0,0.08936170212765958,265.7722900390625,33.9499267578125,-25.002813720703124
1770273596.328629,300m_roundtrip_10_e0005,300m_roundtrip_10,0.0,106,23.0,5,8.0,-0.06750000012107193,1.0,0.08936170212765958,265.78455352783203,33.979177951812744,-25.050889015197754
1770273597.3252852,300m_roundtrip_10_e0005,300m_roundtrip_10,1.4973497392982313,107,20.333333333333332,5,3.0,-0.0833333320915699,2.0,0.075177304964539,265.9355773925781,34.43332163492838,-25.045005162556965
1770273598.3287334,300m_roundtrip_10_e0005,300m_roundtrip_10,1.8698317664984532,108,14.0,5,3.0,-0.10000000024835269,2.0,0.10638297872340426,265.7663981119792,35.9084587097168,-24.689171473185223
1770273599.323694,300m_roundtrip_10_e0005,300m_roundtrip_10,0.0,109,20.333333333333332,5,3.0,-0.05333333214124044,1.0,0.17446808510638298,265.23073323567706,37.0254275004069,-24.925106684366863
1770273601.349527,300m_roundtrip_10_e0005,300m_roundtrip_10,2.6117010834865946,111,20.6,5,5.0,-0.43400000035762787,3.0,0.08,265.14000244140624,35.64789733886719,-25.055692672729492
1770273603.3451245,300m_roundtrip_10_e0005,300m_roundtrip_10,2.9738481134409764,113,23.4,5,5.0,1.38799991607666,4.0,0.0978723404255319,267.5337890625,28.172504043579103,-25.081798934936522
1770273524.3198223,300m_roundtrip_10_e0006,300m_roundtrip_10,0.0,34,13.25,6,4.0,-4.3450000286102295,1.0,0.00851063829787234,252.80002212524414,-77.69787788391113,-23.297946453094482
1770273525.3388886,300m_roundtrip_10_e0006,300m_roundtrip_10,0.39754630072859587,35,18.0,6,7.0,-2.971428598676409,2.0,0.01702127659574468,254.37181963239397,-77.87960924421039,-23.22290093558175
1770273526.3411467,300m_roundtrip_10_e0006,300m_roundtrip_10,0.0,36,24.5,6,8.0,-2.567500025033951,1.0,0.01276595744680851,255.64719200134277,-78.14134979248047,-23.55378794670105
1770273527.3271942,300m_roundtrip_10_e0006,300m_roundtrip_10,0.2906456275751229,37,24.823529411764707,6,17.0,-2.2658823377945843,2.0,0.009511889862327911,256.7229578354779,-78.29536617503447,-23.839167875402115
1770273528.3278723,300m_roundtrip_10_e0006,300m_roundtrip_10,1.1966867458002317,38,24.0,6,9.0,-3.079999976687961,3.0,0.010401891252955082,257.867180718316,-78.73876614040799,-23.958390977647568
1770273529.3314426,300m_roundtrip_10_e0006,300m_roundtrip_10,1.4837350775748759,39,16.5,6,8.0,-4.658749997615814,5.0,0.010638297872340427,259.7937126159668,-78.67590236663818,-23.96202850341797
1770273549.338407,300m_roundtrip_10_e0007,300m_roundtrip_10,1.8173545312254458,59,20.0,7,3.0,-0.10333333164453506,2.0,0.03971631205673759,322.6411641438802,60.69026311238607,-29.69215202331543
1770273550.3278563,300m_roundtrip_10_e0007,300m_roundtrip_10,0.0,60,17.0,7,1.0,-0.23999999463558197,1.0,0.19148936170212766,326.19403076171875,61.30900955200195,-28.417835235595703
1770273551.3391154,300m_roundtrip_10_e0007,300m_roundtrip_10,4.504676116110989,61,20.46153846153846,7,13.0,-0.11461538749818619,5.0,0.13518821603927986,326.05047842172473,63.76955765944261,-30.28102258535532
1770273552.3376658,300m_roundtrip_10_e0007,300m_roundtrip_10,0.0,62,18.333333333333332,7,3.0,-0.13000000144044557,1.0,0.13191489361702127,325.6980387369792,64.9855448404948,-30.585627873738606
1770273553.334971,300m_roundtrip_10_e0007,300m_roundtrip_10,3.61902696569438,63,14.0,7,4.0,0.42750000674277544,4.0,0.11170212765957448,326.0415802001953,67.76631736755371,-29.79259157180786
1770273554.3366232,300m_roundtrip_10_e0007,300m_roundtrip_10,3.6623796593428515,64,15.666666666666666,7,3.0,0.15000000596046448,3.0,0.12340425531914893,326.35280354817706,67.83017476399739,-29.68063481648763
1770273555.3379374,300m_roundtrip_10_e0007,300m_roundtrip_10,0.0,65,18.5,7,2.0,0.255000002682209,1.0,0.07659574468085106,324.90472412109375,68.2139892578125,-29.877549171447754
1770273556.3265998,300m_roundtrip_10_e0007,300m_roundtrip_10,1.7238749812503202,66,14.0,7,2.0,-0.06500000320374966,2.0,0.06382978723404255,327.1610565185547,68.85427856445312,-29.87022876739502
1770273557.3277187,300m_roundtrip_10_e0007,300m_roundtrip_10,0.0,67,18.0,7,4.0,-0.1425000037997961,1.0,0.04680851063829787,329.1649398803711,66.98555564880371,-30.983149528503418
1770273558.3346775,300m_roundtrip_10_e0007,300m_roundtrip_10,1.9047461803314256,68,21.571428571428573,7,7.0,0.0014285713966403688,2.0,0.1458966565349544,328.42892020089283,65.67740304129464,-30.807391575404576
1770273559.3259857,300m_roundtrip_10_e0007,300m_roundtrip_10,4.14930964187113,69,20.625,7,8.0,0.1875000346917659,6.0,0.1356382978723404,325.78726959228516,61.05440902709961,-29.38503408432007
1770273560.3413367,300m_roundtrip_10_e0007,300m_roundtrip_10,1.7872408102326782,70,21.333333333333332,7,3.0,-2.4066667556762695,2.0,0.1404255319148936,322.38140869140625,59.1056162516276,-29.26639175415039
1770273548.331703,300m_roundtrip_10_e0008,300m_roundtrip_10,0.0,58,16.666666666666668,8,3.0,-0.020000000173846882,1.0,0.08936170212765958,201.99091084798178,-58.651344299316406,-19.145167032877605
1770273549.338407,300m_roundtrip_10_e0008,300m_roundtrip_10,0.0,59,16.0,8,1.0,-0.05000000074505806,1.0,0.08936170212765958,201.9877166748047,-58.65041732788086,-19.144865036010742
1770273550.3278563,300m_roundtrip_10_e0008,300m_roundtrip_10,0.0,60,18.333333333333332,8,3.0,-0.043333333606521286,1.0,0.08936170212765958,201.97923278808594,-58.69192250569662,-19.14405886332194
1770273551.3391154,300m_roundtrip_10_e0008,300m_roundtrip_10,0.0,61,29.833333333333332,8,6.0,-0.026666666691501934,1.0,0.14468085106382977,201.50635782877603,-59.43068186442057,-19.017913182576496
1770273552.3376658,300m_roundtrip_10_e0008,300m_roundtrip_10,0.0,62,24.0,8,1.0,2.1700000762939453,1.0,0.14468085106382977,201.9928741455078,-59.572486877441406,-19.002695083618164
1770273553.334971,300m_roundtrip_10_e0008,300m_roundtrip_10,2.0476707171795834,63,22.333333333333332,8,3.0,0.11666669448216756,2.0,0.13191489361702127,202.33282979329428,-59.93594106038412,-18.645355860392254
1770273554.3366232,300m_roundtrip_10_e0008,300m_roundtrip_10,2.155079762589625,64,19.0,8,2.0,2.8349997997283936,2.0,0.1021276595744681,200.2932586669922,-61.08088493347168,-17.409499168395996
1770273555.3379374,300m_roundtrip_10_e0008,300m_roundtrip_10,1.7993547547621374,65,23.0,8,2.0,-2.7750000953674316,2.0,0.07659574468085106,198.1982192993164,-62.54791831970215,-17.745027542114258
1770273556.3265998,300m_roundtrip_10_e0008,300m_roundtrip_10,1.8294848674665096,66,25.2,8,5.0,0.04399999976158142,2.0,0.14212765957446807,194.82105102539063,-63.98943176269531,-17.83965148925781
1770273597.3252852,300m_roundtrip_10_e0009,300m_roundtrip_10,2.5279995651124043,107,23.333333333333332,9,3.0,1.2466668194780748,3.0,0.14184397163120568,275.4554443359375,-65.52364095052083,-24.654691696166992
1770273598.3287334,300m_roundtrip_10_e0009,300m_roundtrip_10,3.4082520938736494,108,16.25,9,4.0,-2.907499981112778,4.0,0.13191489361702127,274.0888900756836,-68.17356872558594,-23.24451780319214
1770273599.323694,300m_roundtrip_10_e0009,300m_roundtrip_10,5.48546577470437,109,17.6,9,5.0,-1.869999909028411,5.0,0.13787234042553193,275.2058837890625,-67.32371368408204,-24.085803604125978
1770273600.3221464,300m_roundtrip_10_e0009,300m_roundtrip_10,0.0,110,18.0,9,1.0,-2.25,1.0,0.18723404255319148,272.5664367675781,-67.97838592529297,-24.13036346435547
1770273601.349527,300m_roundtrip_10_e0009,300m_roundtrip_10,0.0,111,30.5,9,2.0,-0.0400000000372529,1.0,0.10638297872340426,269.6371154785156,-66.84293365478516,-25.040010452270508
1770273602.3435137,300m_roundtrip_10_e0009,300m_roundtrip_10,2.184097671849884,112,17.0,9,3.0,6.47666613260905,3.0,0.08368794326241134,266.013427734375,-64.58267974853516,-24.122227986653645
1770273603.3451245,300m_roundtrip_10_e0009,300m_roundtrip_10,0.0,113,16.0,9,1.0,-2.25,1.0,0.1829787234042553,262.5181579589844,-64.34956359863281,-24.299470901489258
1770273604.3448553,300m_roundtrip_10_e0009,300m_roundtrip_10,0.0,114,7.0,9,1.0,0.019999999552965164,1.0,0.12340425531914893,259.4372253417969,-67.90276336669922,-22.157691955566406
1770273605.3198435,300m_roundtrip_10_e0009,300m_roundtrip_10,1.1252524869873366,115,19.333333333333332,9,3.0,0.5133333702882131,2.0,0.075177304964539,257.240234375,-69.04372151692708,-22.92887306213379
1770273607.3303707,300m_roundtrip_10_e0009,300m_roundtrip_10,0.0,117,27.0,9,1.0,-0.029999999329447746,1.0,0.04680851063829787,258.21112060546875,-69.07051086425781,-24.05706024169922
1770273608.3387814,300m_roundtrip_10_e0009,300m_roundtrip_10,1.5843322272985942,118,13.25,9,4.0,-0.13500000163912773,2.0,0.09042553191489362,259.8110580444336,-68.50625228881836,-23.898516178131104
1770273609.342522,300m_roundtrip_10_e0009,300m_roundtrip_10,2.6099915424381006,119,18.5,9,8.0,0.11375000840052962,4.0,0.11861702127659575,261.1361427307129,-68.56892776489258,-24.59300994873047
1770273610.3366494,300m_roundtrip_10_e0009,300m_roundtrip_10,0.0,120,12.0,9,1.0,-10.930000305175781,1.0,0.1702127659574468,259.6001281738281,-66.7874526977539,-23.81992530822754
1770273611.3373876,300m_roundtrip_10_e0009,300m_roundtrip_10,0.0,121,18.0,9,1.0,-0.029999999329447746,1.0,0.14042553191489363,261.7132873535156,-68.74790954589844,-24.620960235595703
1770273612.3336003,300m_roundtrip_10_e0009,300m_roundtrip_10,0.0,122,16.0,9,5.0,-0.03399999961256981,1.0,0.14042553191489363,261.6921020507813,-68.74235229492187,-24.61896667480469
1770273613.3325524,300m_roundtrip_10_e0009,300m_roundtrip_10,2.173875815840742,123,14.5,9,2.0,-5.245000123977661,2.0,0.06808510638297872,261.1071472167969,-67.02815628051758,-23.604108810424805
1770273614.3368125,300m_roundtrip_10_e0009,300m_roundtrip_10,1.9640421625294038,124,22.5,9,2.0,-8.719999313354492,2.0,0.1,262.7241668701172,-63.8880558013916,-23.94929313659668
1770273615.3428814,300m_roundtrip_10_e0009,300m_roundtrip_10,0.7279375703544053,125,15.5,9,4.0,-5.322499990463257,2.0,0.15212765957446808,268.5653839111328,-63.043049812316895,-24.764495372772217
1770273599.323694,300m_roundtrip_10_e0010,300m_roundtrip_10,2.326581622118887,109,22.5,10,4.0,-4.656612873077393e-10,3.0,0.17021276595744683,326.16053009033203,62.50882053375244,-29.582094192504883
1770273600.3221464,300m_roundtrip_10_e0010,300m_roundtrip_10,0.0,110,22.0,10,1.0,-0.05000000074505806,1.0,0.1148936170212766,326.8135070800781,63.05100631713867,-30.118999481201172
1770273601.349527,300m_roundtrip_10_e0010,300m_roundtrip_10,1.8796482243957173,111,19.0,10,8.0,-0.03249999857507646,2.0,0.1691489361702128,324.1750946044922,65.74588012695312,-30.558321714401245
1770273602.3435137,300m_roundtrip_10_e0010,300m_roundtrip_10,1.6755927161921138,112,15.75,10,4.0,-0.08250000048428774,2.0,0.16382978723404254,324.30997467041016,65.28427696228027,-30.48518133163452
1770273603.3451245,300m_roundtrip_10_e0010,300m_roundtrip_10,0.0,113,15.0,10,1.0,0.0,1.0,0.08936170212765958,326.3108825683594,62.28348159790039,-28.592411041259766
1770273604.3448553,300m_roundtrip_10_e0010,300m_roundtrip_10,0.0,114,20.0,10,1.0,-0.1899999976158142,1.0,0.00851063829787234,327.010986328125,58.51600646972656,-28.78557014465332
1770273605.3198435,300m_roundtrip_10_e0010,300m_roundtrip_10,0.0,115,17.8,10,5.0,-0.03399999961256981,1.0,0.08085106382978724,325.781298828125,55.75702590942383,-30.12243995666504
1770273606.344277,300m_roundtrip_10_e0010,300m_roundtrip_10,2.8845011199184087,116,14.333333333333334,10,3.0,-0.1233333343019088,3.0,0.08936170212765958,324.5687255859375,52.275437672932945,-29.792702356974285
1770273607.3303707,300m_roundtrip_10_e0010,300m_roundtrip_10,0.8550720342052383,117,20.25,10,16.0,0.41812499589286745,2.0,0.07765957446808511,324.20359992980957,54.13589835166931,-30.013392686843872
1770273695.3350046,300m_roundtrip_10_e0011,300m_roundtrip_10,0.0,207,19.0,11,5.0,-0.026000000163912775,1.0,0.05957446808510638,319.6093811035156,59.06346130371094,-29.906382369995118
1770273696.322828,300m_roundtrip_10_e0011,300m_roundtrip_10,0.0,208,13.0,11,1.0,-0.029999999329447746,1.0,0.1148936170212766,319.73504638671875,55.65721130371094,-30.14392852783203
1770273697.3318574,300m_roundtrip_10_e0011,300m_roundtrip_10,1.9914137811720978,209,16.857142857142858,11,7.0,-0.807142851342048,2.0,0.04194528875379939,321.1002502441406,55.362846919468474,-30.286489486694336
1770273698.32484,300m_roundtrip_10_e0011,300m_roundtrip_10,0.0,210,16.0,11,2.0,-0.05000000074505806,1.0,0.14468085106382977,324.0899963378906,53.49199295043945,-29.86800193786621
1770273699.3263533,300m_roundtrip_10_e0011,300m_roundtrip_10,0.0,211,14.0,11,2.0,0.019999999552965164,1.0,0.08085106382978724,324.25477600097656,55.744497299194336,-29.817758560180664
1770273700.3372507,300m_roundtrip_10_e0011,300m_roundtrip_10,0.0,212,16.0,11,3.0,-1.5266666809717815,1.0,0.1702127659574468,325.1133321126302,60.56121571858724,-28.05072085062663
1770273702.3255818,300m_roundtrip_10_e0011,300m_roundtrip_10,0.0,214,22.25,11,4.0,-0.06499999994412065,1.0,0.11063829787234042,324.09212493896484,70.71278762817383,-30.57105302810669
1770273703.3357687,300m_roundtrip_10_e0011,300m_roundtrip_10,0.0,215,20.666666666666668,11,15.0,-0.029333333174387615,1.0,0.11063829787234042,324.07659505208335,70.66272379557292,-30.620813369750977
1770273607.3303707,300m_roundtrip_10_e0012,300m_roundtrip_10,3.6768101865874656,117,16.4,12,15.0,-0.12399999958773454,3.0,0.12680851063829787,328.95728759765626,66.5224822998047,-30.933796691894532
1770273608.3387814,300m_roundtrip_10_e0012,300m_roundtrip_10,0.0,118,18.0,12,1.0,0.0,1.0,0.01702127659574468,329.08465576171875,67.00520324707031,-31.05859375
1770273610.3366494,300m_roundtrip_10_e0012,300m_roundtrip_10,2.2785033860715136,120,18.8,12,5.0,-0.07599999830126762,3.0,0.14042553191489363,328.17576293945314,62.69437713623047,-30.410595321655272
1770273611.3373876,300m_roundtrip_10_e0012,300m_roundtrip_10,0.0,121,22.0,12,1.0,-0.1899999976158142,1.0,0.1702127659574468,325.77734375,60.62110900878906,-28.348703384399414
1770273612.3336003,300m_roundtrip_10_e0012,300m_roundtrip_10,0.0,122,14.0,12,1.0,2.380000114440918,1.0,0.1702127659574468,326.1141052246094,59.797645568847656,-27.98375129699707
1770273613.3325524,300m_roundtrip_10_e0012,300m_roundtrip_10,4.58724025556547,123,15.875,12,8.0,-0.6762499788310379,8.0,0.1452127659574468,325.6228332519531,60.8293890953064,-29.04164481163025
1770273614.3368125,300m_roundtrip_10_e0012,300m_roundtrip_10,0.0,124,18.5,12,4.0,-0.0024999999441206455,1.0,0.05106382978723404,324.23052978515625,60.43607234954834,-30.338791370391846
1770273615.3428814,300m_roundtrip_10_e0012,300m_roundtrip_10,0.0,125,20.4,12,5.0,-0.037999999895691874,1.0,0.06808510638297872,326.0242126464844,57.967594909667966,-30.769752502441406
1770273616.338641,300m_roundtrip_10_e0012,300m_roundtrip_10,2.4733078115619747,126,14.25,12,4.0,-0.012500000186264515,3.0,0.08085106382978724,325.93733978271484,54.98340320587158,-30.006115436553955
1770273581.328571,300m_roundtrip_10_e0013,300m_roundtrip_10,2.0301366657295783,91,14.5,13,6.0,-11.88333356846124,2.0,0.16879432624113475,387.4670155843099,-76.2624880472819,-36.21734301249186
1770273582.3362198,300m_roundtrip_10_e0013,300m_roundtrip_10,5.099224572009629,92,19.666666666666668,13,18.0,0.10166664307730065,8.0,0.13286052009456265,387.40736219618054,-76.13659032185872,-35.989492416381836
1770273583.342815,300m_roundtrip_10_e0013,300m_roundtrip_10,0.0,93,21.4,13,5.0,-0.13800000250339509,1.0,0.15319148936170213,386.62098388671876,-75.97146606445312,-36.30937576293945
1770273584.3305523,300m_roundtrip_10_e0013,300m_roundtrip_10,4.086837808156553,94,13.25,13,8.0,-5.717499950435013,6.0,0.10957446808510637,390.6543884277344,-76.50175952911377,-35.92465829849243
1770273586.31437,300m_roundtrip_10_e0013,300m_roundtrip_10,1.8888047531333734,96,16.666666666666668,13,3.0,-7.503333513935407,2.0,0.09219858156028367,399.487548828125,-75.8997065226237,-37.13975397745768
1770273587.338594,300m_roundtrip_10_e0013,300m_roundtrip_10,0.08212589662451643,97,8.333333333333334,13,3.0,-0.026666666691501934,2.0,0.1375886524822695,402.02650960286456,-77.5187759399414,-36.99654006958008
1770273556.3265998,300m_roundtrip_10_e0014,300m_roundtrip_10,0.0,66,20.25,14,4.0,-0.0475000012665987,1.0,0.19574468085106383,380.8304138183594,-106.92451286315918,-35.43325710296631
1770273557.3277187,300m_roundtrip_10_e0014,300m_roundtrip_10,3.691068184266151,67,21.2,14,5.0,-3.027999956905842,3.0,0.15148936170212765,379.79481811523436,-106.76624755859375,-35.06469039916992
1770273558.3346775,300m_roundtrip_10_e0014,300m_roundtrip_10,2.587913070313716,68,20.75,14,4.0,2.657500147819519,4.0,0.12446808510638298,378.5700912475586,-106.91317176818848,-34.74678993225098
1770273559.3259857,300m_roundtrip_10_e0014,300m_roundtrip_10,0.0,69,19.0,14,1.0,-7.96999979019165,1.0,0.10638297872340426,379.0769348144531,-107.16569519042969,-35.050270080566406
1770273560.3413367,300m_roundtrip_10_e0014,300m_roundtrip_10,3.3019317752520854,70,15.2,14,5.0,-4.3259998768568035,5.0,0.062127659574468086,380.3200378417969,-107.4059051513672,-34.03671875
1770273561.3322003,300m_roundtrip_10_e0014,300m_roundtrip_10,2.09071479621493,71,13.666666666666666,14,3.0,-1.803333402921756,3.0,0.06808510638297872,382.7107340494792,-107.14114125569661,-35.296435038248696
1770273562.327745,300m_roundtrip_10_e0014,300m_roundtrip_10,0.0,72,11.0,14,1.0,0.18000000715255737,1.0,0.14042553191489363,381.5164489746094,-106.2529067993164,-33.96799087524414
1770273563.3465948,300m_roundtrip_10_e0014,300m_roundtrip_10,0.0,73,11.0,14,1.0,-0.3799999952316284,1.0,0.10638297872340426,380.8375549316406,-108.26790618896484,-32.986488342285156
1770273564.3347197,300m_roundtrip_10_e0014,300m_roundtrip_10,0.9036338159115589,74,11.333333333333334,14,3.0,-0.620000014702479,2.0,0.08226950354609928,380.3588053385417,-108.73138173421223,-32.72800954182943
1770273565.3277013,300m_roundtrip_10_e0014,300m_roundtrip_10,3.8121757407474197,75,14.285714285714286,14,7.0,8.912857093981334,5.0,0.07355623100303951,377.2837655203683,-105.74515206473214,-34.285438537597656
1770273566.336806,300m_roundtrip_10_e0014,300m_roundtrip_10,3.312005555230322,76,16.25,14,4.0,-7.710000067949295,4.0,0.08404255319148936,374.18865966796875,-105.0734977722168,-34.21200656890869
1770273624.3488445,300m_roundtrip_10_e0015,300m_roundtrip_10,3.401118500131252,136,18.2,15,5.0,5.330000019073486,4.0,0.13787234042553193,292.798779296875,1.416303277015686,-25.238820266723632
1770273625.3661761,300m_roundtrip_10_e0015,300m_roundtrip_10,0.0,137,20.0,15,1.0,-6.820000171661377,1.0,0.16170212765957448,292.7311706542969,1.2345863580703735,-26.712310791015625
1770273626.3463905,300m_roundtrip_10_e0015,300m_roundtrip_10,2.0872805794142533,138,18.0,15,3.0,-2.8500001275291047,2.0,0.150354609929078,294.82068888346356,0.6714742283026377,-27.289250055948894
1770273627.3462672,300m_roundtrip_10_e0015,300m_roundtrip_10,0.0,139,15.0,15,1.0,-7.150000095367432,1.0,0.0425531914893617,295.58929443359375,1.6030361652374268,-27.390445709228516
1770273628.3459017,300m_roundtrip_10_e0015,300m_roundtrip_10,0.0,140,17.0,15,1.0,7.179999828338623,1.0,0.07234042553191489,294.96820068359375,4.055210113525391,-24.479337692260742
1770273629.3437538,300m_roundtrip_10_e0015,300m_roundtrip_10,1.0240471747824342,141,22.0,15,3.0,24.793333053588867,2.0,0.062411347517730496,291.10802205403644,5.405478318532308,-24.569665273030598
1770273630.3333983,300m_roundtrip_10_e0015,300m_roundtrip_10,1.362364337633657,142,14.5,15,2.0,-0.1600000001490116,2.0,0.04468085106382979,287.2607421875,4.079933524131775,-24.171913146972656
1770273631.3482852,300m_roundtrip_10_e0015,300m_roundtrip_10,3.1606412563663584,143,14.666666666666666,15,3.0,2.650000105301539,3.0,0.0851063829787234,283.8115946451823,3.724468151728312,-24.355267842610676
1770273632.3286922,300m_roundtrip_10_e0015,300m_roundtrip_10,3.309367128157664,144,12.5,15,4.0,2.259999953210354,3.0,0.1372340425531915,280.22025299072266,4.485654771327972,-25.11997127532959
1770273633.3462224,300m_roundtrip_10_e0015,300m_roundtrip_10,0.0,145,21.333333333333332,15,6.0,-0.024999999441206455,1.0,0.08936170212765958,279.59731038411456,5.3925332228342695,-26.247001965840656
1770273634.3448184,300m_roundtrip_10_e0015,300m_roundtrip_10,2.098320137576485,146,20.31578947368421,15,19.0,0.3547368501558116,3.0,0.11892497200447928,279.5450921309622,5.548676189623381,-25.775095889442845
1770273582.3362198,300m_roundtrip_10_e0016,300m_roundtrip_10,3.6708305979260802,92,18.666666666666668,16,3.0,1.4433332830667496,3.0,0.14184397163120568,326.8524576822917,62.110313415527344,-30.353539784749348
1770273583.342815,300m_roundtrip_10_e0016,300m_roundtrip_10,0.7774890775702219,93,14.0,16,3.0,-0.11666667088866234,2.0,0.12340425531914893,328.66978963216144,63.223609924316406,-30.76522445678711
1770273586.31437,300m_roundtrip_10_e0016,300m_roundtrip_10,3.0334693296497637,96,16.5,16,4.0,-1.3049999885261059,4.0,0.039361702127659576,327.95379638671875,68.9173412322998,-29.86027240753174
1770273587.338594,300m_roundtrip_10_e0016,300m_roundtrip_10,0.0,97,16.0,16,1.0,-0.07999999821186066,1.0,0.04680851063829787,329.0736999511719,66.34752655029297,-30.957962036132812
1770273588.3288097,300m_roundtrip_10_e0016,300m_roundtrip_10,4.351745036170006,98,17.77777777777778,16,9.0,-0.09444444502393405,4.0,0.11063829787234042,328.8545396592882,64.82684792412653,-30.78628370496962
1770273589.3342147,300m_roundtrip_10_e0016,300m_roundtrip_10,4.429807550869834,99,19.0,16,4.0,2.875000085681677,4.0,0.13191489361702127,325.6801528930664,61.61581897735596,-29.112168312072754
1770273694.3292356,300m_roundtrip_10_e0017,300m_roundtrip_10,4.230752640172501,206,20.705882352941178,17,17.0,-0.055882359690525955,4.0,0.1311639549436796,212.20682301240808,20.099575828103458,-19.90121145809398
1770273695.3350046,300m_roundtrip_10_e0017,300m_roundtrip_10,0.0,207,26.0,17,4.0,-0.10750000271946192,1.0,0.19148936170212766,212.8257827758789,19.1830792427063,-20.00034189224243
1770273696.322828,300m_roundtrip_10_e0017,300m_roundtrip_10,0.0,208,21.181818181818183,17,11.0,-0.031818181784315544,1.0,0.06382978723404255,214.04490106756037,19.314453645185992,-20.093314257535067
1770273697.3318574,300m_roundtrip_10_e0017,300m_roundtrip_10,0.0,209,22.0,17,1.0,-0.05000000074505806,1.0,0.19574468085106383,215.93487548828125,18.013416290283203,-19.269107818603516
1770273698.32484,300m_roundtrip_10_e0017,300m_roundtrip_10,2.4918996228540324,210,20.333333333333332,17,6.0,-0.6566668469458818,4.0,0.09007092198581561,218.39531707763672,14.110601743062338,-20.324334144592285
1770273699.3263533,300m_roundtrip_10_e0017,300m_roundtrip_10,1.0461633657905896,211,20.333333333333332,17,3.0,1.540000279744466,2.0,0.07234042553191489,223.18887329101562,8.241090297698975,-19.601388931274414
1770273645.3296638,300m_roundtrip_10_e0018,300m_roundtrip_10,3.970559720212066,157,21.25,18,4.0,-0.06750000081956387,4.0,0.15425531914893614,327.11768341064453,62.532264709472656,-29.65430212020874
1770273646.3399472,300m_roundtrip_10_e0018,300m_roundtrip_10,1.3222970001262784,158,20.333333333333332,18,3.0,-0.08333333147068818,2.0,0.1148936170212766,328.56431070963544,65.77571360270183,-30.8769474029541
1770273647.3261209,300m_roundtrip_10_e0018,300m_roundtrip_10,0.0,159,18.0,18,1.0,2.2699999809265137,1.0,0.10638297872340426,328.3446960449219,68.34326171875,-29.76348304748535
1770273648.3132696,300m_roundtrip_10_e0018,300m_roundtrip_10,0.0,160,15.0,18,1.0,0.1599999964237213,1.0,0.17446808510638298,326.0292053222656,67.83148956298828,-29.783700942993164
1770273649.314517,300m_roundtrip_10_e0018,300m_roundtrip_10,1.1671259475430862,161,16.0,18,3.0,-0.1433333307504654,2.0,0.07943262411347518,325.25742594401044,67.93542734781902,-29.909846623738606
1770273650.3372593,300m_roundtrip_10_e0018,300m_roundtrip_10,0.0,162,16.0,18,1.0,-0.07999999821186066,1.0,0.19574468085106383,328.49005126953125,70.07634735107422,-30.571687698364258
1770273651.3393295,300m_roundtrip_10_e0018,300m_roundtrip_10,0.0,163,17.8,18,5.0,-0.1459999993443489,1.0,0.00425531914893617,327.79368286132814,69.02050323486328,-29.819290924072266
1770273652.3309116,300m_roundtrip_10_e0018,300m_roundtrip_10,1.6423876907369153,164,15.25,18,4.0,-0.1350000025704503,2.0,0.09574468085106383,328.5879211425781,63.10895538330078,-30.622254371643066
1770273653.341594,300m_roundtrip_10_e0018,300m_roundtrip_10,3.2424813805558714,165,19.3,18,10.0,-0.05800000037997961,3.0,0.08510638297872339,325.913623046875,60.069418334960936,-29.938881874084473
1770273715.3375652,300m_roundtrip_10_e0019,300m_roundtrip_10,0.0,227,21.0,19,7.0,-0.027142857068351338,1.0,0.11063829787234043,326.2511901855469,55.2716554914202,-30.62660026550293
1770273716.345833,300m_roundtrip_10_e0019,300m_roundtrip_10,2.143894639562089,228,14.0,19,2.0,0.004999999888241291,2.0,0.14042553191489363,325.89703369140625,60.81252479553223,-29.343876838684082
1770273717.3374991,300m_roundtrip_10_e0019,300m_roundtrip_10,2.842132517191964,229,18.333333333333332,19,3.0,0.28000000181297463,3.0,0.09078014184397164,325.83689371744794,61.09924570719401,-27.829013188680012
1770273718.3299446,300m_roundtrip_10_e0019,300m_roundtrip_10,3.227168029712906,230,20.666666666666668,19,3.0,1.3066666622956593,3.0,0.16453900709219857,325.79689534505206,61.77529652913412,-29.65361976623535
1770273719.3369176,300m_roundtrip_10_e0019,300m_roundtrip_10,3.933523571894473,231,21.41176470588235,19,17.0,-0.18823529188247287,5.0,0.06107634543178973,324.0258555692785,60.41812672334559,-30.11656951904297
1770273720.3286169,300m_roundtrip_10_e0019,300m_roundtrip_10,2.134756394815833,232,17.5,19,2.0,1.4599999636411667,2.0,0.11914893617021276,322.8251647949219,59.790035247802734,-29.27946186065674
1770273721.3323426,300m_roundtrip_10_e0019,300m_roundtrip_10,1.127151849827972,233,17.333333333333332,19,3.0,-0.06666666890184085,2.0,0.10070921985815602,319.4700520833333,56.08339182535807,-30.033018747965496
1770273708.3207467,300m_roundtrip_10_e0020,300m_roundtrip_10,3.129013647816209,220,15.0,20,5.0,0.3319999951869249,3.0,0.03234042553191489,367.53575439453124,-75.08859252929688,-33.9740592956543
1770273709.3116922,300m_roundtrip_10_e0020,300m_roundtrip_10,0.0,221,15.0,20,1.0,0.0,1.0,0.05531914893617021,367.9569396972656,-74.82840728759766,-33.947872161865234
1770273710.3231237,300m_roundtrip_10_e0020,300m_roundtrip_10,1.3173259817207637,222,16.333333333333332,20,3.0,0.08999999985098839,2.0,0.07943262411347518,370.30857340494794,-73.31078847249348,-32.85786692301432
1770273711.3140204,300m_roundtrip_10_e0020,300m_roundtrip_10,2.234874406011883,223,14.0,20,3.0,4.069999975462754,3.0,0.09645390070921984,372.8904724121094,-74.62894185384114,-33.96449661254883
1770273712.3359785,300m_roundtrip_10_e0020,300m_roundtrip_10,2.235054315254506,224,15.0,20,4.0,-3.355000089854002,3.0,0.039361702127659576,372.84771728515625,-73.32764625549316,-33.04660892486572
1770273713.3365126,300m_roundtrip_10_e0020,300m_roundtrip_10,0.0,225,14.0,20,1.0,0.0,1.0,0.059574468085106386,370.7916259765625,-72.69871520996094,-32.19106674194336
1770273714.3383386,300m_roundtrip_10_e0020,300m_roundtrip_10,2.001858843351103,226,14.0,20,2.0,-2.8650002479553223,2.0,0.0574468085106383,373.09580993652344,-73.24544525146484,-34.43999481201172
1770273715.3375652,300m_roundtrip_10_e0020,300m_roundtrip_10,1.4752266665736564,227,16.666666666666668,20,3.0,8.653333028157553,2.0,0.07801418439716312,373.7350769042969,-73.4904276529948,-34.33035786946615
1770273716.345833,300m_roundtrip_10_e0020,300m_roundtrip_10,3.100195504681696,228,19.333333333333332,20,3.0,1.1833333081255357,3.0,0.026950354609929075,376.5820719401042,-73.17420705159505,-34.7069346110026
1770273717.3374991,300m_roundtrip_10_e0020,300m_roundtrip_10,2.7220144832885884,229,19.333333333333332,20,3.0,-9.010000228881836,3.0,0.05390070921985815,381.1170959472656,-76.46683247884114,-34.32836405436198
1770273702.3255818,300m_roundtrip_10_e0021,300m_roundtrip_10,0.0,214,26.6,21,10.0,-0.11900000125169755,1.0,0.05106382978723404,351.9194030761719,-37.001882553100586,-33.142699813842775
1770273705.3357255,300m_roundtrip_10_e0021,300m_roundtrip_10,0.0,217,19.5,21,4.0,-0.06750000081956387,1.0,0.08085106382978724,366.86277770996094,-40.60488986968994,-34.5870304107666
1770273707.329224,300m_roundtrip_10_e0021,300m_roundtrip_10,0.0,219,18.666666666666668,21,3.0,-0.12333333616455396,1.0,0.059574468085106386,370.45713297526044,-53.99332173665365,-34.888528188069664
1770273708.3207467,300m_roundtrip_10_e0021,300m_roundtrip_10,0.0,220,16.666666666666668,21,3.0,-0.11666666716337204,1.0,0.15319148936170213,370.8382568359375,-60.753546396891274,-34.47551600138346
1770273710.3231237,300m_roundtrip_10_e0021,300m_roundtrip_10,1.3173259817207637,222,16.333333333333332,21,3.0,0.08999999985098839,2.0,0.07943262411347518,370.30857340494794,-73.31078847249348,-32.85786692301432
1770273635.3389277,300m_roundtrip_10_e0022,300m_roundtrip_10,3.52888035312193,147,16.333333333333332,22,3.0,-0.06000000052154064,3.0,0.0624113475177305,320.84691365559894,54.51656977335612,-29.9241886138916
1770273636.3406007,300m_roundtrip_10_e0022,300m_roundtrip_10,0.0,148,16.5,22,2.0,0.009999999776482582,1.0,0.07659574468085106,319.6261749267578,55.7017822265625,-29.972442626953125
1770273637.3265784,300m_roundtrip_10_e0022,300m_roundtrip_10,0.0,149,12.5,22,6.0,-0.023333333743115265,1.0,0.1574468085106383,320.6942545572917,59.92567507425944,-29.61443106333415
1770273638.3287127,300m_roundtrip_10_e0022,300m_roundtrip_10,0.8156553660313045,150,20.0,22,3.0,-5.446666717529297,2.0,0.1177304964539007,324.5078531901042,60.479713439941406,-29.895584106445312
1770273639.342624,300m_roundtrip_10_e0022,300m_roundtrip_10,0.0,151,16.666666666666668,22,3.0,-0.10666666800777118,1.0,0.07234042553191489,326.14417521158856,59.94323857625326,-30.35336176554362
1770273640.3325102,300m_roundtrip_10_e0022,300m_roundtrip_10,2.1124923465989065,152,18.0,22,4.0,-0.007499999832361937,2.0,0.03297872340425532,327.87593841552734,55.971900939941406,-30.845284938812256
1770273643.3428798,300m_roundtrip_10_e0023,300m_roundtrip_10,4.248549664549615,155,14.25,23,4.0,2.1699998565018177,4.0,0.08936170212765958,389.54136657714844,-75.72850608825684,-35.074119567871094
1770273644.332859,300m_roundtrip_10_e0023,300m_roundtrip_10,0.0,156,18.0,23,1.0,18.25,1.0,0.13617021276595745,378.60198974609375,-73.72307586669922,-35.4646110534668
1770273645.3296638,300m_roundtrip_10_e0023,300m_roundtrip_10,5.43659454014599,157,16.875,23,8.0,-0.18750008288770914,8.0,0.11968085106382978,371.5627784729004,-74.31643199920654,-33.85481834411621
1770273646.3399472,300m_roundtrip_10_e0023,300m_roundtrip_10,0.0,158,13.5,23,2.0,1.5199999511241913,1.0,0.16170212765957448,368.52259826660156,-75.83065795898438,-34.03720664978027
1770273647.3261209,300m_roundtrip_10_e0023,300m_roundtrip_10,1.9826967874391344,159,11.666666666666666,23,3.0,0.6999999930461248,2.0,0.16028368794326242,368.42218017578125,-76.35371907552083,-34.20135752360026
1770273648.3132696,300m_roundtrip_10_e0023,300m_roundtrip_10,0.0,160,19.0,23,1.0,-3.200000047683716,1.0,0.14468085106382977,370.0315246582031,-73.9345703125,-34.064640045166016
1770273649.314517,300m_roundtrip_10_e0023,300m_roundtrip_10,0.0,161,21.0,23,1.0,0.0,1.0,0.15319148936170213,372.27667236328125,-75.33953094482422,-33.40801239013672
1770273650.3372593,300m_roundtrip_10_e0023,300m_roundtrip_10,2.221050177929453,162,15.333333333333334,23,3.0,9.376667022705078,3.0,0.1148936170212766,377.04967244466144,-75.24572499593098,-34.80008443196615
1770273651.3393295,300m_roundtrip_10_e0023,300m_roundtrip_10,0.759383232567748,163,14.0,23,4.0,-15.470000267028809,2.0,0.14468085106382977,383.28250885009766,-76.20465469360352,-35.42941474914551
1770273652.3309116,300m_roundtrip_10_e0023,300m_roundtrip_10,1.8841345972509036,164,11.5,23,4.0,27.134999923873693,3.0,0.06063829787234042,384.86803436279297,-74.61871719360352,-35.28521537780762
1770273658.3176804,300m_roundtrip_10_e0024,300m_roundtrip_10,4.839617296031683,170,12.666666666666666,24,9.0,-1.3344443957838747,6.0,0.11583924349881797,394.88680691189234,-76.43725501166449,-36.19415707058377
1770273659.3358326,300m_roundtrip_10_e0024,300m_roundtrip_10,0.9775983615545331,171,13.5,24,4.0,8.070000229403377,4.0,0.13085106382978723,393.1256103515625,-76.12586975097656,-35.9329948425293
1770273660.316286,300m_roundtrip_10_e0024,300m_roundtrip_10,2.847711583853913,172,8.333333333333334,24,3.0,-0.02666666607062022,3.0,0.11631205673758865,391.3616027832031,-74.20986429850261,-35.75177001953125
1770273661.3299685,300m_roundtrip_10_e0024,300m_roundtrip_10,0.0,173,15.0,24,1.0,-0.029999999329447746,1.0,0.00425531914893617,393.2894592285156,-74.0484619140625,-37.0388069152832
1770273663.3171966,300m_roundtrip_10_e0024,300m_roundtrip_10,2.8931466471659544,175,12.5,24,4.0,1.0875000581145287,3.0,0.11063829787234042,398.8170623779297,-76.20043182373047,-36.39248466491699
1770273664.3297238,300m_roundtrip_10_e0024,300m_roundtrip_10,0.0,176,21.0,24,1.0,-10.289999961853027,1.0,0.0851063829787234,404.0512390136719,-77.35907745361328,-36.99272537231445
1770273665.3411624,300m_roundtrip_10_e0024,300m_roundtrip_10,0.0,177,8.0,24,1.0,-0.1899999976158142,1.0,0.05106382978723404,407.59783935546875,-77.9942626953125,-37.235225677490234
1770273666.3207862,300m_roundtrip_10_e0024,300m_roundtrip_10,0.4243293951310529,178,12.333333333333334,24,3.0,-0.026666666691501934,2.0,0.12198581560283688,406.9795328776042,-76.90531667073567,-37.35659408569336
1770273668.3367612,300m_roundtrip_10_e0024,300m_roundtrip_10,1.8024903668728185,180,14.0,24,4.0,-0.16249999776482582,3.0,0.08510638297872342,400.93528747558594,-75.7916259765625,-37.21254634857178
1770273493.3339264,300m_roundtrip_10_e0025,300m_roundtrip_10,0.9443915968932566,3,17.25,25,4.0,-0.4300000164657831,2.0,0.18829787234042553,372.63350677490234,-72.10959053039551,-33.53391075134277
1770273494.3280363,300m_roundtrip_10_e0025,300m_roundtrip_10,0.0,4,15.0,25,1.0,-0.15000000596046448,1.0,0.15319148936170213,372.44036865234375,-75.06410217285156,-33.57288360595703
1770273495.3391278,300m_roundtrip_10_e0025,300m_roundtrip_10,2.823355543251567,5,15.25,25,4.0,5.1050000339746475,3.0,0.07234042553191489,372.51126861572266,-75.60728073120117,-34.312188148498535
1770273496.3429077,300m_roundtrip_10_e0025,300m_roundtrip_10,0.0,6,16.0,25,1.0,-4.920000076293945,1.0,0.07659574468085106,369.8255920410156,-75.2857437133789,-34.12027359008789
1770273498.3299046,300m_roundtrip_10_e0025,300m_roundtrip_10,1.6768384199343938,8,15.666666666666666,25,3.0,0.8133332977692286,2.0,0.18581560283687945,367.14613850911456,-77.43375905354817,-33.99683507283529
1770273499.3440182,300m_roundtrip_10_e0025,300m_roundtrip_10,2.9267412008358726,9,16.25,25,4.0,0.7350000170990825,3.0,0.13829787234042554,368.41944885253906,-75.25353622436523,-34.18531322479248
1770273500.3284237,300m_roundtrip_10_e0025,300m_roundtrip_10,0.0,10,17.0,25,1.0,-4.03000020980835,1.0,0.14468085106382977,370.98388671875,-73.11839294433594,-34.15230941772461
1770273501.330976,300m_roundtrip_10_e0025,300m_roundtrip_10,0.0,11,16.0,25,1.0,-17.030000686645508,1.0,0.1276595744680851,375.846923828125,-74.04936981201172,-35.24445343017578
1770273502.3496609,300m_roundtrip_10_e0025,300m_roundtrip_10,4.684178920280633,12,12.75,25,4.0,7.250000123865902,4.0,0.08829787234042553,379.51261138916016,-74.49305152893066,-34.82075786590576
1770273503.3403416,300m_roundtrip_10_e0025,300m_roundtrip_10,1.0288279286700934,13,9.0,25,3.0,21.733333587646484,2.0,0.01702127659574468,379.94785563151044,-73.7672119140625,-34.45406977335612
1770273709.3116922,300m_roundtrip_10_e0026,300m_roundtrip_10,2.244738364773023,221,22.666666666666668,26,3.0,-9.170000712076822,3.0,0.11205673758865249,247.5521240234375,19.875877380371094,-22.19791539510091
1770273710.3231237,300m_roundtrip_10_e0026,300m_roundtrip_10,1.9137901560840305,222,17.333333333333332,26,3.0,17.49333318074544,3.0,0.10780141843971631,241.59441121419272,16.665093104044598,-21.66481653849284
1770273711.3140204,300m_roundtrip_10_e0026,300m_roundtrip_10,0.41659864801960494,223,18.0,26,3.0,-4.163333574930827,2.0,0.15886524822695033,235.99078877766928,12.04271666208903,-20.242446899414062
1770273712.3359785,300m_roundtrip_10_e0026,300m_roundtrip_10,0.0,224,23.0,26,1.0,-3.9800000190734863,1.0,0.16595744680851063,232.89028930664062,8.368609428405762,-18.952363967895508
1770273713.3365126,300m_roundtrip_10_e0026,300m_roundtrip_10,0.8040597664160928,225,26.666666666666668,26,3.0,7.873333126306534,2.0,0.1843971631205674,229.29190572102866,7.0390777587890625,-20.638490676879883
1770273714.3383386,300m_roundtrip_10_e0026,300m_roundtrip_10,0.0,226,21.0,26,1.0,15.600000381469727,1.0,0.04680851063829787,223.05357360839844,8.20022964477539,-20.01677131652832
1770273715.3375652,300m_roundtrip_10_e0026,300m_roundtrip_10,0.0,227,23.333333333333332,26,3.0,-0.07999999821186066,1.0,0.1957446808510638,218.00596618652344,9.040064811706543,-18.187382380167644
1770273524.3198223,300m_roundtrip_10_e0027,300m_roundtrip_10,2.9761782017990774,34,20.5,27,4.0,1.0174999460577965,3.0,0.12872340425531914,294.9762649536133,-0.8204514533281326,-26.009756088256836
1770273525.3388886,300m_roundtrip_10_e0027,300m_roundtrip_10,4.295673869962354,35,12.8,27,5.0,1.190000021457672,5.0,0.1123404255319149,298.26482543945315,-1.6754311800003052,-27.613843154907226
1770273526.3411467,300m_roundtrip_10_e0027,300m_roundtrip_10,2.500706283445458,36,13.666666666666666,27,3.0,2.2433332602183023,3.0,0.08368794326241136,297.92075602213544,-2.8114813963572183,-27.585880279541016
1770273527.3271942,300m_roundtrip_10_e0027,300m_roundtrip_10,0.0,37,22.0,27,1.0,-0.2199999988079071,1.0,0.15319148936170213,296.2793273925781,-1.1006735563278198,-26.67763328552246
1770273528.3278723,300m_roundtrip_10_e0027,300m_roundtrip_10,3.0033683530586965,38,17.0,27,3.0,3.849999964237213,3.0,0.12907801418439716,292.93039957682294,0.13885603348414102,-24.477025985717773
1770273529.3314426,300m_roundtrip_10_e0027,300m_roundtrip_10,0.0,39,20.0,27,1.0,-10.170000076293945,1.0,0.18723404255319148,289.5533447265625,1.657209038734436,-26.18877410888672
1770273530.3326888,300m_roundtrip_10_e0027,300m_roundtrip_10,2.7099222606829114,40,17.5,27,4.0,4.582500025629997,4.0,0.06595744680851064,286.23956298828125,4.898751258850098,-25.124237060546875
1770273535.3306682,300m_roundtrip_10_e0028,300m_roundtrip_10,2.68228317395853,45,15.0,28,3.0,-6.159999857346217,3.0,0.1148936170212766,377.1531982421875,-105.84846496582031,-33.36297734578451
1770273536.342054,300m_roundtrip_10_e0028,300m_roundtrip_10,1.651247448389739,46,15.333333333333334,28,3.0,-0.0066666727264722185,3.0,0.11205673758865249,380.93231201171875,-107.85697428385417,-33.109917958577476
1770273538.3285444,300m_roundtrip_10_e0028,300m_roundtrip_10,0.0,48,12.0,28,1.0,-0.029999999329447746,1.0,0.14042553191489363,381.41607666015625,-106.26715087890625,-33.99749755859375
1770273539.3357885,300m_roundtrip_10_e0028,300m_roundtrip_10,2.1714651827926703,49,15.666666666666666,28,3.0,1.9900000393390656,2.0,0.1929078014184397,380.02850341796875,-106.52122497558594,-35.36823018391927
1770273540.3100302,300m_roundtrip_10_e0028,300m_roundtrip_10,0.0,50,23.0,28,1.0,14.329999923706055,1.0,0.05531914893617021,376.5630798339844,-107.01776885986328,-34.47605514526367
1770273541.340113,300m_roundtrip_10_e0028,300m_roundtrip_10,0.0,51,16.5,28,2.0,0.8699999749660492,1.0,0.18723404255319148,372.33741760253906,-108.03950881958008,-32.43782043457031
1770273542.32561,300m_roundtrip_10_e0028,300m_roundtrip_10,1.9871162892088208,52,18.666666666666668,28,3.0,-2.676666736602783,2.0,0.05673758865248227,369.35959879557294,-105.00721995035808,-33.66667811075846
1770273543.3352995,300m_roundtrip_10_e0028,300m_roundtrip_10,0.0,53,11.0,28,1.0,-0.17000000178813934,1.0,0.10638297872340426,366.52752685546875,-102.77286529541016,-33.44637680053711
1770273544.3343868,300m_roundtrip_10_e0028,300m_roundtrip_10,0.9666165339866559,54,17.454545454545453,28,11.0,-0.02545454539358616,2.0,0.10638297872340426,366.419658314098,-103.48796081542969,-34.07816696166992
1770273519.336795,300m_roundtrip_10_e0029,300m_roundtrip_10,1.5133838467589011,29,13.333333333333334,29,3.0,-7.176666895548503,3.0,0.12907801418439716,398.6858215332031,-76.44359334309895,-36.54177474975586
1770273520.326547,300m_roundtrip_10_e0029,300m_roundtrip_10,1.9368804871590173,30,13.5,29,2.0,-12.229999924078584,2.0,0.08936170212765956,396.87290954589844,-76.31594848632812,-36.3944206237793
1770273521.3269856,300m_roundtrip_10_e0029,300m_roundtrip_10,2.9087583641616783,31,16.125,29,8.0,-2.246250093448907,3.0,0.12872340425531914,391.2283363342285,-76.95708084106445,-36.1977972984314
1770273523.327191,300m_roundtrip_10_e0029,300m_roundtrip_10,1.4877403133657625,33,12.0,29,4.0,7.874999851454049,3.0,0.12872340425531914,390.66717529296875,-77.4524974822998,-35.747557640075684
1770273524.3198223,300m_roundtrip_10_e0029,300m_roundtrip_10,3.965613073154293,34,15.23076923076923,29,13.0,-5.217692429056535,6.0,0.11489361702127658,391.89835768479566,-75.25953204815204,-36.08933580838717
1770273525.3388886,300m_roundtrip_10_e0029,300m_roundtrip_10,0.0,35,19.0,29,1.0,1.3899999856948853,1.0,0.1148936170212766,390.8039855957031,-75.6027603149414,-36.17399215698242
1770273526.3411467,300m_roundtrip_10_e0029,300m_roundtrip_10,2.023127763414434,36,11.333333333333334,29,3.0,-3.813333511352539,2.0,0.1078014184397163,390.30312093098956,-76.60158793131511,-35.97005716959635
1770273527.3271942,300m_roundtrip_10_e0029,300m_roundtrip_10,2.1830461752178785,37,15.333333333333334,29,3.0,0.23999999836087227,2.0,0.16595744680851063,390.0561218261719,-77.0116449991862,-35.776458740234375
1770273543.3352995,300m_roundtrip_10_e0030,300m_roundtrip_10,2.4023583468105127,53,14.4,30,5.0,-2.7540000047534705,3.0,0.08085106382978724,299.3521667480469,-0.6554372429847717,-27.569951629638673
1770273545.3387384,300m_roundtrip_10_e0030,300m_roundtrip_10,4.077375959975656,55,13.428571428571429,30,7.0,2.5714285288538252,5.0,0.1519756838905775,296.195809500558,-0.7610194725649697,-26.881196430751256
1770273546.3404276,300m_roundtrip_10_e0030,300m_roundtrip_10,4.089404568971796,56,13.75,30,4.0,-1.5675000548362732,3.0,0.14148936170212767,292.35729217529297,0.17485059797763824,-24.535300731658936
1770273547.3405359,300m_roundtrip_10_e0030,300m_roundtrip_10,1.5473419513261593,57,20.0,30,3.0,9.073333104451498,2.0,0.1673758865248227,289.6632893880208,1.9681937297185261,-25.828393300374348
1770273548.331703,300m_roundtrip_10_e0030,300m_roundtrip_10,1.393450908287933,58,23.0,30,3.0,1.0999999046325684,2.0,0.1475177304964539,290.04345703125,2.0870440006256104,-25.647895177205402
1770274250.3279202,300m_roundtrip_13_e0001,300m_roundtrip_13,2.275030995895159,96,19.571428571428573,1,7.0,-0.9500000157526561,3.0,0.13201970443349756,199.34994506835938,-52.71903664725168,-18.308806555611746
1770274251.3228211,300m_roundtrip_13_e0001,300m_roundtrip_13,0.7953344063068076,97,25.666666666666668,1,3.0,1.1300000256548326,2.0,0.11954022988505747,199.7374013264974,-52.829087575276695,-18.36071268717448
1770274252.3462913,300m_roundtrip_13_e0001,300m_roundtrip_13,0.0,98,26.166666666666668,1,6.0,-0.05166666675359011,1.0,0.16551724137931034,199.11811319986978,-52.650590896606445,-18.287055015563965
1770274253.327919,300m_roundtrip_13_e0001,300m_roundtrip_13,0.0,99,21.0,1,1.0,0.019999999552965164,1.0,0.16551724137931034,199.8378143310547,-52.82521438598633,-18.296058654785156
1770274254.3293736,300m_roundtrip_13_e0001,300m_roundtrip_13,2.040053782242458,100,20.5,1,4.0,-0.1200000043027103,2.0,0.14482758620689656,201.3152961730957,-53.26022720336914,-18.482054710388184
1770274255.3321252,300m_roundtrip_13_e0001,300m_roundtrip_13,0.0,101,19.0,1,1.0,0.4699999988079071,1.0,0.11724137931034483,202.9424591064453,-51.952484130859375,-18.703092575073242
1770274256.325108,300m_roundtrip_13_e0001,300m_roundtrip_13,0.0,102,18.0,1,1.0,-0.1899999976158142,1.0,0.11724137931034483,202.97679138183594,-51.87588882446289,-18.76767349243164
1770274257.332496,300m_roundtrip_13_e0001,300m_roundtrip_13,1.8345835028811495,103,23.333333333333332,1,6.0,0.06333333346992731,2.0,0.12758620689655173,202.3298136393229,-52.63779958089193,-18.592323303222656
1770274258.3375263,300m_roundtrip_13_e0001,300m_roundtrip_13,0.0,104,22.0,1,2.0,6.25,1.0,0.13793103448275862,201.56039428710938,-53.303672790527344,-18.514744758605957
1770274259.329704,300m_roundtrip_13_e0001,300m_roundtrip_13,0.27007890448744387,105,26.5,1,4.0,-0.19750000536441803,2.0,0.1396551724137931,199.03412246704102,-52.65707874298096,-18.287707328796387
1770274260.341217,300m_roundtrip_13_e0001,300m_roundtrip_13,1.3007749774294495,106,22.0,1,3.0,-0.2733333309491475,3.0,0.09885057471264369,197.02586873372397,-47.384613037109375,-15.327260971069336
1770274191.337877,300m_roundtrip_13_e0002,300m_roundtrip_13,2.5399049212833016,37,22.0,2,4.0,2.3824998140335083,3.0,0.013793103448275862,205.83394241333008,-22.25323724746704,-16.257946014404297
1770274192.3252213,300m_roundtrip_13_e0002,300m_roundtrip_13,3.316722648465379,38,25.75,2,4.0,-1.8850001282989979,4.0,0.05344827586206897,202.83963775634766,-22.33060121536255,-15.965976238250732
1770274193.331358,300m_roundtrip_13_e0002,300m_roundtrip_13,4.8788282117156445,39,31.166666666666668,2,6.0,5.106666614611943,4.0,0.07816091954022988,200.1861317952474,-22.720401446024578,-15.810454527537027
1770274194.326863,300m_roundtrip_13_e0002,300m_roundtrip_13,4.639422486964712,40,24.75,2,4.0,-2.0125000178813934,4.0,0.041379310344827586,198.53350067138672,-23.491803646087646,-15.651895523071289
1770274195.3256733,300m_roundtrip_13_e0002,300m_roundtrip_13,0.0,41,23.0,2,1.0,8.84000015258789,1.0,0.06896551724137931,195.51519775390625,-25.1777286529541,-15.00582504272461
1770274196.3230577,300m_roundtrip_13_e0002,300m_roundtrip_13,2.418137959933344,42,22.5,2,4.0,9.68500005826354,4.0,0.03103448275862069,191.8349151611328,-23.474937438964844,-14.954757690429688
1770274197.3270328,300m_roundtrip_13_e0002,300m_roundtrip_13,1.8093448993711916,43,26.0,2,3.0,-2.8500000635782876,2.0,0.06436781609195402,188.60330708821616,-23.21191660563151,-14.671366055806478
1770274199.3403115,300m_roundtrip_13_e0002,300m_roundtrip_13,1.8633547446908252,45,26.5,2,4.0,2.5724999867379665,3.0,0.06724137931034482,185.5285530090332,-22.306206226348877,-14.41676115989685
1770274241.3392217,300m_roundtrip_13_e0003,300m_roundtrip_13,0.8399948527039747,87,24.75,3,4.0,-0.6225000093691051,2.0,0.05862068965517241,209.8781280517578,41.52534580230713,-19.680989265441895
1770274242.340988,300m_roundtrip_13_e0003,300m_roundtrip_13,0.0,88,22.0,3,1.0,-0.029999999329447746,1.0,0.06896551724137931,211.0772247314453,45.27682876586914,-19.857316970825195
1770274243.3339787,300m_roundtrip_13_e0003,300m_roundtrip_13,0.07820646000289956,89,22.0,3,5.0,0.025999999046325682,2.0,0.06206896551724138,211.05693359375,45.27307052612305,-19.885218811035156
1770274245.3352575,300m_roundtrip_13_e0003,300m_roundtrip_13,0.0,91,16.5,3,2.0,0.03500000014901161,1.0,0.034482758620689655,210.9823760986328,45.234750747680664,-19.869680404663086
1770274246.3221815,300m_roundtrip_13_e0003,300m_roundtrip_13,1.9702419116270062,92,26.0,3,3.0,-0.01333333303531011,2.0,0.08045977011494253,211.70752461751303,43.66534550984701,-19.888092041015625
1770274247.3264728,300m_roundtrip_13_e0003,300m_roundtrip_13,0.0,93,19.5,3,2.0,-0.014999999664723873,1.0,0.06896551724137931,211.07686614990234,45.25458335876465,-19.857282638549805
1770274248.3342257,300m_roundtrip_13_e0003,300m_roundtrip_13,3.9188212777323947,94,25.5,3,8.0,1.2799999474082142,4.0,0.0810344827586207,212.20673751831055,43.95711946487427,-19.936771154403687
1770274249.328912,300m_roundtrip_13_e0003,300m_roundtrip_13,0.0,95,28.666666666666668,3,3.0,-0.09999999900658925,1.0,0.06206896551724137,213.25894673665366,38.42032368977865,-19.782907485961914
1770274250.3279202,300m_roundtrip_13_e0003,300m_roundtrip_13,0.0,96,22.0,3,1.0,-8.399999618530273,1.0,0.1310344827586207,219.11109924316406,30.947433471679688,-20.67943000793457
1770274251.3228211,300m_roundtrip_13_e0003,300m_roundtrip_13,0.0,97,32.5,3,6.0,-0.06333333378036816,1.0,0.20000000000000004,226.62693532307944,24.08141549428304,-21.343034426371258
1770274252.3462913,300m_roundtrip_13_e0003,300m_roundtrip_13,2.390170904079825,98,22.666666666666668,3,3.0,4.266666730244954,3.0,0.1471264367816092,232.99394734700522,17.04132016499837,-19.186010996500652
1770274169.3183992,300m_roundtrip_13_e0004,300m_roundtrip_13,5.297312739211548,15,27.666666666666668,4,21.0,-0.9214285679516339,9.0,0.054187192118226604,12.058387211390905,0.6807995850131625,-0.4275705530529931
1770274170.3350315,300m_roundtrip_13_e0004,300m_roundtrip_13,5.348228070300342,16,22.5,4,10.0,-1.0949999906122685,4.0,0.05586206896551724,11.132881259918213,-0.6605034679174423,-0.1628396637737751
1770274171.3294404,300m_roundtrip_13_e0004,300m_roundtrip_13,0.0,17,11.0,4,2.0,-2.3700000047683716,1.0,0.09655172413793103,12.190178394317627,-0.44611795246601105,-0.8069192469120026
1770274172.3396976,300m_roundtrip_13_e0004,300m_roundtrip_13,2.154253674928559,18,21.428571428571427,4,7.0,-1.0628571489027567,4.0,0.08078817733990148,13.3731050491333,-1.3200220550809587,-0.37586975523403715
1770274173.3379533,300m_roundtrip_13_e0004,300m_roundtrip_13,2.822826135053813,19,29.692307692307693,4,13.0,-0.5838461535481306,5.0,0.04084880636604774,13.640234213608961,-1.6180760585344756,-0.16952743667822617
1770274174.3251252,300m_roundtrip_13_e0004,300m_roundtrip_13,0.0,20,23.0,4,1.0,-2.609999895095825,1.0,0.08275862068965517,15.018949508666992,-1.1291906833648682,-0.5108411908149719
1770274175.330319,300m_roundtrip_13_e0004,300m_roundtrip_13,3.040144176463433,21,19.666666666666668,4,3.0,0.33666664361953735,3.0,0.022988505747126436,20.446101506551106,-1.7181033889452617,0.26651997367540997
1770274190.3297222,300m_roundtrip_13_e0005,300m_roundtrip_13,0.5096256400023665,36,26.285714285714285,5,7.0,0.16000000280993326,2.0,0.14187192118226602,11.201752253941127,-3.209390708378383,0.20686837817941392
1770274191.337877,300m_roundtrip_13_e0005,300m_roundtrip_13,3.1716090270031883,37,22.307692307692307,5,13.0,-1.258461536409763,5.0,0.07214854111405836,11.692158772395207,-2.8242025191967306,-0.5827677593781398
1770274192.3252213,300m_roundtrip_13_e0005,300m_roundtrip_13,5.145478760968372,38,21.0,5,20.0,-1.3359999876469373,8.0,0.15379310344827585,11.020881700515748,-1.8180532436817884,0.12180332913994789
1770274193.331358,300m_roundtrip_13_e0005,300m_roundtrip_13,3.7782544924618926,39,20.4,5,15.0,-1.0933333339790503,6.0,0.06758620689655173,11.280223019917806,1.0929197072982788,0.3070813295741876
1770274194.326863,300m_roundtrip_13_e0005,300m_roundtrip_13,2.123901452447869,40,4.333333333333333,5,3.0,-0.8800000045448542,3.0,0.10344827586206896,11.636314392089844,1.4888278643290203,0.37961268424987793
1770274195.3256733,300m_roundtrip_13_e0005,300m_roundtrip_13,0.0,41,21.0,5,1.0,-0.36000001430511475,1.0,0.020689655172413793,14.439177513122559,2.7345499992370605,1.1401681900024414
1770274196.3230577,300m_roundtrip_13_e0005,300m_roundtrip_13,4.960134815279132,42,20.916666666666668,5,12.0,-2.028333328664303,8.0,0.06781609195402298,14.710490942001343,1.8685889194409053,-0.520611351976792
1770274197.3270328,300m_roundtrip_13_e0005,300m_roundtrip_13,0.0,43,20.0,5,1.0,-1.3300000429153442,1.0,0.05517241379310345,12.38089656829834,2.0253329277038574,-0.9315573573112488
1770274198.3331833,300m_roundtrip_13_e0005,300m_roundtrip_13,0.7154275990084112,44,19.166666666666668,5,6.0,-0.026666666691501934,2.0,0.11724137931034483,10.776018619537354,1.6450419624646504,-0.4163048068682353
1770274190.3297222,300m_roundtrip_13_e0006,300m_roundtrip_13,4.47798502595702,36,28.266666666666666,6,15.0,-1.7866666674613954,6.0,0.06620689655172414,12.528628158569337,0.002467521031697591,-0.5035935034354527
1770274191.337877,300m_roundtrip_13_e0006,300m_roundtrip_13,3.0860792996802666,37,25.636363636363637,6,11.0,-1.4909090884029865,3.0,0.050156739811912224,11.89544322273948,-2.701227231459184,-0.6873957948251205
1770274192.3252213,300m_roundtrip_13_e0006,300m_roundtrip_13,0.0,38,18.0,6,3.0,-3.006666660308838,1.0,0.10344827586206896,11.069193840026855,-3.46879243850708,0.3938612937927246
1770274193.331358,300m_roundtrip_13_e0006,300m_roundtrip_13,0.0,39,18.0,6,4.0,0.11250001192092896,1.0,0.10344827586206896,11.159076690673828,-3.3948551416397095,0.14865778014063835
1770274194.326863,300m_roundtrip_13_e0006,300m_roundtrip_13,1.7460127547204125,40,28.25,6,4.0,-2.619999945163727,3.0,0.06896551724137931,12.523718357086182,-1.4944711327552795,-0.5650899261236191
1770274195.3256733,300m_roundtrip_13_e0006,300m_roundtrip_13,0.0,41,1.0,6,1.0,-1.659999966621399,1.0,0.04827586206896552,14.670172691345215,0.2524835765361786,-0.4740114212036133
1770274196.3230577,300m_roundtrip_13_e0006,300m_roundtrip_13,4.868357440094109,42,24.25,6,8.0,-2.1087499894201756,7.0,0.04310344827586207,15.388739824295044,1.9396555349230766,-0.5581566598266363
1770274184.3100128,300m_roundtrip_13_e0007,300m_roundtrip_13,0.0,30,39.75,7,4.0,0.014999999664723873,1.0,0.19310344827586207,10.81559944152832,-3.0181162357330322,0.16332459449768066
1770274186.3403864,300m_roundtrip_13_e0007,300m_roundtrip_13,5.415830722312517,32,26.904761904761905,7,21.0,-0.47285715162399267,10.0,0.09688013136288998,11.738690875825428,-1.7352494486563264,-0.04885959341412499
1770274187.3315651,300m_roundtrip_13_e0007,300m_roundtrip_13,4.751015791863152,33,22.0,7,13.0,-1.6461538408811276,6.0,0.054111405835543774,14.367126318124624,0.49576270308058995,-0.5514534964011266
1770274188.3266141,300m_roundtrip_13_e0007,300m_roundtrip_13,5.1310684866803475,34,25.45,7,20.0,-3.0670000314712524,6.0,0.02827586206896552,15.517251777648926,-0.2805298246443272,0.17722221165895463
1770274189.3266184,300m_roundtrip_13_e0007,300m_roundtrip_13,4.95302706402138,35,16.1,7,10.0,-2.515999972820282,7.0,0.03655172413793103,17.697038078308104,0.34228789806365967,0.06868236064910889
1770274212.3234346,300m_roundtrip_13_e0008,300m_roundtrip_13,0.0,58,23.333333333333332,8,3.0,-0.07666666805744171,1.0,0.12413793103448274,227.91581217447916,-0.022891999532779057,-21.418431599934895
1770274213.339115,300m_roundtrip_13_e0008,300m_roundtrip_13,0.0,59,34.1875,8,32.0,-0.041249999369028956,1.0,0.12413793103448276,227.81557703018188,-0.028605062165297568,-21.462872564792633
1770274214.3373208,300m_roundtrip_13_e0008,300m_roundtrip_13,0.0,60,26.625,8,8.0,-0.06375000113621354,1.0,0.12413793103448276,227.89811325073242,-0.02289024950005114,-21.41964077949524
1770274216.327189,300m_roundtrip_13_e0008,300m_roundtrip_13,2.1692351432615307,62,16.333333333333332,8,3.0,-5.79000011458993,2.0,0.1632183908045977,229.34808858235678,4.578692674636841,-21.383697509765625
1770274217.3353348,300m_roundtrip_13_e0008,300m_roundtrip_13,0.0,63,31.0,8,1.0,7.559999942779541,1.0,0.19310344827586207,231.0154571533203,7.44624137878418,-20.125930786132812
1770274218.3256845,300m_roundtrip_13_e0008,300m_roundtrip_13,1.7573794505420681,64,19.666666666666668,8,3.0,-3.8933334598938623,3.0,0.06896551724137932,228.99073791503906,12.166433652242025,-20.511056264241535
1770274191.337877,300m_roundtrip_13_e0009,300m_roundtrip_13,3.3956239078433486,37,30.5,9,6.0,-2.9600000381469727,4.0,0.0528735632183908,17.03033447265625,1.8055431892474492,-0.17222476253906885
1770274192.3252213,300m_roundtrip_13_e0009,300m_roundtrip_13,0.0,38,28.0,9,3.0,-0.2966666656235854,1.0,0.06896551724137931,10.784086227416992,0.11929311106602351,0.3362523317337036
1770274195.3256733,300m_roundtrip_13_e0009,300m_roundtrip_13,3.501731281392435,41,28.15,9,20.0,-3.378999984264374,6.0,0.047241379310344826,13.111445188522339,-2.895857071876526,0.11666616052389145
1770274196.3230577,300m_roundtrip_13_e0009,300m_roundtrip_13,5.375269574624752,42,25.923076923076923,9,13.0,-2.3984615160868716,6.0,0.04827586206896552,13.525943829463078,-2.0911207520044766,0.015848367260052607
1770274197.3270328,300m_roundtrip_13_e0009,300m_roundtrip_13,1.9755164251477697,43,23.8,9,5.0,-1.5359999895095826,3.0,0.04827586206896552,14.068556594848634,-0.7724912226200104,0.4778874099254608
1770274198.3331833,300m_roundtrip_13_e0009,300m_roundtrip_13,0.0,44,7.0,9,1.0,-1.6799999475479126,1.0,0.020689655172413793,15.921979904174805,0.35610148310661316,1.1851847171783447
1770274200.3414934,300m_roundtrip_13_e0009,300m_roundtrip_13,3.403004273109847,46,22.142857142857142,9,7.0,0.09999999616827283,4.0,0.05714285714285715,18.150856290544784,2.060677102633885,-0.4318361431360245
1770274201.3329298,300m_roundtrip_13_e0009,300m_roundtrip_13,0.0,47,22.0,9,1.0,-5.300000190734863,1.0,0.034482758620689655,22.39238166809082,0.30041900277137756,-1.071171760559082
1770274202.3346264,300m_roundtrip_13_e0009,300m_roundtrip_13,2.18967891499928,48,16.5,9,4.0,-1.1350000202655792,2.0,0.01896551724137931,26.325311183929443,-3.442284792661667,-1.0235496312379837
1770274203.3312886,300m_roundtrip_13_e0009,300m_roundtrip_13,0.0,49,26.666666666666668,9,3.0,-2.559999942779541,1.0,0.006896551724137931,32.82324091593424,-7.827200094858806,-3.037116607030233
1770274219.3385727,300m_roundtrip_13_e0010,300m_roundtrip_13,1.0974093178674145,65,8.666666666666666,10,3.0,-1.233333343019088,2.0,0.13793103448275865,11.411859830220541,1.706756353378296,-0.03360586861769358
1770274220.3307312,300m_roundtrip_13_e0010,300m_roundtrip_13,3.172219439707578,66,15.0,10,4.0,-0.33999999333173037,3.0,0.09137931034482759,11.886990308761597,-0.3913367744535208,-0.33931612968444824
1770274221.3357134,300m_roundtrip_13_e0010,300m_roundtrip_13,2.0943252240343937,67,24.8,10,10.0,-0.4590000107884407,3.0,0.06896551724137931,12.68056936264038,-0.82761734649539,-0.316438028216362
1770274223.3406243,300m_roundtrip_13_e0010,300m_roundtrip_13,3.1130510842381693,69,16.416666666666668,10,12.0,-0.6375000107412537,5.0,0.14022988505747125,11.601758241653442,-2.6617472171783447,-0.5038850779334704
1770274224.3299086,300m_roundtrip_13_e0010,300m_roundtrip_13,0.0,70,23.833333333333332,10,6.0,0.03166666657974323,1.0,0.1931034482758621,10.588762124379477,-3.346090793609619,-0.15780804678797722
1770274225.335372,300m_roundtrip_13_e0010,300m_roundtrip_13,0.0,71,33.0,10,1.0,-3.9100000858306885,1.0,0.041379310344827586,14.378385543823242,-4.527225017547607,0.8810574412345886
1770274226.348466,300m_roundtrip_13_e0010,300m_roundtrip_13,0.0,72,13.75,10,4.0,-1.9374999515712261,1.0,0.013793103448275862,16.57447910308838,-5.293306946754456,0.49273958057165146
1770274156.329261,300m_roundtrip_13_e0011,300m_roundtrip_13,2.1882266930401624,1,29.0,11,10.0,-2.396000000089407,2.0,0.09172413793103448,12.461332035064697,1.7439470767974854,0.30512571334838867
1770274158.3344207,300m_roundtrip_13_e0011,300m_roundtrip_13,1.808903159129104,3,22.0,11,3.0,-1.6833333174387615,2.0,0.09425287356321839,12.781952857971191,0.810309886932373,0.26497120410203934
1770274159.3340788,300m_roundtrip_13_e0011,300m_roundtrip_13,0.16187443539553314,4,29.22222222222222,11,9.0,-2.5477778116861978,2.0,0.05440613026819923,13.72855896419949,1.9722609519958496,0.44265152017275494
1770274160.1578813,300m_roundtrip_13_e0011,300m_roundtrip_13,0.0,5,21.333333333333332,11,3.0,-2.099999984105428,1.0,0.07586206896551724,16.11712392171224,1.3537718454996746,-0.4449360469977061
1770274161.149194,300m_roundtrip_13_e0011,300m_roundtrip_13,0.0,6,5.0,11,1.0,-0.3799999952316284,1.0,0.041379310344827586,18.097196578979492,0.41628560423851013,1.6824320554733276
1770274161.4232445,300m_roundtrip_13_e0011,300m_roundtrip_13,0.0,7,5.0,11,1.0,-0.3799999952316284,1.0,0.041379310344827586,18.097196578979492,0.41628560423851013,1.6824320554733276
1770274162.3455896,300m_roundtrip_13_e0011,300m_roundtrip_13,5.225046836326262,8,18.2,11,5.0,-1.6880000114440918,5.0,0.044137931034482755,14.105884552001953,-2.0600027322769163,0.35933187007904055
1770274163.3474364,300m_roundtrip_13_e0011,300m_roundtrip_13,0.0,9,15.0,11,1.0,0.5199999809265137,1.0,0.1103448275862069,11.152400970458984,-2.987837314605713,-0.7494511604309082
1770274164.329639,300m_roundtrip_13_e0011,300m_roundtrip_13,0.0,10,16.5,11,2.0,-2.3450000286102295,1.0,0.19310344827586207,11.35951566696167,-3.051171064376831,-0.6482080519199371
1770274165.3310223,300m_roundtrip_13_e0011,300m_roundtrip_13,2.813595107146392,11,14.75,11,4.0,0.38500000908970833,4.0,0.12931034482758622,11.634925842285156,-2.2662502229213715,0.0007631152402609587
1770274166.3336043,300m_roundtrip_13_e0011,300m_roundtrip_13,1.7863664674649569,12,5.0,11,3.0,-0.3333333432674408,3.0,0.0689655172413793,10.832464218139648,1.3258791168530781,0.106224258740743
1770274167.3262148,300m_roundtrip_13_e0011,300m_roundtrip_13,2.084346979878465,13,29.0,11,5.0,-1.390000009536743,2.0,0.14344827586206899,11.069632148742675,1.6979468941688538,0.6701046526432037
1770274266.3270123,300m_roundtrip_13_e0012,300m_roundtrip_13,1.8922913445919225,112,14.666666666666666,12,3.0,-20.19333299001058,2.0,0.08505747126436781,220.9709269205729,44.897430419921875,-20.379426956176758
1770274267.3336105,300m_roundtrip_13_e0012,300m_roundtrip_13,0.0,113,23.0,12,1.0,-2.440000057220459,1.0,0.1103448275862069,217.79087829589844,44.83417892456055,-19.939743041992188
1770274268.3340092,300m_roundtrip_13_e0012,300m_roundtrip_13,0.0,114,24.0,12,1.0,-21.149999618530273,1.0,0.020689655172413793,215.99327087402344,42.660518646240234,-19.862287521362305
1770274269.3284369,300m_roundtrip_13_e0012,300m_roundtrip_13,2.8199993702190556,115,30.2,12,5.0,-6.181999969482422,3.0,0.13517241379310346,212.92550354003907,38.286738586425784,-19.305300903320312
1770274270.3365958,300m_roundtrip_13_e0012,300m_roundtrip_13,4.330830602200029,116,27.77777777777778,12,9.0,-1.6955555292467277,4.0,0.10421455938697317,211.26013692220053,37.98824776543511,-19.2137508392334
1770274271.3407097,300m_roundtrip_13_e0012,300m_roundtrip_13,2.7299911230088245,117,24.857142857142858,12,7.0,1.4099999754024404,4.0,0.1103448275862069,209.9710736955915,37.75640542166574,-19.093659264700754
1770274272.3498075,300m_roundtrip_13_e0012,300m_roundtrip_13,0.5300124448969474,118,22.333333333333332,12,3.0,0.7200000323355198,2.0,0.08275862068965517,209.73086547851562,37.71325937906901,-19.074871063232422
1770274273.3359318,300m_roundtrip_13_e0012,300m_roundtrip_13,1.1661446588813091,119,30.333333333333332,12,6.0,-0.7300000063454112,3.0,0.10804597701149425,209.20819091796875,37.640843073527016,-19.020300547281902
1770274274.3333604,300m_roundtrip_13_e0012,300m_roundtrip_13,1.065429639109212,120,20.5,12,4.0,-0.08750000083819032,2.0,0.12413793103448276,206.36537170410156,34.64686584472656,-16.77276372909546
1770274276.3351576,300m_roundtrip_13_e0012,300m_roundtrip_13,0.0,122,11.0,12,1.0,-0.9300000071525574,1.0,0.1724137931034483,206.58534240722656,35.00430679321289,-16.894880294799805
1770274277.3244634,300m_roundtrip_13_e0012,300m_roundtrip_13,0.81730094655745,123,25.571428571428573,12,7.0,-0.1342857126146555,3.0,0.09753694581280789,209.07227434430803,37.5947380065918,-19.0089476449149
1770274278.326677,300m_roundtrip_13_e0012,300m_roundtrip_13,0.359755419331963,124,28.875,12,8.0,0.11624999856576324,2.0,0.16551724137931034,208.7625732421875,41.21942901611328,-18.46332812309265
1770274197.3270328,300m_roundtrip_13_e0013,300m_roundtrip_13,2.2949519383040817,43,19.0,13,3.0,-3.2966666221618652,3.0,0.022988505747126436,18.297107060750324,-2.59448504447937,-1.1322689453760784
1770274198.3331833,300m_roundtrip_13_e0013,300m_roundtrip_13,0.0,44,33.0,13,1.0,-2.130000114440918,1.0,0.020689655172413793,15.095239639282227,-4.662877559661865,-1.1388248205184937
1770274199.3403115,300m_roundtrip_13_e0013,300m_roundtrip_13,0.0,45,26.833333333333332,13,6.0,-3.9166667064030967,1.0,0.07586206896551724,12.593669891357422,-3.8593507210413613,-0.3581840048233668
1770274200.3414934,300m_roundtrip_13_e0013,300m_roundtrip_13,1.672469663335637,46,24.7,13,10.0,0.17899999320507048,3.0,0.12827586206896552,13.917407321929932,-1.3032840967178345,-0.40651975609362123
1770274201.3329298,300m_roundtrip_13_e0013,300m_roundtrip_13,0.3403427600856199,47,35.0,13,5.0,-1.4320000201463698,2.0,0.13793103448275862,14.833760070800782,-1.5536416053771973,-0.45477065443992615
1770274202.3346264,300m_roundtrip_13_e0013,300m_roundtrip_13,3.848983220568616,48,21.125,13,8.0,-1.6037500128149986,5.0,0.0793103448275862,15.978411197662354,-1.510460075456649,-0.4349369122646749
1770274204.3454876,300m_roundtrip_13_e0013,300m_roundtrip_13,2.869756955355957,50,21.0,13,6.0,-3.484999974568685,3.0,0.013793103448275862,15.043402989705404,-3.744918862978617,0.7126042048136393
1770274205.3339918,300m_roundtrip_13_e0013,300m_roundtrip_13,0.0,51,15.0,13,1.0,-3.740000009536743,1.0,0.027586206896551724,13.548272132873535,-2.872267723083496,-0.13006740808486938
1770274206.3358455,300m_roundtrip_13_e0013,300m_roundtrip_13,1.4641353782519755,52,20.0,13,4.0,-0.8974999934434891,2.0,0.07758620689655173,12.280409574508667,-2.1828045547008514,0.07075840886682272
1770274207.3324463,300m_roundtrip_13_e0013,300m_roundtrip_13,1.5351317633913932,53,28.0,13,8.0,-0.8899999968707561,2.0,0.12068965517241378,11.423136353492737,-2.6302246153354645,-0.26584245823323727
1770274201.3329298,300m_roundtrip_13_e0014,300m_roundtrip_13,3.668140333304234,47,18.666666666666668,14,3.0,-1.2433332602183025,3.0,0.1149425287356322,281.3810323079427,-47.376976013183594,-23.792523701985676
1770274202.3346264,300m_roundtrip_13_e0014,300m_roundtrip_13,1.8100544577304152,48,19.25,14,4.0,-0.05499999923631549,3.0,0.12931034482758622,283.67423248291016,-46.122108459472656,-22.64197063446045
1770274203.3312886,300m_roundtrip_13_e0014,300m_roundtrip_13,1.6357377759252136,49,14.666666666666666,14,3.0,-0.5266666909058889,2.0,0.09885057471264369,282.77064005533856,-46.2937863667806,-23.401254653930664
1770274204.3454876,300m_roundtrip_13_e0014,300m_roundtrip_13,0.0,50,14.0,14,1.0,-0.1899999976158142,1.0,0.18620689655172415,285.13385009765625,-48.69121551513672,-22.945587158203125
1770274205.3339918,300m_roundtrip_13_e0014,300m_roundtrip_13,0.5260786381583545,51,16.333333333333332,14,3.0,-4.87666670481364,2.0,0.1839080459770115,287.92884318033856,-48.95045471191406,-22.426869710286457
1770274206.3358455,300m_roundtrip_13_e0014,300m_roundtrip_13,0.0,52,12.0,14,1.0,-0.17000000178813934,1.0,0.14482758620689656,292.40509033203125,-48.94816589355469,-24.32550811767578
1770274208.3226068,300m_roundtrip_13_e0014,300m_roundtrip_13,1.7267568855988151,54,19.75,14,4.0,0.01500000013038516,2.0,0.16896551724137931,292.8031997680664,-51.89960861206055,-26.113276481628418
1770274209.3265238,300m_roundtrip_13_e0014,300m_roundtrip_13,0.0,55,18.5,14,2.0,0.019999999552965164,1.0,0.1793103448275862,292.6245880126953,-52.10078430175781,-26.43705177307129
1770274210.333072,300m_roundtrip_13_e0014,300m_roundtrip_13,0.0,56,15.0,14,1.0,-19.75,1.0,0.006896551724137931,290.93865966796875,-52.84821701049805,-23.852005004882812
1770274211.3282092,300m_roundtrip_13_e0014,300m_roundtrip_13,3.6349699177204395,57,18.6,14,5.0,-1.518000030517578,4.0,0.15448275862068966,288.27991943359376,-49.34966278076172,-22.96704521179199
1770274212.3234346,300m_roundtrip_13_e0014,300m_roundtrip_13,4.293103490466143,58,15.25,14,4.0,-0.14750000089406967,4.0,0.12068965517241381,283.8372497558594,-50.40890693664551,-21.742722988128662
1770274156.329261,300m_roundtrip_13_e0015,300m_roundtrip_13,4.366500988879088,1,17.90909090909091,15,11.0,0.31454545276408846,7.0,0.07272727272727274,381.5496299050071,-9.549640915610574,-34.91846674138849
1770274157.3415143,300m_roundtrip_13_e0015,300m_roundtrip_13,2.5611347633253487,2,14.0,15,3.0,-0.049999999503294625,3.0,0.09885057471264368,380.35752360026044,-11.154368082682291,-33.980430603027344
1770274158.3344207,300m_roundtrip_13_e0015,300m_roundtrip_13,0.0,3,16.0,15,1.0,0.33000001311302185,1.0,0.11724137931034483,379.6694641113281,-12.966802597045898,-34.45419692993164
1770274159.3340788,300m_roundtrip_13_e0015,300m_roundtrip_13,0.0,4,16.5,15,2.0,-0.05999999865889549,1.0,0.1793103448275862,380.5943908691406,-12.503559112548828,-35.38251304626465
1770274160.1578813,300m_roundtrip_13_e0015,300m_roundtrip_13,4.107074648344344,5,18.0,15,3.0,-1.9199999570846558,3.0,0.14942528735632185,380.5091247558594,-10.433724403381348,-35.09333038330078
1770274161.149194,300m_roundtrip_13_e0015,300m_roundtrip_13,4.485520582171501,6,16.5,15,6.0,-1.1616666925450165,5.0,0.1218390804597701,379.90105692545575,-10.001746018727621,-33.990817387898765
1770274161.4232445,300m_roundtrip_13_e0015,300m_roundtrip_13,4.485520582171501,7,16.5,15,6.0,-1.1616666925450165,5.0,0.1218390804597701,379.90105692545575,-10.001746018727621,-33.990817387898765
1770274162.3455896,300m_roundtrip_13_e0015,300m_roundtrip_13,3.6462229210169586,8,15.333333333333334,15,3.0,-0.07333333231508732,3.0,0.1149425287356322,382.2305196126302,-8.020351886749268,-34.36398188273112
1770274163.3474364,300m_roundtrip_13_e0015,300m_roundtrip_13,0.0,9,18.0,15,1.0,-40.84000015258789,1.0,0.12413793103448276,383.876220703125,-6.015116214752197,-35.91993713378906
1770274164.329639,300m_roundtrip_13_e0015,300m_roundtrip_13,2.426087393359725,10,15.0,15,3.0,33.84333419799805,3.0,0.06436781609195402,384.99176025390625,-6.032483418782552,-35.94615681966146
1770274238.3319657,300m_roundtrip_13_e0016,300m_roundtrip_13,0.0,84,22.75,16,4.0,-0.06750000081956387,1.0,0.2,226.60482788085938,24.125096321105957,-21.340949535369873
1770274239.314659,300m_roundtrip_13_e0016,300m_roundtrip_13,0.0,85,33.285714285714285,16,7.0,-0.01571428616132055,1.0,0.2,226.53395516531808,24.117453983851842,-21.32447842189244
1770274240.3268886,300m_roundtrip_13_e0016,300m_roundtrip_13,1.7388603403919936,86,30.11111111111111,16,9.0,-2.4588889905975924,2.0,0.1992337164750958,226.82088216145834,24.12948120964898,-21.302603827582466
1770274241.3392217,300m_roundtrip_13_e0016,300m_roundtrip_13,0.0,87,26.0,16,9.0,-0.0033333334657880995,1.0,0.2,226.50973341200086,24.13798035515679,-21.331995434231228
1770274242.340988,300m_roundtrip_13_e0016,300m_roundtrip_13,1.779258407000737,88,25.375,16,8.0,-2.741249914513901,2.0,0.19913793103448277,226.83105278015137,24.148659467697144,-21.324799299240112
1770274243.3339787,300m_roundtrip_13_e0016,300m_roundtrip_13,0.0,89,17.0,16,1.0,11.300000190734863,1.0,0.034482758620689655,231.8997802734375,23.127187728881836,-20.950895309448242
1770274244.343448,300m_roundtrip_13_e0016,300m_roundtrip_13,0.0,90,34.0,16,2.0,-0.10000000335276127,1.0,0.18620689655172415,236.56999969482422,19.23934555053711,-22.016932487487793
1770274245.3352575,300m_roundtrip_13_e0016,300m_roundtrip_13,5.951063809011006,91,21.0,16,6.0,-15.903332996182144,6.0,0.10344827586206899,240.70401255289713,16.582587718963623,-21.593133290608723
1770274246.3221815,300m_roundtrip_13_e0016,300m_roundtrip_13,0.9008114610394727,92,15.0,16,2.0,0.5600000247359276,2.0,0.16206896551724137,249.4206771850586,11.873518943786621,-21.06328010559082
1770274247.3264728,300m_roundtrip_13_e0016,300m_roundtrip_13,0.0,93,16.0,16,1.0,-48.27000045776367,1.0,0.1724137931034483,256.8638610839844,10.679805755615234,-22.17078971862793
1770274248.3342257,300m_roundtrip_13_e0016,300m_roundtrip_13,3.7762286359638852,94,22.333333333333332,16,3.0,0.36666681865851086,3.0,0.10344827586206896,261.26865641276044,12.258253415425619,-22.261751174926758
1770274284.32863,300m_roundtrip_13_e0017,300m_roundtrip_13,1.8835873343717258,130,22.0,17,3.0,-0.8400000824282566,3.0,0.135632183908046,275.0205078125,-67.01329549153645,-24.033605575561523
1770274285.3288522,300m_roundtrip_13_e0017,300m_roundtrip_13,4.760007938785622,131,21.166666666666668,17,6.0,-0.5649999994784594,6.0,0.13908045977011493,274.4833628336589,-67.128236134847,-23.751643180847168
1770274286.3274348,300m_roundtrip_13_e0017,300m_roundtrip_13,5.369210440649622,132,22.571428571428573,17,7.0,0.9271428441362721,6.0,0.12019704433497538,274.02376447405135,-66.82449449811664,-23.825539997645787
1770274287.3344674,300m_roundtrip_13_e0017,300m_roundtrip_13,0.0,133,16.0,17,1.0,0.0,1.0,0.08275862068965517,275.4764099121094,-62.69669723510742,-24.943355560302734
1770274289.3365433,300m_roundtrip_13_e0017,300m_roundtrip_13,2.898057774744801,135,25.0,17,3.0,-2.4733333388964334,3.0,0.16321839080459769,282.2307434082031,-49.76141230265299,-22.010447184244793
1770274290.322658,300m_roundtrip_13_e0017,300m_roundtrip_13,0.0,136,17.0,17,1.0,-2.130000114440918,1.0,0.1310344827586207,282.84576416015625,-46.728248596191406,-22.989215850830078
1770274291.328591,300m_roundtrip_13_e0017,300m_roundtrip_13,5.214294706101915,137,18.4375,17,16.0,-0.4262500151526183,5.0,0.1495689655172414,281.71399307250977,-47.93752574920654,-25.470759868621826
1770274201.3329298,300m_roundtrip_13_e0018,300m_roundtrip_13,2.2032492249242877,47,21.666666666666668,18,3.0,-0.313333331917723,3.0,0.13333333333333333,188.40880839029947,-58.050496419270836,-14.948740323384603
1770274202.3346264,300m_roundtrip_13_e0018,300m_roundtrip_13,1.755186472125141,48,28.0,18,3.0,8.303333257635435,3.0,0.12873563218390804,184.62037658691406,-59.0096181233724,-14.579414049784342
1770274203.3312886,300m_roundtrip_13_e0018,300m_roundtrip_13,0.0,49,20.0,18,1.0,-0.28999999165534973,1.0,0.027586206896551724,180.147216796875,-56.9085578918457,-14.914094924926758
1770274204.3454876,300m_roundtrip_13_e0018,300m_roundtrip_13,0.0,50,17.0,18,1.0,-0.1899999976158142,1.0,0.11724137931034483,177.5253143310547,-56.97214889526367,-15.054574966430664
1770274205.3339918,300m_roundtrip_13_e0018,300m_roundtrip_13,0.0,51,22.333333333333332,18,3.0,-0.019999999552965164,1.0,0.1793103448275862,173.65208435058594,-59.109381357828774,-16.003705342610676
1770274206.3358455,300m_roundtrip_13_e0018,300m_roundtrip_13,2.618594472324698,52,24.857142857142858,18,7.0,0.007142857515386173,3.0,0.1852216748768473,173.98993573869978,-58.652034759521484,-15.878781182425362
1770274208.3226068,300m_roundtrip_13_e0018,300m_roundtrip_13,0.0,54,28.0,18,1.0,-3.4600000381469727,1.0,0.18620689655172415,174.90682983398438,-58.57582092285156,-16.031150817871094
1770274209.3265238,300m_roundtrip_13_e0018,300m_roundtrip_13,0.0,55,23.666666666666668,18,9.0,-0.002222222172551685,1.0,0.1793103448275862,173.65626525878906,-59.09352281358507,-16.004091262817383
1770274177.3376496,300m_roundtrip_13_e0019,300m_roundtrip_13,3.1189896918066116,23,19.0,19,3.0,-0.7433331174155077,3.0,0.03218390804597701,373.8565165201823,-73.94395192464192,-33.61444981892904
1770274178.3317447,300m_roundtrip_13_e0019,300m_roundtrip_13,1.6656701723198195,24,14.666666666666666,19,3.0,3.286666731039683,2.0,0.15172413793103448,372.6854654947917,-75.39335123697917,-33.97130457560221
1770274179.3426194,300m_roundtrip_13_e0019,300m_roundtrip_13,0.0,25,18.0,19,2.0,-0.10000000055879354,1.0,0.07586206896551724,373.5715026855469,-76.49840927124023,-34.484445571899414
1770274180.339286,300m_roundtrip_13_e0019,300m_roundtrip_13,1.4129757191171763,26,18.0,19,3.0,7.586666717504461,2.0,0.10114942528735632,375.1093343098958,-75.90687815348308,-34.74628702799479
1770274182.3333933,300m_roundtrip_13_e0019,300m_roundtrip_13,3.8508641639047054,28,13.0,19,3.0,-18.979999860127766,3.0,0.10344827586206896,381.6531473795573,-75.13006846110027,-35.07121022542318
1770274183.3342175,300m_roundtrip_13_e0019,300m_roundtrip_13,3.6198710546232697,29,15.25,19,4.0,-8.960000038146973,4.0,0.06551724137931034,385.28971099853516,-75.24504661560059,-35.53776741027832
1770274169.3183992,300m_roundtrip_13_e0020,300m_roundtrip_13,1.455756567931581,15,32.5,20,6.0,0.07999999945362408,2.0,0.01954022988505747,25.94314161936442,-4.721240917841594,-2.413565516471863
1770274171.3294404,300m_roundtrip_13_e0020,300m_roundtrip_13,0.0,17,13.0,20,1.0,-0.6399999856948853,1.0,0.020689655172413793,21.926923751831055,-3.5817229747772217,-0.3311217427253723
1770274172.3396976,300m_roundtrip_13_e0020,300m_roundtrip_13,3.7362544053724087,18,25.666666666666668,20,3.0,0.026666661103566486,3.0,0.03218390804597701,19.061992009480793,-4.091186285018921,0.3506068189938863
1770274173.3379533,300m_roundtrip_13_e0020,300m_roundtrip_13,1.013145478448905,19,11.0,20,2.0,-0.7850000262260437,2.0,0.03793103448275862,14.581997871398926,-4.357600450515747,0.38247445225715637
1770274174.3251252,300m_roundtrip_13_e0020,300m_roundtrip_13,0.0,20,17.0,20,1.0,-2.130000114440918,1.0,0.07586206896551724,12.186981201171875,-1.840406060218811,0.6049704551696777
1770274175.330319,300m_roundtrip_13_e0020,300m_roundtrip_13,4.280623848133785,21,20.5,20,10.0,-0.5510000018402934,5.0,0.06000000000000001,11.49656410217285,0.4528577446937561,0.44396643340587616
1770274176.3217213,300m_roundtrip_13_e0020,300m_roundtrip_13,5.789612345468546,22,22.764705882352942,20,17.0,-1.5670588314533234,9.0,0.04949290060851927,12.977592524360208,0.37522608238984556,0.40204367698992
1770274177.3376496,300m_roundtrip_13_e0020,300m_roundtrip_13,0.0,23,29.25,20,4.0,-1.5100000202655792,1.0,0.034482758620689655,15.07615041732788,1.1330121159553528,0.6437609195709229
1770274272.3498075,300m_roundtrip_13_e0021,300m_roundtrip_13,0.7599067868213902,118,4.0,21,3.0,-0.8833333651224772,2.0,0.12183908045977011,11.23473072052002,-1.5370477437973022,0.23075340191523233
1770274273.3359318,300m_roundtrip_13_e0021,300m_roundtrip_13,0.0,119,14.0,21,1.0,-2.440000057220459,1.0,0.14482758620689656,11.648707389831543,-1.01748526096344,-0.6296423077583313
1770274274.3333604,300m_roundtrip_13_e0021,300m_roundtrip_13,3.6862539963107386,120,15.571428571428571,21,7.0,-2.547142880303519,4.0,0.08374384236453201,11.491076469421387,-1.9652258838926042,-0.11828070878982544
1770274275.3236456,300m_roundtrip_13_e0021,300m_roundtrip_13,4.6484491215040045,121,21.09090909090909,21,11.0,-2.2609091075983914,7.0,0.04326018808777429,12.30096166784113,-2.575131210413846,-0.13460585204037753
1770274276.3351576,300m_roundtrip_13_e0021,300m_roundtrip_13,2.191895483950661,122,23.0,21,5.0,-3.305999994277954,3.0,0.04689655172413793,14.017391967773438,-1.9085646390914917,-0.1465186825953424
1770274277.3244634,300m_roundtrip_13_e0021,300m_roundtrip_13,0.0,123,5.0,21,1.0,-3.240000009536743,1.0,0.041379310344827586,16.178049087524414,2.6840312480926514,-0.16340383887290955
1770274279.3334296,300m_roundtrip_13_e0021,300m_roundtrip_13,0.0,125,29.333333333333332,21,3.0,-3.700000047683716,1.0,0.006896551724137931,30.576554616292317,6.169878641764323,-1.0349010229110718
1770274192.3252213,300m_roundtrip_13_e0022,300m_roundtrip_13,1.7925100153781772,38,28.75,22,4.0,-1.5349999964237213,2.0,0.017241379310344827,24.29169797897339,4.310702085494995,1.8155137449502945
1770274193.331358,300m_roundtrip_13_e0022,300m_roundtrip_13,2.1920152197590568,39,23.0,22,3.0,-2.4033333460489907,2.0,0.006896551724137931,25.717187881469727,4.679739157358806,0.20772496859232584
1770274194.326863,300m_roundtrip_13_e0022,300m_roundtrip_13,0.0,40,38.5,22,2.0,-1.4099999964237213,1.0,0.013793103448275862,23.60930824279785,4.290300369262695,-2.068561553955078
1770274195.3256733,300m_roundtrip_13_e0022,300m_roundtrip_13,2.9561767016870086,41,24.666666666666668,22,9.0,-1.612222209572792,5.0,0.026053639846743294,21.064455032348633,1.9611372152964275,0.10082434283362494
1770274196.3230577,300m_roundtrip_13_e0022,300m_roundtrip_13,0.0,42,21.0,22,1.0,-3.809999942779541,1.0,0.020689655172413793,20.13119888305664,0.8497479557991028,1.2840944528579712
1770274197.3270328,300m_roundtrip_13_e0022,300m_roundtrip_13,5.607236361854213,43,19.2,22,10.0,-3.146000051498413,7.0,0.02482758620689655,16.351878356933593,1.7838030375540257,-0.1301190197467804
1770274198.3331833,300m_roundtrip_13_e0022,300m_roundtrip_13,4.626808806556194,44,21.125,22,8.0,-0.006250005215406418,6.0,0.053448275862068975,14.75036358833313,2.3638060688972473,-0.5896542128175497
1770274199.3403115,300m_roundtrip_13_e0022,300m_roundtrip_13,3.255649262241185,45,23.75,22,8.0,-2.708749946206808,3.0,0.08275862068965517,12.64673125743866,1.4745752066373825,0.11244849860668182
1770274237.3342266,300m_roundtrip_13_e0023,300m_roundtrip_13,0.0,83,29.333333333333332,23,3.0,-1.6866666475931804,1.0,0.034482758620689655,18.514230728149414,2.9222774505615234,-1.4135418732961018
1770274238.3319657,300m_roundtrip_13_e0023,300m_roundtrip_13,0.0,84,24.0,23,1.0,-1.5399999618530273,1.0,0.020689655172413793,15.604215621948242,2.9975712299346924,-1.134860634803772
1770274239.314659,300m_roundtrip_13_e0023,300m_roundtrip_13,0.0,85,26.0,23,2.0,-1.824999988079071,1.0,0.020689655172413793,16.573076248168945,2.556162714958191,-1.098743200302124
1770274240.3268886,300m_roundtrip_13_e0023,300m_roundtrip_13,2.985903828223024,86,14.142857142857142,23,7.0,-2.2242857047489712,4.0,0.030541871921182268,18.9855226789202,-1.884828201362065,0.4042722242219107
1770274242.340988,300m_roundtrip_13_e0023,300m_roundtrip_13,0.0,88,31.0,23,2.0,0.13500000163912773,1.0,0.013793103448275862,21.27786159515381,-6.39309549331665,-1.7958388924598694
1770274243.3339787,300m_roundtrip_13_e0023,300m_roundtrip_13,1.3299136961770257,89,24.5,23,4.0,-0.4125000238418579,2.0,0.01896551724137931,19.07339382171631,-5.287987947463989,-0.13661029934883118
1770274244.343448,300m_roundtrip_13_e0023,300m_roundtrip_13,2.2540052122604366,90,20.0,23,4.0,-2.439999997615814,3.0,0.02413793103448276,17.01527738571167,-3.8743231296539307,0.5953206443227828
1770274245.3352575,300m_roundtrip_13_e0023,300m_roundtrip_13,2.7011005278732774,91,19.6,23,5.0,-2.9260000228881835,3.0,0.03586206896551724,15.428025817871093,0.46510652303695676,0.7705894947052002
1770274247.3264728,300m_roundtrip_13_e0023,300m_roundtrip_13,3.148675920084286,93,20.6,23,5.0,-1.1339999713003635,4.0,0.05517241379310345,14.387511825561523,0.18214211016893386,-0.3985424667596817
1770274262.3289638,300m_roundtrip_13_e0024,300m_roundtrip_13,2.603223686619893,108,26.083333333333332,24,12.0,-2.288333316644033,3.0,0.062068965517241385,16.89153178532918,-1.9280728201071422,-0.15934483955303827
1770274263.327308,300m_roundtrip_13_e0024,300m_roundtrip_13,4.439899291970077,109,15.25,24,4.0,-9.634999930858612,4.0,0.03103448275862069,18.843075275421143,-2.2965582609176636,0.10210257768630981
1770274264.3286648,300m_roundtrip_13_e0024,300m_roundtrip_13,0.0,110,33.666666666666664,24,3.0,-2.93666672706604,1.0,0.020689655172413793,17.273605982462566,-3.438591162363688,-1.2475922107696533
1770274265.313647,300m_roundtrip_13_e0024,300m_roundtrip_13,0.6701037138249107,111,21.0,24,2.0,-3.0199999809265137,2.0,0.027586206896551724,14.77959394454956,-4.197052240371704,-0.02313905954360962
1770274266.3270123,300m_roundtrip_13_e0024,300m_roundtrip_13,0.0,112,0.0,24,1.0,0.03999999910593033,1.0,0.19310344827586207,10.652100563049316,-3.12460994720459,0.9322980046272278
1770274267.3336105,300m_roundtrip_13_e0024,300m_roundtrip_13,0.5420575205422963,113,20.772727272727273,24,22.0,-0.6509090914306316,2.0,0.1931034482758621,10.752395109696822,-3.204832369630987,0.1593683727762916
1770274268.3340092,300m_roundtrip_13_e0024,300m_roundtrip_13,1.7114626624611653,114,0.0,24,2.0,0.044999999925494194,2.0,0.16206896551724137,10.73793649673462,-2.7202906012535095,0.4679359495639801
1770274269.3284369,300m_roundtrip_13_e0024,300m_roundtrip_13,1.4660354465052647,115,27.0,24,3.0,-1.2166666587193806,2.0,0.06896551724137931,13.330090840657553,0.8535340229670206,-0.1480125586191813
1770274270.3365958,300m_roundtrip_13_e0024,300m_roundtrip_13,4.071046650122232,116,19.166666666666668,24,6.0,-3.68166670948267,5.0,0.04827586206896551,13.637998739878336,1.5053253794709842,-0.7902504404385885
1770274193.331358,300m_roundtrip_13_e0025,300m_roundtrip_13,0.30893117184094615,39,26.272727272727273,25,11.0,-3.2109090848402544,2.0,0.019435736677115987,23.892209313132547,-2.419082836671309,2.194999998266047
1770274194.326863,300m_roundtrip_13_e0025,300m_roundtrip_13,0.0,40,3.0,25,1.0,-1.7100000381469727,1.0,0.034482758620689655,18.327451705932617,-2.14186954498291,1.1819225549697876
1770274195.3256733,300m_roundtrip_13_e0025,300m_roundtrip_13,0.0,41,25.333333333333332,25,3.0,-0.4633333384990692,1.0,0.041379310344827586,17.171908696492512,-2.0690536499023438,-1.6004549264907837
1770274197.3270328,300m_roundtrip_13_e0025,300m_roundtrip_13,2.126652726988362,43,2.5,25,2.0,-0.014999999664723873,2.0,0.02413793103448276,10.956536293029785,-1.1579718738794327,1.0135064125061035
1770274198.3331833,300m_roundtrip_13_e0025,300m_roundtrip_13,0.0,44,21.0,25,3.0,-3.236666679382324,1.0,0.14482758620689656,11.627158482869467,-1.1593566338221233,-0.2077611337105433
1770274199.3403115,300m_roundtrip_13_e0025,300m_roundtrip_13,0.0,45,25.0,25,6.0,-2.1383332908153534,1.0,0.15172413793103448,14.334012826283773,-1.3212646047274272,-0.49459752937157947
1770274200.3414934,300m_roundtrip_13_e0025,300m_roundtrip_13,1.0454435127359478,46,26.333333333333332,25,3.0,-0.9600000381469727,2.0,0.03908045977011494,19.682620366414387,-2.172478437423706,-1.708376129468282
1770274201.3329298,300m_roundtrip_13_e0025,300m_roundtrip_13,1.185748132497765,47,23.5,25,4.0,-3.6774999499320984,2.0,0.01896551724137931,25.123262405395508,-0.03603297472000122,-0.731885589659214
1770274264.3286648,300m_roundtrip_13_e0026,300m_roundtrip_13,1.948772275675286,110,21.333333333333332,26,6.0,1.94166665772597,2.0,0.12413793103448274,233.49278004964194,36.24648984273275,-20.953707059224445
1770274265.313647,300m_roundtrip_13_e0026,300m_roundtrip_13,3.930620940163294,111,27.333333333333332,26,6.0,-0.7766666474441687,5.0,0.11379310344827587,234.8099568684896,36.37822341918945,-21.048343340555828
1770274266.3270123,300m_roundtrip_13_e0026,300m_roundtrip_13,1.1618834605285093,112,21.8,26,5.0,0.04400000870227814,3.0,0.12,233.415576171875,36.18729476928711,-21.003092193603514
1770274267.3336105,300m_roundtrip_13_e0026,300m_roundtrip_13,0.48343181042228006,113,20.666666666666668,26,3.0,-13.293333053588867,2.0,0.09425287356321839,228.78954060872397,35.444653828938804,-20.446978251139324
1770274268.3340092,300m_roundtrip_13_e0026,300m_roundtrip_13,0.0,114,35.0,26,1.0,-12.819999694824219,1.0,0.08275862068965517,228.64462280273438,35.42177963256836,-20.403270721435547
1770274269.3284369,300m_roundtrip_13_e0026,300m_roundtrip_13,0.567921384940892,115,23.0,26,3.0,13.09666665395101,2.0,0.09425287356321839,228.82235209147134,35.449737548828125,-20.449914932250977
1770274270.3365958,300m_roundtrip_13_e0026,300m_roundtrip_13,1.3107966493703136,116,26.666666666666668,26,3.0,-7.496666590372722,2.0,0.06206896551724137,230.0619862874349,35.64189020792643,-20.56834348042806
1770274961.327818,300m_roundtrip_5_e0001,300m_roundtrip_5,1.1243133409594184,51,32.108695652173914,1,46.0,-0.33000000145124353,5.0,0.06569517439082656,276.8972055186396,-80.65249948916228,-26.068809675133746
1770274962.3301327,300m_roundtrip_5_e0001,300m_roundtrip_5,1.8169729296188526,52,33.68181818181818,1,44.0,-0.9343181821432981,5.0,0.024975024975024976,277.20290582830256,-80.65515084700151,-26.125777201219037
1770274963.3209362,300m_roundtrip_5_e0001,300m_roundtrip_5,1.7828306532465454,53,34.191489361702125,1,47.0,-1.77425532138094,4.0,0.023380874444704235,277.8620034075798,-80.8268791361058,-26.203337851991044
1770274964.3338099,300m_roundtrip_5_e0001,300m_roundtrip_5,0.12303474220588204,54,35.172413793103445,1,29.0,-1.7389655154326866,2.0,0.02197802197802198,278.64149843413253,-81.00472601528826,-26.27165123512005
1770274965.3245766,300m_roundtrip_5_e0001,300m_roundtrip_5,1.6589917721978107,55,35.18421052631579,1,38.0,-3.2584210508748104,4.0,0.02168883747831116,279.92222193667766,-81.0829859281841,-26.394899318092747
1770274966.3110135,300m_roundtrip_5_e0001,300m_roundtrip_5,1.2370007162298144,56,33.61764705882353,1,34.0,-5.56470586271847,3.0,0.01098901098901099,282.15106470444624,-81.5950039134306,-26.577967251048367
1770274967.3264868,300m_roundtrip_5_e0001,300m_roundtrip_5,0.0,57,45.666666666666664,1,12.0,-5.887499888737996,1.0,0.01098901098901099,285.0305582682292,-81.53893089294434,-26.812159538269043
1770274970.3226676,300m_roundtrip_5_e0001,300m_roundtrip_5,0.406121273979152,60,17.0,1,3.0,0.14333333633840084,2.0,0.06227106227106227,292.9500732421875,-96.63994852701823,-26.870201746622723
1770274956.3359823,300m_roundtrip_5_e0002,300m_roundtrip_5,2.322763509093497,46,14.333333333333334,2,3.0,-0.5233333179106315,3.0,0.08424908424908424,407.70128377278644,-61.430861155192055,-37.464168548583984
1770274957.3414192,300m_roundtrip_5_e0002,300m_roundtrip_5,1.5540002875155057,47,12.75,2,4.0,-6.507500410079956,4.0,0.11263736263736263,412.7126770019531,-61.6879186630249,-38.170814514160156
1770274958.3128178,300m_roundtrip_5_e0002,300m_roundtrip_5,2.451192675746746,48,13.0,2,5.0,-4.0899998165667055,3.0,0.12307692307692308,416.91008911132815,-62.107916259765624,-38.10232391357422
1770274959.315608,300m_roundtrip_5_e0002,300m_roundtrip_5,0.0,49,12.0,2,1.0,13.6899995803833,1.0,0.03296703296703297,421.08477783203125,-63.890785217285156,-37.36359786987305
1770274960.315884,300m_roundtrip_5_e0002,300m_roundtrip_5,0.0,50,13.0,2,1.0,2.2899999618530273,1.0,0.07692307692307693,424.8835144042969,-64.72953796386719,-37.743492126464844
1770274961.327818,300m_roundtrip_5_e0002,300m_roundtrip_5,1.2935305588447668,51,17.8,2,5.0,0.5360000114887953,2.0,0.13626373626373628,425.23564453125,-64.08510894775391,-39.10372695922852
1770274962.3301327,300m_roundtrip_5_e0002,300m_roundtrip_5,1.8380234280909158,52,15.2,2,5.0,-0.05599999986588955,2.0,0.14725274725274726,425.348876953125,-63.7722770690918,-39.28566055297851
1770274963.3209362,300m_roundtrip_5_e0002,300m_roundtrip_5,0.0,53,11.0,2,1.0,12.670000076293945,1.0,0.03296703296703297,422.225341796875,-61.9121208190918,-38.57149124145508
1770274964.3338099,300m_roundtrip_5_e0002,300m_roundtrip_5,2.560800699749919,54,11.333333333333334,2,6.0,-0.06000000052154064,3.0,0.1794871794871795,417.3934377034505,-62.46131960550944,-38.2491709391276
1770274965.3245766,300m_roundtrip_5_e0002,300m_roundtrip_5,0.0,55,25.0,2,9.0,-0.02111111105316215,1.0,0.17582417582417584,416.8455810546875,-65.1810056898329,-39.08903800116645
1770274981.3351448,300m_roundtrip_5_e0003,300m_roundtrip_5,1.9525274879866494,71,20.0,3,4.0,1.2950000390410423,3.0,0.15934065934065933,324.484619140625,55.765201568603516,-29.715810775756836
1770274982.3209934,300m_roundtrip_5_e0003,300m_roundtrip_5,0.0,72,16.0,3,1.0,-11.170000076293945,1.0,0.10989010989010989,324.0309753417969,56.96869659423828,-30.156694412231445
1770274984.3266523,300m_roundtrip_5_e0003,300m_roundtrip_5,3.1496962289886365,74,16.8,3,5.0,-0.699999988079071,4.0,0.12967032967032968,320.1328125,56.995175170898435,-29.438697814941406
1770274985.327285,300m_roundtrip_5_e0003,300m_roundtrip_5,0.0,75,15.0,3,1.0,-0.05000000074505806,1.0,0.04395604395604396,320.888427734375,55.19370651245117,-30.220298767089844
1770274986.3267372,300m_roundtrip_5_e0003,300m_roundtrip_5,1.3645912515862537,76,17.0,3,3.0,0.5933333039283752,2.0,0.058608058608058615,321.80408732096356,54.76544316609701,-29.743625005086262
1770274987.3379288,300m_roundtrip_5_e0003,300m_roundtrip_5,0.0,77,9.0,3,1.0,-0.3400000035762787,1.0,0.18681318681318682,322.7187805175781,56.853450775146484,-28.895633697509766
1770274988.3115761,300m_roundtrip_5_e0003,300m_roundtrip_5,1.9541983657081896,78,19.0,3,2.0,3.284999942407012,2.0,0.15934065934065933,323.99224853515625,60.44533729553223,-27.392972946166992
1770274989.322264,300m_roundtrip_5_e0003,300m_roundtrip_5,2.415434740903839,79,14.5,3,4.0,5.609999917447567,4.0,0.057692307692307696,323.414794921875,60.41925525665283,-29.32386541366577
1770274990.3334212,300m_roundtrip_5_e0003,300m_roundtrip_5,4.018837843619798,80,17.333333333333332,3,12.0,0.39916665650283295,5.0,0.07509157509157509,321.2141799926758,60.21463839213053,-29.954032739003498
1770274991.3348525,300m_roundtrip_5_e0003,300m_roundtrip_5,1.3345917331175576,81,21.53846153846154,3,13.0,-0.08000000093418819,2.0,0.14792899408284024,319.87813626802887,57.58682397695688,-29.757778607881985
1770274971.3314598,300m_roundtrip_5_e0004,300m_roundtrip_5,0.0,61,22.666666666666668,4,3.0,0.006666666517655055,1.0,0.17582417582417584,186.268798828125,-64.2201919555664,-17.222814559936523
1770274972.314428,300m_roundtrip_5_e0004,300m_roundtrip_5,0.0,62,21.25,4,4.0,-0.0400000000372529,1.0,0.17582417582417584,186.28121948242188,-64.22505950927734,-17.242749214172363
1770274974.3352623,300m_roundtrip_5_e0004,300m_roundtrip_5,4.826145678175784,64,21.75,4,4.0,-0.565000131726265,4.0,0.10164835164835163,185.71358489990234,-63.23086738586426,-16.13760495185852
1770274975.3324363,300m_roundtrip_5_e0004,300m_roundtrip_5,3.599129408116427,65,22.0,4,3.0,5.616666426882148,3.0,0.10256410256410257,187.80463155110678,-62.03704071044922,-12.858016967773438
1770274977.3288789,300m_roundtrip_5_e0004,300m_roundtrip_5,0.0,67,26.0,4,1.0,-0.05000000074505806,1.0,0.17582417582417584,195.71438598632812,-62.53200149536133,-9.695781707763672
1770274978.3359184,300m_roundtrip_5_e0004,300m_roundtrip_5,2.373360327145934,68,20.0,4,3.0,-1.733333354194959,3.0,0.13553113553113552,198.5213826497396,-61.64318974812826,-10.666489919026693
1770274979.3304746,300m_roundtrip_5_e0004,300m_roundtrip_5,0.0,69,11.0,4,1.0,-0.1899999976158142,1.0,0.0989010989010989,198.11068725585938,-59.865264892578125,-12.577072143554688
1770274980.3179114,300m_roundtrip_5_e0004,300m_roundtrip_5,3.0858886582945044,70,23.666666666666668,4,3.0,-0.07333333417773247,3.0,0.0989010989010989,196.96421813964844,-59.97320683797201,-11.98288345336914
1770274939.3316326,300m_roundtrip_5_e0005,300m_roundtrip_5,3.136080664232587,29,16.0,5,3.0,-11.22999999920527,3.0,0.13553113553113552,374.6468098958333,-105.83231353759766,-34.11285400390625
1770274940.3207588,300m_roundtrip_5_e0005,300m_roundtrip_5,1.7562382073113603,30,15.0,5,2.0,-2.240000009536743,2.0,0.049450549450549455,374.10906982421875,-105.5846939086914,-32.4411506652832
1770274941.3255105,300m_roundtrip_5_e0005,300m_roundtrip_5,0.0,31,19.0,5,1.0,-0.15000000596046448,1.0,0.1978021978021978,374.8245849609375,-106.66670227050781,-31.899290084838867
1770274942.3237326,300m_roundtrip_5_e0005,300m_roundtrip_5,3.4680131100689935,32,18.8,5,5.0,-6.144000259041786,4.0,0.13846153846153847,373.96076049804685,-106.16911926269532,-32.75125961303711
1770274943.315813,300m_roundtrip_5_e0005,300m_roundtrip_5,0.9075910310802269,33,14.5,5,2.0,-2.0300002098083496,2.0,0.13186813186813187,378.29833984375,-105.75334548950195,-33.16684913635254
1770274944.3208737,300m_roundtrip_5_e0005,300m_roundtrip_5,1.658908888275095,34,13.0,5,3.0,-0.1133333332836628,3.0,0.07326007326007326,382.4429219563802,-106.36563364664714,-34.2822265625
1770274945.303114,300m_roundtrip_5_e0005,300m_roundtrip_5,2.0062860640338593,35,16.0,5,3.0,-0.41333333030343056,2.0,0.1575091575091575,385.04773966471356,-108.44918060302734,-35.52516428629557
1770274947.337038,300m_roundtrip_5_e0005,300m_roundtrip_5,2.7579153962972143,37,14.0,5,4.0,-0.5599999912083149,3.0,0.10714285714285714,397.38785552978516,-110.62361145019531,-33.75880432128906
1770275309.3347964,100m_cross_10_e0001,100m_cross_10,0.9916416419252572,0,38.65384615384615,1,104.0,5.422884588058178,5.0,0.021739130434782608,108.24875868283786,8.151135761004229,2.039252148224757
1770275310.3365185,100m_cross_10_e0001,100m_cross_10,0.6085427231997236,1,39.707692307692305,1,65.0,1.3423076849717361,3.0,0.057859531772575246,105.77914346548228,12.893837415255033,2.2166311007279615
1770275311.3306572,100m_cross_10_e0001,100m_cross_10,0.0,2,43.857142857142854,1,56.0,0.07214285716015313,1.0,0.13043478260869565,105.58561543055943,13.27965772151947,2.1980095079966953
1770275312.3226254,100m_cross_10_e0001,100m_cross_10,0.19378857223663146,3,38.01923076923077,1,52.0,-0.13692307740879747,2.0,0.12876254180602006,105.56117204519418,13.171382408875685,2.1521219565318184
1770275313.3230386,100m_cross_10_e0001,100m_cross_10,0.0,4,40.785714285714285,1,42.0,-0.08023809508553573,1.0,0.13043478260869565,105.54935092017764,13.227549121493386,2.158787903331575
1770275314.3304663,100m_cross_10_e0001,100m_cross_10,0.0,5,39.148936170212764,1,47.0,0.11808510723107672,1.0,0.13043478260869565,105.52345990120097,13.220601406503231,2.1619569240732397
1770275315.327158,100m_cross_10_e0001,100m_cross_10,0.1942156392190721,6,37.795918367346935,1,49.0,0.24714285656049542,2.0,0.1282165039929015,105.44876394466478,13.228820100122569,2.1217310769217357
1770275316.3272212,100m_cross_10_e0001,100m_cross_10,0.0,7,36.72727272727273,1,33.0,0.5869696984688441,1.0,0.021739130434782608,105.19471047141336,13.2510022539081,0.2505719076954957
1770275317.3291566,100m_cross_10_e0001,100m_cross_10,0.2651172533021683,8,39.15217391304348,1,46.0,0.36347826392106386,4.0,0.021739130434782608,104.9156669948412,13.168531625167184,-1.9418490399485049
1770275318.3198152,100m_cross_10_e0001,100m_cross_10,0.0,9,41.0,1,56.0,0.3491071460302919,1.0,0.10869565217391304,104.66297953469413,13.200306636946541,-3.195103815623692
1770275319.3352602,100m_cross_10_e0001,100m_cross_10,0.43427048689188374,10,36.03703703703704,1,81.0,0.16444444736856736,2.0,0.10762211486849169,104.61264763349368,13.277540018529068,-3.6674755885277266
1770275320.333125,100m_cross_10_e0001,100m_cross_10,0.0,11,35.55172413793103,1,87.0,-0.018620688660905278,1.0,0.10869565217391303,104.54208540642398,13.350784488107966,-3.6400268598534593
1770275321.3312345,100m_cross_10_e0001,100m_cross_10,0.0,12,37.96666666666667,1,90.0,-0.21599999989072483,1.0,0.10869565217391304,104.53931062486437,13.286568959554037,-3.6261876000298394
1770275322.3276477,100m_cross_10_e0001,100m_cross_10,0.0,13,36.27272727272727,1,66.0,-0.1845454549642675,1.0,0.10869565217391304,104.62267881451231,13.286510062940193,-3.612672361460599
1770275323.3371584,100m_cross_10_e0001,100m_cross_10,0.20001960724479503,14,36.459016393442624,1,61.0,-0.5291803247738079,2.0,0.02173913043478261,104.84599691922547,12.558482467151078,-3.512978045666804
1770275324.312367,100m_cross_10_e0001,100m_cross_10,0.2891519522949836,15,37.83673469387755,1,49.0,-1.2044898040440617,2.0,0.02173913043478261,105.63321592369859,8.987024424027423,-3.1114767424914302
1770275325.3341484,100m_cross_10_e0001,100m_cross_10,0.0,16,36.86363636363637,1,22.0,-2.3395454450087114,1.0,0.021739130434782608,106.67063452980734,3.3440306186676025,-2.4281357635151255
1770275326.338775,100m_cross_10_e0001,100m_cross_10,0.522941396244929,17,40.851851851851855,1,27.0,-4.195555536835282,4.0,0.021739130434782608,108.08143446180556,-4.148419380187988,-1.4271517418049
1770275327.3188448,100m_cross_10_e0001,100m_cross_10,0.46152959245632114,18,35.25,1,28.0,-5.055357115609305,2.0,0.03649068322981367,109.56359236580985,-11.937554257256645,-0.3623287651155676
1770275338.325019,100m_cross_10_e0002,100m_cross_10,0.300234370024028,29,40.21621621621622,2,37.0,-1.7743243236799497,2.0,0.043478260869565216,115.37848189070418,4.046703583485371,1.2140087436985325
1770275339.3381367,100m_cross_10_e0002,100m_cross_10,0.5411094414575705,30,33.0,2,4.0,-2.185000002384186,3.0,0.021739130434782608,115.87764358520508,14.231868505477905,0.9676231741905212
1770275342.326537,100m_cross_10_e0002,100m_cross_10,0.0,33,39.041666666666664,2,24.0,-0.06083333414668838,1.0,0.08695652173913043,116.23454157511394,19.43424352010091,0.8073580712080002
1770275343.3252664,100m_cross_10_e0002,100m_cross_10,0.0,34,35.96296296296296,2,27.0,-0.20666666791118957,1.0,0.08695652173913043,116.27670740198207,19.513079325358074,0.7700075507164001
1770275344.329735,100m_cross_10_e0002,100m_cross_10,0.5811994696520169,35,35.111111111111114,2,27.0,0.6481481459405687,2.0,0.0853462157809984,116.29088592529297,19.139680367928964,0.7421097843735306
1770275345.3181677,100m_cross_10_e0002,100m_cross_10,0.3277112012361418,36,39.9,2,20.0,1.6495000064373015,2.0,0.021739130434782608,116.21855583190919,15.997314929962158,0.8362316250801086
1770275346.321245,100m_cross_10_e0002,100m_cross_10,0.5970053106521249,37,37.241379310344826,2,29.0,1.5499999934229358,6.0,0.021739130434782608,116.07798135691675,10.297792040068527,0.9398318488022377
1770275347.3327892,100m_cross_10_e0002,100m_cross_10,0.522574160179861,38,38.41935483870968,2,31.0,0.796774193163841,6.0,0.039270687237026654,115.96411723475302,3.9759790974278606,1.1132892101041731
1770275348.3263726,100m_cross_10_e0002,100m_cross_10,0.0,39,36.333333333333336,2,18.0,-0.03722222149372101,1.0,0.021739130434782608,115.84549925062392,-1.781682504547967,1.2576092746522691
1770275349.3333611,100m_cross_10_e0002,100m_cross_10,0.41879630141732416,40,36.75,2,28.0,-0.23392857271911843,3.0,0.125,115.81198528834751,-5.110982571329389,1.37203049659729
1770275351.3312614,100m_cross_10_e0002,100m_cross_10,0.20370048738049532,42,37.36363636363637,2,22.0,-0.1399999993260611,3.0,0.10177865612648222,115.8661214655096,-5.051110831173983,1.391504547812722
1770275352.3336334,100m_cross_10_e0002,100m_cross_10,2.180007069385514,43,38.56,2,25.0,0.08839999228715896,2.0,0.12608695652173912,115.9644418334961,-5.1841347122192385,1.43850802898407
1770275353.3188143,100m_cross_10_e0002,100m_cross_10,0.148271650193687,44,38.30769230769231,2,26.0,-0.022307691880716726,2.0,0.12040133779264213,115.91086989182692,-5.2476247273958645,1.4623253849836497
1770275354.318434,100m_cross_10_e0002,100m_cross_10,0.17805424393160746,45,33.97142857142857,2,35.0,-0.25399999863335065,2.0,0.12484472049689442,115.89138881138393,-5.265713146754673,1.7915070908410209
1770275327.3188448,100m_cross_10_e0003,100m_cross_10,0.3912823430211858,18,36.88,3,25.0,-6.1587999725341795,2.0,0.021739130434782608,110.96817626953126,-19.686601791381836,0.6871490478515625
1770275328.3327084,100m_cross_10_e0003,100m_cross_10,0.3982523370396283,19,38.69565217391305,3,46.0,-4.85000002902487,2.0,0.021739130434782608,112.20702411817467,-26.109902962394383,1.5851555544397105
1770275329.3416195,100m_cross_10_e0003,100m_cross_10,0.1902282952100265,20,38.8,3,40.0,-2.4162499964237214,3.0,0.022826086956521736,112.93166599273681,-29.92481698989868,2.1778867721557615
1770275330.3456955,100m_cross_10_e0003,100m_cross_10,0.13797369577713095,21,39.58536585365854,3,41.0,-0.08243902481910659,2.0,0.04559915164369035,113.28191487382098,-31.034957606617997,2.3499650082937102
1770275331.3233402,100m_cross_10_e0003,100m_cross_10,0.0,22,37.51851851851852,3,27.0,-0.040000001520470334,1.0,0.08695652173913043,113.2716468528465,-30.521693759494358,2.3244746967598244
1770275332.31876,100m_cross_10_e0003,100m_cross_10,0.0,23,38.20454545454545,3,44.0,-0.046136364213783636,1.0,0.08695652173913043,113.33599003878507,-30.483714363791726,2.3002544858238916
1770275333.3226686,100m_cross_10_e0003,100m_cross_10,0.19217991508909144,24,38.130434782608695,3,46.0,0.6804347809242166,2.0,0.0614366729678639,113.35880279541016,-29.97799487735914,2.3076517996580703
1770275334.3379436,100m_cross_10_e0003,100m_cross_10,0.5575318584087349,25,36.026315789473685,3,38.0,1.7421052612756427,2.0,0.021739130434782608,113.64017466494911,-25.863623468499433,2.20639001068316
1770275335.3242373,100m_cross_10_e0003,100m_cross_10,0.2970641068704121,26,42.857142857142854,3,7.0,1.9385714190346854,3.0,0.02173913043478261,113.98428998674665,-18.47946493966239,2.006267172949655
1770275337.336372,100m_cross_10_e0003,100m_cross_10,1.1250104601847382,28,39.76,3,25.0,0.29400000013411043,3.0,0.021739130434782608,114.76267669677735,-7.850922431945801,1.6076878595352173
1770275340.3380077,100m_cross_10_e0003,100m_cross_10,0.2904949397856149,31,37.6875,3,32.0,-1.1937499959021807,2.0,0.022418478260869564,116.11345338821411,18.661802768707275,0.8762939181178808
1770275340.3380077,100m_cross_10_e0004,100m_cross_10,1.6099088756313984,31,18.125,4,8.0,-11.28499984741211,2.0,0.04619565217391305,234.58404731750488,-76.48329639434814,-21.642910957336426
1770275341.3413877,100m_cross_10_e0004,100m_cross_10,5.054601036308553,32,24.095890410958905,4,73.0,-10.440958924489479,10.0,0.02352590827873734,240.05603131856003,-78.16925257852633,-22.192892910682993
1770275342.326537,100m_cross_10_e0004,100m_cross_10,3.3516316217699216,33,27.493150684931507,4,73.0,-9.355342407749124,9.0,0.03216200119118522,245.1842256310868,-78.98376423038849,-22.641151114685893
1770275343.3252664,100m_cross_10_e0004,100m_cross_10,2.9844202721761377,34,36.13157894736842,4,38.0,-8.179210462068257,9.0,0.03203661327231121,250.12945596795333,-78.56668391980622,-22.72570474524247
1770275344.329735,100m_cross_10_e0004,100m_cross_10,2.9804906409847858,35,31.53846153846154,4,39.0,-6.728205179556822,10.0,0.026755852842809364,253.73749444423578,-78.39417814597105,-22.669895758995644
1770275346.321245,100m_cross_10_e0004,100m_cross_10,2.48440214961453,37,33.025,4,120.0,-5.1365000128746034,7.0,0.021739130434782608,259.650686899821,-78.9953114827474,-23.35782334009806
1770275347.3327892,100m_cross_10_e0004,100m_cross_10,2.470034068889464,38,31.419354838709676,4,93.0,-4.508602224370485,12.0,0.02828424497428705,261.98463489163305,-79.3837645335864,-23.665075014996273
1770275349.3333611,100m_cross_10_e0004,100m_cross_10,1.2242734358074108,40,38.23529411764706,4,17.0,-1.885882342562956,4.0,0.030690537084398978,268.9288904526654,-76.10296316707836,-24.959903941434973
1770275350.3318772,100m_cross_10_e0004,100m_cross_10,1.446466646396794,41,28.56,4,25.0,-0.5171999990940094,3.0,0.10695652173913044,269.5154345703125,-76.15904815673828,-25.024365615844726
1770275351.3312614,100m_cross_10_e0004,100m_cross_10,1.5719977738177684,42,32.027027027027025,4,37.0,-0.026216215881946926,4.0,0.1028202115158637,269.5260380925359,-76.23305800154402,-25.057605794958167
1770275352.3336334,100m_cross_10_e0004,100m_cross_10,2.8493999022802465,43,30.419753086419753,4,81.0,-0.043827160663994745,9.0,0.11808910359634994,266.2383404013551,-79.4505559662242,-24.20771700070228
1770275353.3188143,100m_cross_10_e0004,100m_cross_10,2.518324322797881,44,34.26829268292683,4,41.0,-0.08585365988859316,6.0,0.13149522799575822,266.26571878572787,-79.150600526391,-24.054637629811356
1770275354.318434,100m_cross_10_e0004,100m_cross_10,1.5111270813477324,45,30.72222222222222,4,18.0,-0.017777778518696625,3.0,0.10628019323671498,269.52616034613715,-76.11165195041232,-25.061430825127495
1770275331.3233402,100m_cross_10_e0005,100m_cross_10,2.018040806275029,22,14.0,5,3.0,-3.4666666984558105,2.0,0.057971014492753624,13.457464218139648,1.7051848570505779,-0.14299352963765463
1770275332.31876,100m_cross_10_e0005,100m_cross_10,2.212558851793129,23,9.0,5,2.0,-1.6750000528991222,2.0,0.043478260869565216,11.791803359985352,2.1734700798988342,-0.23586568236351013
1770275333.3226686,100m_cross_10_e0005,100m_cross_10,2.35146356407853,24,11.666666666666666,5,3.0,-3.253333409627279,3.0,0.057971014492753624,12.467390060424805,-0.6179891775051752,0.3765732944011688
1770275334.3379436,100m_cross_10_e0005,100m_cross_10,0.0,25,8.0,5,1.0,-3.2200000286102295,1.0,0.043478260869565216,13.596246719360352,-2.1094865798950195,-0.5523111820220947
1770275335.3242373,100m_cross_10_e0005,100m_cross_10,0.0,26,13.0,5,1.0,-3.2899999618530273,1.0,0.08695652173913043,12.323491096496582,-0.6678091287612915,0.45617738366127014
1770275336.3327715,100m_cross_10_e0005,100m_cross_10,2.2814302896097165,27,0.0,5,3.0,-0.35999999567866325,3.0,0.10869565217391304,11.42757765452067,0.6249149460345507,-0.18503845234711966
1770275337.336372,100m_cross_10_e0005,100m_cross_10,0.0,28,31.363636363636363,5,11.0,-3.087272730740634,1.0,0.10869565217391304,11.77951682697643,-1.9445271600376477,0.4699165604331277
1770275338.325019,100m_cross_10_e0005,100m_cross_10,2.1401316200239897,29,28.0,5,4.0,-1.8250000597909093,2.0,0.09239130434782608,12.345656394958496,-2.4370495676994324,0.2471575289964676
1770275339.3381367,100m_cross_10_e0005,100m_cross_10,0.0,30,32.0,5,1.0,-2.440000057220459,1.0,0.021739130434782608,13.85986328125,-2.3495981693267822,0.25920966267585754
1770275340.3380077,100m_cross_10_e0005,100m_cross_10,0.0,31,14.0,5,1.0,-3.4100000858306885,1.0,0.021739130434782608,13.448777198791504,-0.45081615447998047,1.0849711894989014
1770275341.3413877,100m_cross_10_e0005,100m_cross_10,3.6626016922124522,32,6.8,5,5.0,-0.6760000228881836,4.0,0.07391304347826086,12.641821098327636,1.3889136552810668,0.3747469484806061
1770275342.326537,100m_cross_10_e0005,100m_cross_10,3.9308225490228788,33,19.5,5,4.0,-2.700000047683716,4.0,0.03804347826086957,15.296702861785889,2.548577845096588,0.7044133841991425
1770275343.3252664,100m_cross_10_e0005,100m_cross_10,0.0,34,8.0,5,3.0,-3.386666695276896,1.0,0.021739130434782608,21.363595326741535,2.688047011693319,-0.6974131266276041
1770275310.3365185,100m_cross_10_e0006,100m_cross_10,1.7584787983708456,1,15.166666666666666,6,6.0,0.8016666695475578,3.0,0.10144927536231885,329.7378641764323,71.73442713419597,-30.981940269470215
1770275311.3306572,100m_cross_10_e0006,100m_cross_10,1.938295759171233,2,21.833333333333332,6,12.0,0.03749999776482582,2.0,0.14492753623188406,329.5641454060872,71.67421785990398,-31.162023067474365
1770275312.3226254,100m_cross_10_e0006,100m_cross_10,0.8479346208016628,3,13.833333333333334,6,6.0,-0.058333334202567734,2.0,0.07971014492753624,330.0954335530599,70.06942749023438,-31.148436546325684
1770275313.3230386,100m_cross_10_e0006,100m_cross_10,0.3971123897763144,4,12.2,6,5.0,-0.3399999883025885,2.0,0.15652173913043477,328.9166748046875,67.09616546630859,-30.75078353881836
1770275314.3304663,100m_cross_10_e0006,100m_cross_10,1.942975678081077,5,15.0,6,2.0,0.3999999761581421,2.0,0.07608695652173914,328.08447265625,63.98769569396973,-29.706918716430664
1770275315.327158,100m_cross_10_e0006,100m_cross_10,0.0,6,12.0,6,1.0,-0.10000000149011612,1.0,0.043478260869565216,327.0321350097656,57.897220611572266,-27.93075180053711
1770275316.3272212,100m_cross_10_e0006,100m_cross_10,1.7135726913601705,7,18.333333333333332,6,3.0,0.060000001142422356,3.0,0.16666666666666666,323.29673258463544,48.40203984578451,-28.76269022623698
1770275318.3198152,100m_cross_10_e0007,100m_cross_10,1.3615225234409747,9,14.333333333333334,7,3.0,-0.1400000030795733,2.0,0.07971014492753624,356.9684346516927,-17.18472417195638,-32.89808909098307
1770275320.333125,100m_cross_10_e0007,100m_cross_10,0.0,11,12.0,7,1.0,0.10999999940395355,1.0,0.06521739130434782,357.23760986328125,-18.414775848388672,-31.77033805847168
1770275321.3312345,100m_cross_10_e0007,100m_cross_10,2.9622090107461587,12,11.333333333333334,7,3.0,-0.043333335469166435,3.0,0.16666666666666666,356.3701883951823,-17.226956049601238,-32.30320358276367
1770275323.3371584,100m_cross_10_e0007,100m_cross_10,0.0,14,10.0,7,1.0,-0.11999999731779099,1.0,0.06521739130434782,359.0689392089844,-11.68819808959961,-33.41758346557617
1770275324.312367,100m_cross_10_e0007,100m_cross_10,4.264067420122161,15,11.0,7,3.0,2.1299999554951987,3.0,0.12318840579710144,358.0468241373698,-7.954061985015869,-32.287864685058594
1770275325.3341484,100m_cross_10_e0007,100m_cross_10,2.564216346273153,16,16.4,7,5.0,3.6579999923706055,4.0,0.14347826086956522,357.94005126953124,-6.585866546630859,-33.07494277954102
1770275326.338775,100m_cross_10_e0007,100m_cross_10,3.4836100683212257,17,14.0,7,6.0,-0.24166667958100638,4.0,0.14855072463768115,359.10968526204425,-6.810558478037517,-33.355387369791664
1770275336.3327715,100m_cross_10_e0008,100m_cross_10,2.059642271345941,27,13.0,8,5.0,15.539999890327454,3.0,0.1217391304347826,386.1307678222656,-75.77469940185547,-35.60913925170898
1770275337.336372,100m_cross_10_e0008,100m_cross_10,0.0,28,11.0,8,1.0,-0.029999999329447746,1.0,0.21739130434782608,380.03173828125,-73.36939239501953,-35.67521286010742
1770275338.325019,100m_cross_10_e0008,100m_cross_10,2.199192953427581,29,13.5,8,4.0,-3.7399999569170177,3.0,0.10869565217391304,374.94617462158203,-72.84409523010254,-34.53615474700928
1770275339.3381367,100m_cross_10_e0008,100m_cross_10,3.4220420706941903,30,16.666666666666668,8,6.0,-2.7783332715431848,6.0,0.09057971014492754,372.8975423177083,-72.64525349934895,-32.71902338663737
1770275340.3380077,100m_cross_10_e0008,100m_cross_10,1.910407050916378,31,14.5,8,2.0,-1.250000037252903,2.0,0.07608695652173914,371.65431213378906,-72.48466491699219,-32.56488800048828
1770275341.3413877,100m_cross_10_e0008,100m_cross_10,1.7812439572758054,32,15.333333333333334,8,3.0,-2.266666680574417,2.0,0.18840579710144925,369.98753865559894,-74.02168273925781,-32.91639709472656
1770275342.326537,100m_cross_10_e0008,100m_cross_10,0.0,33,16.0,8,1.0,-0.029999999329447746,1.0,0.10869565217391304,367.6409606933594,-75.00033569335938,-34.215354919433594
1770275343.3252664,100m_cross_10_e0008,100m_cross_10,0.7903751542822293,34,15.5,8,2.0,-0.5499999970197678,2.0,0.18478260869565216,368.88938903808594,-77.75517272949219,-33.773399353027344
1770275344.329735,100m_cross_10_e0008,100m_cross_10,1.7077229797124809,35,17.0,8,3.0,-0.06000001976887385,3.0,0.15217391304347827,368.70359293619794,-77.68702443440755,-33.58368810017904
1770275346.321245,100m_cross_10_e0008,100m_cross_10,0.0,37,10.0,8,1.0,1.5299999713897705,1.0,0.043478260869565216,370.4042053222656,-72.60478210449219,-31.075435638427734
1770275347.3327892,100m_cross_10_e0008,100m_cross_10,0.0,38,15.0,8,3.0,-0.6733333269755045,1.0,0.21739130434782608,369.67945353190106,-73.67087809244792,-33.29922866821289
1770275312.3226254,100m_cross_10_e0009,100m_cross_10,2.4537129382226053,3,19.8,9,5.0,0.23000001013278962,5.0,0.07391304347826086,325.778857421875,60.32040634155273,-26.78769302368164
1770275313.3230386,100m_cross_10_e0009,100m_cross_10,0.6786556302407071,4,18.0,9,3.0,-0.7633333069582781,3.0,0.07971014492753624,325.8533020019531,60.17422739664713,-26.987744013468426
1770275314.3304663,100m_cross_10_e0009,100m_cross_10,0.0,5,15.0,9,1.0,-0.029999999329447746,1.0,0.08695652173913043,326.4495544433594,63.24968719482422,-27.91387939453125
1770275315.327158,100m_cross_10_e0009,100m_cross_10,1.4807520052412888,6,10.666666666666666,9,3.0,0.09666666388511658,3.0,0.14492753623188406,328.1319071451823,67.94360860188802,-29.093778610229492
1770275316.3272212,100m_cross_10_e0009,100m_cross_10,0.0,7,17.0,9,1.0,0.49000000953674316,1.0,0.021739130434782608,328.3160400390625,70.23052978515625,-29.76088523864746
1770275317.3291566,100m_cross_10_e0009,100m_cross_10,0.7951223901242381,8,17.666666666666668,9,3.0,-0.1533333162466685,2.0,0.1956521739130435,325.4995524088542,69.63461558024089,-29.844732920328777
1770275318.3198152,100m_cross_10_e0009,100m_cross_10,0.0,9,20.0,9,1.0,5.340000152587891,1.0,0.043478260869565216,322.22271728515625,66.98567199707031,-30.150917053222656
1770275319.3352602,100m_cross_10_e0009,100m_cross_10,3.075106758560115,10,19.333333333333332,9,3.0,2.23333340883255,3.0,0.12318840579710144,322.27159627278644,60.12135442097982,-29.22407595316569
1770275315.327158,100m_cross_10_e0010,100m_cross_10,5.837167014773777,6,13.3,10,10.0,-1.1219999896362425,8.0,0.05652173913043479,384.0243774414063,-107.62250366210938,-34.96491966247559
1770275316.3272212,100m_cross_10_e0010,100m_cross_10,0.0,7,14.0,10,2.0,-0.0299999937415123,1.0,0.15217391304347827,387.9138946533203,-107.5391731262207,-34.85038948059082
1770275317.3291566,100m_cross_10_e0010,100m_cross_10,0.0,8,18.0,10,2.0,0.06500000134110451,1.0,0.15217391304347827,389.1857604980469,-107.68978881835938,-35.29816436767578
1770275318.3198152,100m_cross_10_e0010,100m_cross_10,5.528974115963694,9,14.9,10,10.0,0.007000001519918442,6.0,0.15434782608695655,390.7297393798828,-108.04072341918945,-35.773916244506836
1770275319.3352602,100m_cross_10_e0010,100m_cross_10,0.0,10,12.5,10,2.0,-0.2900000065565109,1.0,0.06521739130434782,391.3187713623047,-108.27559661865234,-35.3140869140625
1770275320.333125,100m_cross_10_e0010,100m_cross_10,3.1327041606785766,11,14.25,10,8.0,-0.6975000032689422,4.0,0.1358695652173913,390.6538848876953,-108.16080093383789,-35.29816389083862
1770275322.3276477,100m_cross_10_e0010,100m_cross_10,2.6336515653303176,13,9.333333333333334,10,3.0,0.019999985893567402,3.0,0.06521739130434782,393.87139892578125,-108.72560373942058,-34.89515940348307
1770275323.3371584,100m_cross_10_e0010,100m_cross_10,0.0,14,15.0,10,1.0,-2.799999952316284,1.0,0.08695652173913043,394.0244445800781,-109.38214111328125,-34.525691986083984
1770275324.312367,100m_cross_10_e0010,100m_cross_10,0.0,15,14.75,10,8.0,-0.16250000055879354,1.0,0.21739130434782608,390.73020935058594,-108.27478981018066,-35.832221031188965
1770275312.3226254,100m_cross_10_e0011,100m_cross_10,0.0,3,15.333333333333334,11,3.0,-6.440000057220459,1.0,0.21739130434782608,325.1620788574219,62.536231994628906,-30.3603572845459
1770275313.3230386,100m_cross_10_e0011,100m_cross_10,0.0,4,11.0,11,1.0,0.30000001192092896,1.0,0.08695652173913043,327.627197265625,64.83060455322266,-29.269081115722656
1770275314.3304663,100m_cross_10_e0011,100m_cross_10,3.535317963174769,5,12.0,11,4.0,-1.1074999868869781,4.0,0.1467391304347826,328.87259674072266,67.99147987365723,-29.944636344909668
1770275315.327158,100m_cross_10_e0011,100m_cross_10,4.201851534227592,6,15.25,11,4.0,-6.65999972820282,3.0,0.125,330.1499786376953,71.35616874694824,-30.19256019592285
1770275316.3272212,100m_cross_10_e0011,100m_cross_10,0.0,7,18.0,11,1.0,-20.25,1.0,0.10869565217391304,330.70428466796875,71.53826141357422,-29.877349853515625
1770275317.3291566,100m_cross_10_e0011,100m_cross_10,0.0,8,18.666666666666668,11,3.0,0.0,1.0,0.15217391304347827,330.275634765625,70.81329345703125,-31.204317092895508
1770275318.3198152,100m_cross_10_e0011,100m_cross_10,0.0,9,14.4,11,5.0,0.020000001043081285,1.0,0.15217391304347827,329.3860290527344,71.79957427978516,-31.120270919799804
1770275325.3341484,100m_cross_10_e0012,100m_cross_10,1.942653161724868,16,15.0,12,3.0,-0.0033333351214726767,2.0,0.21739130434782608,219.08172607421875,7.655496597290039,-18.931948979695637
1770275326.338775,100m_cross_10_e0012,100m_cross_10,0.0,17,10.0,12,1.0,12.529999732971191,1.0,0.043478260869565216,220.96429443359375,9.079721450805664,-20.07431983947754
1770275327.3188448,100m_cross_10_e0012,100m_cross_10,0.0,18,12.0,12,1.0,-23.25,1.0,0.043478260869565216,217.99502563476562,11.020607948303223,-20.02437973022461
1770275328.3327084,100m_cross_10_e0012,100m_cross_10,2.5791578526538395,19,13.5,12,4.0,0.61500009521842,3.0,0.10326086956521739,217.51651763916016,13.590699195861816,-19.59650421142578
1770275329.3416195,100m_cross_10_e0012,100m_cross_10,0.0,20,14.0,12,1.0,-8.729999542236328,1.0,0.043478260869565216,218.92051696777344,19.99934196472168,-17.903669357299805
1770275331.3233402,100m_cross_10_e0012,100m_cross_10,4.113832976801182,22,19.857142857142858,12,7.0,0.6128571230385985,4.0,0.09316770186335403,225.35830688476562,28.635209764753068,-20.714461735316686
1770275333.3226686,100m_cross_10_e0012,100m_cross_10,0.0,24,19.75,12,4.0,0.009999999776482582,1.0,0.21739130434782608,224.9921646118164,33.66691970825195,-21.00750160217285
1770275334.3379436,100m_cross_10_e0012,100m_cross_10,3.713632693542231,25,21.25,12,4.0,-0.042499999050050974,3.0,0.17391304347826086,225.15347290039062,34.132747650146484,-20.90944814682007
1770275552.3388069,100m_cross_5_e0001,100m_cross_5,0.11066227133801167,11,42.17857142857143,1,28.0,-2.728214289460863,2.0,0.03125,102.94996861049107,-17.40043101991926,2.1383403709956577
1770275553.3252451,100m_cross_5_e0001,100m_cross_5,0.21536048625061968,12,33.13513513513514,1,37.0,-2.037567544627834,2.0,0.06165540540540541,103.07679501095333,-22.595965308112067,2.245759036089923
1770275555.3296804,100m_cross_5_e0001,100m_cross_5,0.2845850168215173,14,37.76923076923077,1,39.0,0.00717948639813142,2.0,0.1233974358974359,103.36736121544472,-24.75241421430539,2.2879642034188294
1770275556.3181634,100m_cross_5_e0001,100m_cross_5,0.7192613634402916,15,40.43478260869565,1,46.0,-0.022391306965247444,2.0,0.12296195652173914,103.48305710502292,-24.504479698512863,2.2630262530368306
1770275557.3242788,100m_cross_5_e0001,100m_cross_5,0.0,16,37.479166666666664,1,48.0,0.18645833599536368,1.0,0.125,103.48502826690674,-24.412462035814922,2.30721914768219
1770275558.3155587,100m_cross_5_e0001,100m_cross_5,0.0,17,38.0,1,40.0,1.7287499964237214,1.0,0.0625,103.45730152130128,-22.52177791595459,2.327897310256958
1770275559.3378131,100m_cross_5_e0001,100m_cross_5,0.0,18,35.54545454545455,1,22.0,2.4818181666460903,1.0,0.0625,103.24811866066672,-16.311668569391426,2.196224808692932
1770275561.3277552,100m_cross_5_e0001,100m_cross_5,1.6846468139974164,20,42.87719298245614,1,57.0,2.067017540597079,7.0,0.03125,102.80393593771416,-7.013858569295783,1.9870613687916805
1770275562.3265066,100m_cross_5_e0001,100m_cross_5,0.0,21,43.53846153846154,1,13.0,0.6353846146510198,1.0,0.0625,102.20551182673528,2.2122611632713904,1.8045077599011934
1770275563.3220086,100m_cross_5_e0001,100m_cross_5,0.5761200507291331,22,38.95744680851064,1,47.0,-0.08085106566865394,3.0,0.03856382978723404,101.76666324696642,8.188027523933574,1.7475214714699603
1770275564.3188245,100m_cross_5_e0001,100m_cross_5,0.8466736460134583,23,44.0,1,41.0,-0.12658536525034322,2.0,0.12271341463414634,101.5885947622904,9.645758535803818,1.7469814434284117
1770275565.3278663,100m_cross_5_e0001,100m_cross_5,0.0,24,44.611111111111114,1,36.0,-0.2808333316610919,1.0,0.125,101.73790804545085,9.301435205671522,1.7653229203489091
1770275566.328564,100m_cross_5_e0001,100m_cross_5,0.31988412659414556,25,44.34146341463415,1,41.0,-0.2795121953254793,2.0,0.12804878048780488,101.84474144912348,9.33846406238835,1.7404780475104726
1770275567.3306546,100m_cross_5_e0001,100m_cross_5,0.0,26,41.611111111111114,1,36.0,0.12666666792291734,1.0,0.125,101.90255716111925,9.142593251334297,1.7223023374875386
1770275568.3307827,100m_cross_5_e0001,100m_cross_5,0.11567690164940475,27,34.58181818181818,1,55.0,0.310727267509157,2.0,0.03125,101.97760412042791,6.289413807608865,1.7571436751972545
1770275569.3342097,100m_cross_5_e0001,100m_cross_5,0.0,28,40.977777777777774,1,45.0,-0.3833333325882753,1.0,0.03125,102.21644829644097,1.3974933226903279,1.8005542808108859
1770275570.3206878,100m_cross_5_e0001,100m_cross_5,0.0,29,43.64705882352941,1,34.0,-0.53411763818825,1.0,0.0625,102.33126539342544,-3.2687083272372974,1.822566856356228
1770275571.3147042,100m_cross_5_e0001,100m_cross_5,0.0,30,40.05769230769231,1,52.0,-0.03365384733590942,1.0,0.03125,102.39784798255333,-5.273450952309829,1.813019919853944
1770275572.3259099,100m_cross_5_e0001,100m_cross_5,0.0,31,38.361111111111114,1,36.0,-0.04111111252051261,1.0,0.03125,102.39167234632704,-4.727211488617791,1.852061218685574
1770275541.323714,100m_cross_5_e0002,100m_cross_5,0.5267111625543099,0,41.486486486486484,2,74.0,0.31918918678688035,3.0,0.03125,102.35305713962865,-2.871238863145983,2.0803911460412516
1770275542.3177536,100m_cross_5_e0002,100m_cross_5,0.0,1,42.0,2,10.0,-0.11400000154972076,1.0,0.0625,102.28318405151367,2.1997966051101683,1.8729965448379517
1770275543.33146,100m_cross_5_e0002,100m_cross_5,0.0,2,37.785714285714285,2,28.0,-0.6910714262298175,1.0,0.0625,102.27853393554688,8.206719466618129,1.6369597571236747
1770275544.308834,100m_cross_5_e0002,100m_cross_5,0.8072386646787701,3,38.930232558139544,2,43.0,-0.14302325651569422,2.0,0.18459302325581395,102.43170059558958,9.33812562809434,1.5923593543296637
1770275545.3241606,100m_cross_5_e0002,100m_cross_5,0.0,4,36.80701754385965,2,57.0,-0.12912280762796863,1.0,0.1875,102.37779557077508,9.589654972678737,1.5539225360803437
1770275546.3215003,100m_cross_5_e0002,100m_cross_5,0.6760338555683665,5,39.875,2,48.0,0.019583332313535113,2.0,0.18489583333333334,102.41347551345825,9.653238157431284,1.5668298030893009
1770275547.3336082,100m_cross_5_e0002,100m_cross_5,0.0,6,40.932203389830505,2,59.0,0.14457627177491025,1.0,0.1875,102.36439695196637,9.593025272175417,1.5687276185569117
1770275548.3253937,100m_cross_5_e0002,100m_cross_5,0.0,7,40.87234042553192,2,47.0,0.1753191513584015,1.0,0.1875,102.32178367452418,9.595547189103796,1.5852279130448685
1770275549.3225265,100m_cross_5_e0002,100m_cross_5,0.5912072978805398,8,38.78947368421053,2,19.0,0.349473688947527,2.0,0.03289473684210526,102.28771450645046,7.831558980439839,1.654461189320213
1770275550.322443,100m_cross_5_e0002,100m_cross_5,0.0,9,38.08108108108108,2,37.0,-0.04135134967195021,1.0,0.03125,102.4593505859375,3.297763412063186,1.7702200928249874
1770275551.3177147,100m_cross_5_e0002,100m_cross_5,0.0,10,43.333333333333336,2,9.0,-1.1577777862548828,1.0,0.0625,102.65444776746962,-3.218102322684394,1.886771347787645
1770275552.3388069,100m_cross_5_e0002,100m_cross_5,0.14532157579111846,11,42.535714285714285,2,28.0,-1.9325000090258462,2.0,0.03125,102.82012285505023,-10.324325425284249,2.006691949708121
1770275554.3309758,100m_cross_5_e0002,100m_cross_5,0.1496489474362773,13,42.34146341463415,2,41.0,-0.7653658491809193,2.0,0.11585365853658537,103.27590942382812,-24.94278507697873,2.2905679214291457
1770275558.3155587,100m_cross_5_e0003,100m_cross_5,3.7016807568111734,17,14.0,3,6.0,-18.334999974817038,5.0,0.15104166666666666,377.2490488688151,-59.126495997111,-34.81106758117676
1770275559.3378131,100m_cross_5_e0003,100m_cross_5,0.0,18,18.0,3,1.0,-19.700000762939453,1.0,0.21875,379.1607971191406,-59.564971923828125,-34.293357849121094
1770275560.328398,100m_cross_5_e0003,100m_cross_5,0.0,19,16.0,3,2.0,-26.550000190734863,1.0,0.1875,376.92701721191406,-59.17314529418945,-33.93932342529297
1770275561.3277552,100m_cross_5_e0003,100m_cross_5,5.4658908522103795,20,13.5,3,4.0,-3.7049999237060547,4.0,0.1484375,375.81200408935547,-57.874329566955566,-34.77670955657959
1770275562.3265066,100m_cross_5_e0003,100m_cross_5,0.991727700257795,21,16.5,3,4.0,-0.2174999713897705,2.0,0.203125,376.7117462158203,-57.77442169189453,-34.61307621002197
1770275563.3220086,100m_cross_5_e0003,100m_cross_5,3.692005993030674,22,12.833333333333334,3,6.0,0.20833327559133372,4.0,0.16666666666666666,377.0503692626953,-57.30058288574219,-35.06652323404948
1770275564.3188245,100m_cross_5_e0003,100m_cross_5,0.0,23,15.8,3,5.0,-0.16000000089406968,1.0,0.125,373.93560180664065,-56.75776138305664,-35.25383758544922
1770275565.3278663,100m_cross_5_e0003,100m_cross_5,1.7726973619007127,24,15.5,3,2.0,2.255000114440918,2.0,0.15625,373.10986328125,-56.496408462524414,-34.480106353759766
1770275566.328564,100m_cross_5_e0003,100m_cross_5,0.0,25,10.0,3,1.0,-0.1899999976158142,1.0,0.21875,373.3885498046875,-56.36399459838867,-34.373680114746094
1770275567.3306546,100m_cross_5_e0003,100m_cross_5,1.0270101886986631,26,11.666666666666666,3,3.0,1.9733333333084981,2.0,0.15625,373.8386535644531,-56.65658823649088,-34.9181162516276
1770275568.3307827,100m_cross_5_e0003,100m_cross_5,0.03315490760192463,27,21.833333333333332,3,6.0,-0.05166666675359011,2.0,0.046875,374.0121815999349,-56.737220764160156,-35.16044044494629
1770275569.3342097,100m_cross_5_e0003,100m_cross_5,1.2909840092759606,28,17.0,3,3.0,-1.5566666920979817,2.0,0.10416666666666667,374.9462076822917,-57.73849741617838,-35.21049499511719
1770275570.3206878,100m_cross_5_e0003,100m_cross_5,3.6469983156804977,29,12.0,3,7.0,5.108571305604918,5.0,0.14732142857142858,377.4689679827009,-57.95350592476981,-34.90138571602957
1770275546.3215003,100m_cross_5_e0004,100m_cross_5,0.11215841772676491,5,42.25,4,4.0,-2.3274999856948853,2.0,0.0625,12.985254287719727,1.7886259257793427,0.4256678372621536
1770275547.3336082,100m_cross_5_e0004,100m_cross_5,1.382054281827355,6,29.0,4,3.0,-1.0300000049173832,3.0,0.07291666666666667,11.690174102783203,2.3441296815872192,0.5130722721417745
1770275548.3253937,100m_cross_5_e0004,100m_cross_5,1.743686980066696,7,12.333333333333334,4,3.0,-4.023333311080933,2.0,0.07291666666666667,14.239856402079264,2.3123764991760254,0.5057411889235178
1770275549.3225265,100m_cross_5_e0004,100m_cross_5,2.0867851253203114,8,26.0,4,3.0,-3.8433333237965903,3.0,0.041666666666666664,15.640708923339844,1.5139782826105754,0.10462957341223955
1770275550.322443,100m_cross_5_e0004,100m_cross_5,0.0,9,25.0,4,1.0,-3.9800000190734863,1.0,0.09375,16.70171546936035,0.5129163861274719,-0.11691391468048096
1770275551.3177147,100m_cross_5_e0004,100m_cross_5,0.0,10,24.75,4,4.0,-3.8075000047683716,1.0,0.0625,18.855265617370605,-0.34336957335472107,-0.5861125588417053
1770275831.3356285,200m_cross_10_e0001,200m_cross_10,0.8575829761374882,30,30.91304347826087,1,23.0,3.911739142044731,2.0,0.020833333333333332,207.26757082731828,3.4644482757734214,-7.092220182004183
1770275832.3232634,200m_cross_10_e0001,200m_cross_10,1.4958082605713918,31,31.5,1,28.0,2.26142857330186,7.0,0.02380952380952381,204.83530807495117,16.7268796648298,-7.0608400617327005
1770275833.3298044,200m_cross_10_e0001,200m_cross_10,0.7873888504981366,32,25.647058823529413,1,17.0,1.1858823579900406,4.0,0.022058823529411766,202.87415717629824,26.350288166719324,-6.895596644457648
1770275834.3194036,200m_cross_10_e0001,200m_cross_10,0.8397723042793971,33,31.718750000000004,1,32.0,0.1837499993853271,3.0,0.043619791666666664,201.5663661956787,32.34686577320099,-6.933464586734772
1770275835.3165312,200m_cross_10_e0001,200m_cross_10,0.18501545439746686,34,29.523809523809526,1,21.0,-0.06952380912289732,2.0,0.05952380952380952,201.12393769763764,34.57769775390625,-6.987555095127651
1770275836.32418,200m_cross_10_e0001,200m_cross_10,0.12578042755232313,35,29.26086956521739,1,23.0,-0.10173913180504156,2.0,0.08152173913043478,201.16153484842053,34.50884429268215,-7.074183692102847
1770275837.327859,200m_cross_10_e0001,200m_cross_10,0.0,36,31.952380952380953,1,21.0,0.17904762329444998,1.0,0.08333333333333333,201.13799467540923,34.446708497546965,-7.118467512584868
1770275838.325653,200m_cross_10_e0001,200m_cross_10,0.12785232751506462,37,25.482758620689655,1,29.0,-0.13068965597656265,2.0,0.07686781609195402,201.0410866572939,34.47595070148336,-7.110112206689243
1770275839.3352473,200m_cross_10_e0001,200m_cross_10,0.0,38,32.02777777777778,1,36.0,-0.31833333403079045,1.0,0.16666666666666666,201.53829065958658,32.08170530531142,-7.185081852806939
1770275840.3155549,200m_cross_10_e0001,200m_cross_10,0.36684879851349755,39,29.923076923076923,1,13.0,-0.8769230785278174,2.0,0.041666666666666664,202.56937349759616,27.022047483004055,-7.2035926305330715
1770275841.3229115,200m_cross_10_e0001,200m_cross_10,0.0,40,28.0,1,10.0,-1.3159999966621398,1.0,0.041666666666666664,203.90251617431642,19.42519359588623,-7.294669437408447
1770275842.3264282,200m_cross_10_e0001,200m_cross_10,2.6183166980708115,41,34.03333333333333,1,30.0,-1.6586666703224182,3.0,0.02847222222222222,205.2901596069336,11.012670262654622,-7.339508231480917
1770275843.3202274,200m_cross_10_e0001,200m_cross_10,0.584804117032825,42,30.1,1,10.0,-2.2250000119209288,2.0,0.020833333333333332,206.47203216552734,3.3905829429626464,-7.297693729400635
1770275844.3358884,200m_cross_10_e0001,200m_cross_10,0.2546025646907923,43,27.565217391304348,1,23.0,-1.9356521627177363,2.0,0.023550724637681156,207.4665348218835,-3.06449526289235,-7.257093222244926
1770275845.3265548,200m_cross_10_e0001,200m_cross_10,0.0,44,31.61111111111111,1,18.0,-0.9777777857250638,1.0,0.0625,208.1313417222765,-6.572631041208903,-7.181072102652656
1770275846.3150702,200m_cross_10_e0001,200m_cross_10,0.0,45,26.09090909090909,1,22.0,-0.03727272872559049,1.0,0.08333333333333333,208.34052762118253,-7.426375735889781,-7.189654155211016
1770275847.3225572,200m_cross_10_e0001,200m_cross_10,0.3168149518043762,46,28.529411764705884,1,17.0,-0.18705882504582405,2.0,0.06372549019607843,208.3502466538373,-6.959435967838063,-7.1430908090928025
1770275848.3193035,200m_cross_10_e0001,200m_cross_10,0.2336878788313657,47,34.47826086956522,1,23.0,-0.24478260865030083,2.0,0.06793478260869565,208.46459761909816,-6.999324031498121,-7.12955962056699
1770275801.3312817,200m_cross_10_e0002,200m_cross_10,0.12691536523759372,0,24.8,2,20.0,0.36700000166893004,2.0,0.02395833333333333,208.61022415161133,-7.613482213020324,-6.925279045104981
1770275802.3255057,200m_cross_10_e0002,200m_cross_10,0.11534706231498758,1,25.384615384615383,2,26.0,1.5157692386553838,2.0,0.020833333333333332,208.15801239013672,-4.583599072236281,-6.996746943547175
1770275803.3338487,200m_cross_10_e0002,200m_cross_10,0.464393882573258,2,28.5,2,18.0,2.283888909551832,3.0,0.020833333333333332,207.15723588731555,0.7404425475332472,-7.0103598435719805
1770275804.302667,200m_cross_10_e0002,200m_cross_10,0.0,3,33.625,2,24.0,2.1404166569312415,1.0,0.041666666666666664,205.52273877461752,10.355404694875082,-7.209094186623891
1770275805.3083267,200m_cross_10_e0002,200m_cross_10,0.24884267991876086,4,21.1875,2,16.0,1.03812500461936,3.0,0.036458333333333336,203.8581142425537,19.993185997009277,-7.247664630413055
1770275806.305339,200m_cross_10_e0002,200m_cross_10,0.6001718668186756,5,30.27027027027027,2,37.0,0.28297297616262695,2.0,0.030968468468468468,202.58536797600823,27.842414082707585,-7.203018227139035
1770275807.3184383,200m_cross_10_e0002,200m_cross_10,0.0,6,29.26086956521739,2,23.0,-0.2634782625929169,1.0,0.16666666666666666,201.8743385646654,32.6515240876571,-7.230192992998206
1770275808.3234842,200m_cross_10_e0002,200m_cross_10,0.0,7,34.0,2,26.0,0.2576923083800536,1.0,0.16666666666666666,201.86439338097205,32.60940258319561,-7.330893809978779
1770275809.3251147,200m_cross_10_e0002,200m_cross_10,0.0,8,27.428571428571427,2,21.0,-0.17904762134310745,1.0,0.16666666666666666,201.8591570172991,32.219083331880114,-7.4240813936506
1770275810.3347442,200m_cross_10_e0002,200m_cross_10,0.17006378954323956,9,33.44444444444444,2,18.0,-0.07999999997102553,2.0,0.125,201.96937900119357,32.24456893073188,-7.372924672232734
1770275811.3485148,200m_cross_10_e0002,200m_cross_10,0.28326611906479804,10,28.625,2,16.0,-0.021250001853331923,2.0,0.14322916666666666,201.9365873336792,32.39989757537842,-7.312033265829086
1770275812.3336523,200m_cross_10_e0002,200m_cross_10,0.0,11,30.04,2,25.0,0.17480000093579293,1.0,0.16666666666666663,201.90726806640626,32.16154006958008,-7.3057683563232425
1770275813.3197362,200m_cross_10_e0002,200m_cross_10,0.0,12,36.333333333333336,2,3.0,-0.10666666614512603,1.0,0.020833333333333332,202.2383270263672,29.364654541015625,-7.222978274027507
1770275814.3281603,200m_cross_10_e0002,200m_cross_10,0.36557827314426017,13,31.964285714285715,2,28.0,-0.666071429848671,3.0,0.020833333333333332,203.08093479701452,24.055328369140625,-7.232747146061489
1770275815.3308313,200m_cross_10_e0002,200m_cross_10,2.1305741820361437,14,28.153846153846153,2,26.0,-1.969230748139895,2.0,0.03926282051282051,204.4171342116136,16.318371002490704,-7.242545531346248
1770275816.3288374,200m_cross_10_e0002,200m_cross_10,0.2690050262325997,15,26.636363636363637,2,11.0,-3.2154545350508257,2.0,0.026515151515151512,205.95526123046875,7.626573475924405,-7.188897696408358
1770275817.3153162,200m_cross_10_e0002,200m_cross_10,0.7159291982549676,16,28.6,2,10.0,-4.596000051498413,3.0,0.03333333333333333,207.88306579589843,-2.415231966972351,-7.285137271881103
1770275818.3235276,200m_cross_10_e0002,200m_cross_10,0.0,17,26.615384615384617,2,13.0,-5.5892307208134575,1.0,0.020833333333333332,209.78473487267127,-13.402344777033878,-7.209748524885911
1770275819.323591,200m_cross_10_e0002,200m_cross_10,0.12550214926534634,18,24.666666666666668,2,6.0,-6.759999910990397,2.0,0.020833333333333332,211.63560740152994,-23.565853436787922,-7.039482434590657
1770275820.3265488,200m_cross_10_e0002,200m_cross_10,0.2583523015582359,19,23.0,2,19.0,-3.6678946896603235,2.0,0.03508771929824561,214.3907470703125,-38.94569356817948,-6.756680087039345
1770275828.33184,200m_cross_10_e0003,200m_cross_10,0.5872707312460708,27,28.833333333333332,3,24.0,-6.796250065167745,3.0,0.078125,227.01992988586426,-72.1251220703125,-21.143489917119343
1770275829.317971,200m_cross_10_e0003,200m_cross_10,3.2140902329163925,28,26.428571428571427,3,21.0,-6.46761907849993,7.0,0.047619047619047616,232.00955200195312,-72.46348281133743,-21.332932335989817
1770275830.3180628,200m_cross_10_e0003,200m_cross_10,4.17684907033121,29,31.266666666666666,3,15.0,-6.124666690826416,6.0,0.03194444444444445,236.0594248453776,-73.2370391845703,-21.548366165161134
1770275831.3356285,200m_cross_10_e0003,200m_cross_10,4.267028548213878,30,32.7319587628866,3,97.0,-5.980721699822809,11.0,0.035223367697594495,238.76956522833441,-72.81431320033123,-21.910241490786838
1770275832.3232634,200m_cross_10_e0003,200m_cross_10,5.233365948161078,31,28.40566037735849,3,106.0,-5.815660341730657,11.0,0.039504716981132074,241.8159326517357,-73.34180860699348,-22.15555003903947
1770275833.3298044,200m_cross_10_e0003,200m_cross_10,4.926545176363479,32,28.105263157894736,3,76.0,-5.3356579142181495,13.0,0.056195175438596486,244.1772774144223,-73.629352168033,-22.396653300837468
1770275834.3194036,200m_cross_10_e0003,200m_cross_10,3.1307087967772502,33,24.741935483870968,3,93.0,-5.325806479300222,8.0,0.04525089605734767,247.57017057685442,-74.03190514349168,-22.84955607178391
1770275836.32418,200m_cross_10_e0003,200m_cross_10,2.4220711224642413,35,26.89855072463768,3,69.0,-4.827971092168836,9.0,0.11352657004830917,253.00754226463428,-74.38832291312839,-23.180371906446375
1770275838.325653,200m_cross_10_e0003,200m_cross_10,3.1521673467825346,37,24.92436974789916,3,119.0,-4.124957980228071,9.0,0.061799719887955185,257.6315235811121,-74.61181666270024,-23.652460787476613
1770275825.322195,200m_cross_10_e0004,200m_cross_10,0.14490887252527668,24,19.558823529411764,4,34.0,-11.924117593204274,2.0,0.058210784313725485,216.23905585793887,-71.33063821231617,-19.954808291266946
1770275826.3216853,200m_cross_10_e0004,200m_cross_10,0.13905188861447762,25,17.107142857142858,4,28.0,-9.346428564616613,2.0,0.052827380952380945,216.33795547485352,-71.34383038112095,-19.996849536895752
1770275827.3217409,200m_cross_10_e0004,200m_cross_10,0.0,26,27.0,4,1.0,-34.88999938964844,1.0,0.125,215.4912872314453,-69.01278686523438,-19.94651985168457
1770275829.317971,200m_cross_10_e0004,200m_cross_10,0.3652811488729547,28,15.818181818181818,4,11.0,-5.093636469407515,2.0,0.045454545454545456,218.0251326127486,-71.79322468150745,-20.14506669477983
1770275830.3180628,200m_cross_10_e0004,200m_cross_10,0.0,29,17.894736842105264,4,19.0,-4.765789533916273,1.0,0.0625,220.25078542608964,-72.61437586734169,-20.354327352423418
1770275831.3356285,200m_cross_10_e0004,200m_cross_10,0.5620358724518871,30,21.057142857142857,4,35.0,-4.551428631373814,2.0,0.04285714285714286,222.69354335239956,-72.47080470493862,-20.66643306187221
1770275832.3232634,200m_cross_10_e0004,200m_cross_10,0.6267320229548309,31,21.5,4,24.0,-4.5879166920979815,2.0,0.06944444444444443,225.0318431854248,-72.73561414082845,-20.89959192276001
1770275833.3298044,200m_cross_10_e0004,200m_cross_10,0.0,32,22.916666666666668,4,12.0,-4.914166569709778,1.0,0.10416666666666667,227.48339462280273,-72.89342880249023,-21.134928226470947
1770275834.3194036,200m_cross_10_e0004,200m_cross_10,0.0,33,25.0,4,1.0,-5.539999961853027,1.0,0.0625,229.791015625,-73.01213836669922,-21.409212112426758
1770275835.3165312,200m_cross_10_e0004,200m_cross_10,0.9950880459206833,34,24.5,4,4.0,-5.649999976158142,2.0,0.07291666666666667,232.83555221557617,-73.08091735839844,-21.716343879699707
1770275837.327859,200m_cross_10_e0004,200m_cross_10,0.0,36,17.0,4,4.0,-5.3399999141693115,1.0,0.041666666666666664,239.27243041992188,-73.15620231628418,-22.40722417831421
1770275838.325653,200m_cross_10_e0004,200m_cross_10,0.0,37,22.5,4,4.0,-5.03000009059906,1.0,0.0625,241.25381088256836,-73.73551940917969,-22.592772483825684
1770275839.3352473,200m_cross_10_e0004,200m_cross_10,1.043953963363917,38,14.727272727272727,4,11.0,-4.595454562794078,4.0,0.060606060606060615,243.8423808704723,-73.98304263028231,-22.863691503351387
1770275840.3155549,200m_cross_10_e0004,200m_cross_10,0.7199254882768645,39,33.25,4,16.0,-3.3712499737739563,2.0,0.061197916666666664,245.4441738128662,-74.12349605560303,-23.053271055221558
1770275841.3229115,200m_cross_10_e0004,200m_cross_10,0.35833515868689275,40,17.705882352941178,4,17.0,-1.5435293983010685,2.0,0.04534313725490196,246.71786768296187,-74.55516186882468,-23.13557938968434
1770275843.3202274,200m_cross_10_e0004,200m_cross_10,1.5303797478652559,42,26.893203883495147,4,103.0,-0.05417475778862689,4.0,0.13915857605177992,253.67057504005803,-74.92858812646958,-23.788799822909162
1770275844.3358884,200m_cross_10_e0004,200m_cross_10,0.0,43,19.0,4,1.0,-0.3400000035762787,1.0,0.08333333333333333,257.1634826660156,-74.1617431640625,-24.141042709350586
1770275846.3150702,200m_cross_10_e0004,200m_cross_10,2.6869111634563496,45,15.666666666666666,4,3.0,-7.09333340326945,3.0,0.08333333333333333,259.70082600911456,-66.04778544108073,-22.632909774780273
1770275828.33184,200m_cross_10_e0005,200m_cross_10,0.14019615095114465,27,27.8,5,10.0,-6.828000116348266,2.0,0.041666666666666664,226.7385467529297,-72.10432281494141,-21.01963062286377
1770275829.317971,200m_cross_10_e0005,200m_cross_10,2.8718582097261844,28,40.008620689655174,5,116.0,-6.413103424269577,7.0,0.05064655172413793,225.9479706862877,-73.16079119978279,-20.921489370280298
1770275830.3180628,200m_cross_10_e0005,200m_cross_10,3.0090545579234176,29,47.273809523809526,5,84.0,-6.0938095308485485,6.0,0.05034722222222222,229.23826144990466,-73.81316248575847,-21.223154522123792
1770275831.3356285,200m_cross_10_e0005,200m_cross_10,0.8915720016348815,30,36.967213114754095,5,61.0,-5.895081895296691,2.0,0.031420765027322405,232.1513994560867,-74.09069624103483,-21.593408303182635
1770275832.3232634,200m_cross_10_e0005,200m_cross_10,2.066265266925857,31,40.75806451612903,5,62.0,-5.688387017096242,5.0,0.02217741935483871,235.18447974420363,-73.92949012018019,-21.845466982933782
1770275833.3298044,200m_cross_10_e0005,200m_cross_10,1.7558661027658364,32,47.11764705882353,5,51.0,-5.522941206015792,6.0,0.029411764705882353,238.00156118355545,-73.93260043275123,-22.21182179918476
1770275834.3194036,200m_cross_10_e0005,200m_cross_10,2.3950813778194022,33,39.66326530612245,5,98.0,-5.330000045348187,5.0,0.04102891156462585,240.88364379260005,-73.79914381066148,-22.494045997152522
1770275835.3165312,200m_cross_10_e0005,200m_cross_10,2.195422987004736,34,37.717948717948715,5,78.0,-5.0505128518129005,4.0,0.05876068376068376,243.4139905098157,-74.14759190877278,-22.692276685665814
1770275812.3336523,200m_cross_10_e0006,200m_cross_10,5.758944600006354,11,16.0,6,8.0,4.401250014081597,5.0,0.1640625,328.4110298156738,71.07541847229004,-29.38935875892639
1770275813.3197362,200m_cross_10_e0006,200m_cross_10,3.116966093821683,12,12.0,6,4.0,0.09000000264495611,3.0,0.10937500000000001,328.5618667602539,70.16397094726562,-29.486243724822998
1770275814.3281603,200m_cross_10_e0006,200m_cross_10,5.080623255897286,13,14.0,6,7.0,0.8671428928417819,7.0,0.14583333333333331,328.6846182686942,69.3504137311663,-29.824122837611608
1770275815.3308313,200m_cross_10_e0006,200m_cross_10,0.0,14,13.0,6,2.0,0.019999999552965164,1.0,0.1875,329.0508117675781,67.1684799194336,-30.955808639526367
1770275816.3288374,200m_cross_10_e0006,200m_cross_10,3.1355123053545046,15,18.666666666666668,6,3.0,-0.11999999980131786,3.0,0.14583333333333334,328.94835408528644,65.46109263102214,-30.128489176432293
1770275817.3153162,200m_cross_10_e0006,200m_cross_10,2.769980626605931,16,14.333333333333334,6,3.0,1.1866666475931804,3.0,0.1597222222222222,328.79620361328125,64.12242126464844,-29.893503824869793
1770275818.3235276,200m_cross_10_e0006,200m_cross_10,0.0,17,18.0,6,1.0,-0.23999999463558197,1.0,0.08333333333333333,326.8072814941406,61.682289123535156,-29.690021514892578
1770275819.323591,200m_cross_10_e0006,200m_cross_10,1.9939797835469186,18,16.6,6,5.0,-0.023999999463558196,3.0,0.17083333333333334,323.2248901367187,58.41846466064453,-29.898764419555665
1770275828.33184,200m_cross_10_e0007,200m_cross_10,1.680018236180643,27,24.41176470588235,7,17.0,-4.715882441576789,4.0,0.05759803921568627,277.0399116067325,-76.58265282126034,-25.18989910798914
1770275830.3180628,200m_cross_10_e0007,200m_cross_10,0.44807501300756153,29,25.0,7,4.0,2.272499918937683,2.0,0.05208333333333333,278.10475158691406,-76.12557029724121,-25.146370887756348
1770275831.3356285,200m_cross_10_e0007,200m_cross_10,0.0,30,23.0,7,1.0,-0.6000000238418579,1.0,0.041666666666666664,282.1673278808594,-77.11270904541016,-24.752843856811523
1770275833.3298044,200m_cross_10_e0007,200m_cross_10,0.0,32,23.8,7,10.0,0.003999999910593033,1.0,0.020833333333333332,281.3728057861328,-81.73683471679688,-26.62941951751709
1770275835.3165312,200m_cross_10_e0007,200m_cross_10,1.3543926214487279,34,30.59259259259259,7,81.0,-2.734444465166257,5.0,0.028034979423868314,277.9257944366078,-80.36966498104142,-25.9788783038104
1770275836.32418,200m_cross_10_e0007,200m_cross_10,1.4144768872155327,35,30.376470588235293,7,85.0,-2.278470577913172,6.0,0.021078431372549018,279.1255963493796,-80.43643960391773,-26.05623581830193
1770275837.327859,200m_cross_10_e0007,200m_cross_10,0.17084506007382058,36,30.666666666666668,7,42.0,-1.782619059085846,2.0,0.04017857142857143,280.1943650018601,-80.3324110848563,-26.090378488813126
1770275838.325653,200m_cross_10_e0007,200m_cross_10,0.0,37,27.615384615384617,7,13.0,-1.3623077044120202,1.0,0.041666666666666664,280.94703791691705,-80.46172626201923,-26.11211131169246
1770275828.33184,200m_cross_10_e0008,200m_cross_10,4.318984582182611,27,23.24390243902439,8,41.0,-4.857317156907989,10.0,0.06910569105691056,276.26669832555257,-75.87854711020866,-24.87344513869867
1770275829.317971,200m_cross_10_e0008,200m_cross_10,0.0,28,44.0,8,1.0,-0.029999999329447746,1.0,0.08333333333333333,279.8854064941406,-73.97989654541016,-22.74860191345215
1770275831.3356285,200m_cross_10_e0008,200m_cross_10,2.9813092540137442,30,20.5,8,6.0,-1.8566666444142659,5.0,0.1527777777777778,281.60181681315106,-76.67842229207356,-25.246773719787598
1770275832.3232634,200m_cross_10_e0008,200m_cross_10,0.7442028462843139,31,21.333333333333332,8,3.0,0.31999998291333515,3.0,0.15972222222222224,282.0990397135417,-76.72586822509766,-25.031169255574543
1770275833.3298044,200m_cross_10_e0008,200m_cross_10,0.7659092364663336,32,20.6,8,5.0,-0.3259999923408031,3.0,0.18333333333333335,282.1214294433594,-76.79457244873046,-25.19241600036621
1770275834.3194036,200m_cross_10_e0008,200m_cross_10,0.0,33,24.25,8,4.0,0.02000000001862645,1.0,0.1875,282.0875701904297,-77.08044815063477,-25.570396423339844
1770275835.3165312,200m_cross_10_e0008,200m_cross_10,1.3543926214487279,34,30.59259259259259,8,81.0,-2.734444465166257,5.0,0.028034979423868314,277.9257944366078,-80.36966498104142,-25.9788783038104
1770275837.327859,200m_cross_10_e0008,200m_cross_10,3.8018303944260166,36,14.2,8,5.0,6.677999910712242,5.0,0.12916666666666668,278.5141296386719,-84.24385681152344,-22.305343627929688
1770275838.325653,200m_cross_10_e0008,200m_cross_10,3.0283281371900643,37,19.6,8,5.0,5.329999977722764,5.0,0.15833333333333335,280.72657470703126,-84.82783660888671,-22.05240821838379
1770275803.3338487,200m_cross_10_e0009,200m_cross_10,1.1274941625077004,2,14.833333333333334,9,6.0,-0.0616666671509544,3.0,0.125,417.59922790527344,-62.543700536092125,-38.89977200826009
1770275804.302667,200m_cross_10_e0009,200m_cross_10,0.0,3,15.4,9,5.0,-0.11200000047683716,1.0,0.10416666666666667,417.74159545898436,-62.761837005615234,-38.66741714477539
1770275805.3083267,200m_cross_10_e0009,200m_cross_10,0.0,4,7.0,9,1.0,-10.199999809265137,1.0,0.08333333333333333,413.88861083984375,-60.65392303466797,-38.31077575683594
1770275806.305339,200m_cross_10_e0009,200m_cross_10,1.7234581310940356,5,10.666666666666666,9,3.0,-0.07666666619479656,2.0,0.11805555555555557,409.34778849283856,-60.15137481689453,-37.464272816975914
1770275807.3184383,200m_cross_10_e0009,200m_cross_10,2.207063300411157,6,10.25,9,4.0,-0.1724998950958252,3.0,0.13020833333333334,404.5546569824219,-61.59994125366211,-37.304298400878906
1770275808.3234842,200m_cross_10_e0009,200m_cross_10,0.0,7,13.0,9,1.0,-0.05000000074505806,1.0,0.10416666666666667,402.60430908203125,-62.31404113769531,-37.71297073364258
1770275809.3251147,200m_cross_10_e0009,200m_cross_10,0.0,8,7.0,9,2.0,-0.10000000149011612,1.0,0.20833333333333334,400.7186737060547,-60.572410583496094,-36.93006896972656
1770275810.3347442,200m_cross_10_e0009,200m_cross_10,0.0,9,11.6,9,5.0,-0.03200000002980232,1.0,0.20833333333333334,400.70152587890624,-60.51220474243164,-36.928487396240236
1770275811.3485148,200m_cross_10_e0009,200m_cross_10,1.4775968656076097,10,9.333333333333334,9,9.0,-0.059999999693698354,2.0,0.1875,400.5303955078125,-60.5684928894043,-36.71108924018012
1770275812.3336523,200m_cross_10_e0009,200m_cross_10,0.6847066582883973,11,11.75,9,4.0,-2.0325000286102295,2.0,0.09895833333333334,403.38233184814453,-61.19981384277344,-36.94155502319336
1770275813.3197362,200m_cross_10_e0009,200m_cross_10,0.0,12,14.0,9,1.0,-0.15000000596046448,1.0,0.1875,407.51837158203125,-61.508670806884766,-36.98143005371094
1770275814.3281603,200m_cross_10_e0009,200m_cross_10,1.0540950746011457,13,8.5,9,2.0,-38.045000076293945,2.0,0.03125,412.53912353515625,-63.06504440307617,-36.95880126953125
1770275815.3308313,200m_cross_10_e0009,200m_cross_10,0.8810393069413448,14,8.428571428571429,9,7.0,-3.5342857683343545,2.0,0.09226190476190477,417.7307608468192,-62.79695074898856,-38.660394941057476
1770275828.33184,200m_cross_10_e0010,200m_cross_10,0.0,27,30.8,10,5.0,-4.548000144958496,1.0,0.0625,26.500729370117188,-3.127618598937988,-0.9623995780944824
1770275829.317971,200m_cross_10_e0010,200m_cross_10,0.0,28,26.0,10,1.0,-3.5999999046325684,1.0,0.041666666666666664,19.734987258911133,0.30444595217704773,-1.1360139846801758
1770275830.3180628,200m_cross_10_e0010,200m_cross_10,1.77390254203514,29,31.0,10,3.0,-3.820000092188517,2.0,0.08333333333333333,15.317687352498373,-0.9262160149713358,-0.14157557487487793
1770275831.3356285,200m_cross_10_e0010,200m_cross_10,4.154127422729081,30,25.833333333333332,10,6.0,-3.9683333237965903,4.0,0.0798611111111111,13.447731653849283,-2.460066258907318,0.26133734981218976
1770275832.3232634,200m_cross_10_e0010,200m_cross_10,0.0,31,35.0,10,2.0,-1.7900000214576721,1.0,0.10416666666666667,12.865843296051025,-2.5376980304718018,-0.6535006761550903
1770275833.3298044,200m_cross_10_e0010,200m_cross_10,2.1248902592587857,32,31.0,10,5.0,-3.574000024795532,2.0,0.058333333333333334,13.64332447052002,-1.5361363887786865,0.9274390459060669
1770275834.3194036,200m_cross_10_e0010,200m_cross_10,3.6183558375640557,33,19.923076923076923,10,13.0,-3.1253846150178175,5.0,0.0592948717948718,13.357718834510216,-2.3536633803294253,0.07498765049072412
1770275835.3165312,200m_cross_10_e0010,200m_cross_10,4.1820557314229605,34,24.166666666666668,10,6.0,-3.3283333579699197,4.0,0.034722222222222224,15.501320838928223,-0.6356977646549543,-0.40733584264914197
1770275836.32418,200m_cross_10_e0010,200m_cross_10,2.948426287344062,35,23.75,10,4.0,-2.925000011920929,3.0,0.046875,14.76640272140503,2.229610115289688,-0.8678221274167299
1770275837.327859,200m_cross_10_e0010,200m_cross_10,0.0,36,20.0,10,4.0,-4.305000126361847,1.0,0.041666666666666664,15.628369808197021,1.4942337274551392,-0.9356951117515564
1770275838.325653,200m_cross_10_e0010,200m_cross_10,1.601429563898403,37,30.666666666666668,10,3.0,-2.943333307902018,2.0,0.041666666666666664,19.717809041341145,3.6576265494028726,0.9250866969426473
1770275839.3352473,200m_cross_10_e0010,200m_cross_10,2.8601568220405187,38,21.5,10,4.0,-3.064999997615814,3.0,0.04166666666666667,21.92449712753296,2.5163799822330475,0.05373701453208923
1770275840.3155549,200m_cross_10_e0010,200m_cross_10,0.0,39,39.0,10,1.0,-4.519999980926514,1.0,0.0625,23.720735549926758,-1.1124978065490723,-1.2559987306594849
1770275842.3264282,200m_cross_10_e0010,200m_cross_10,2.021085319699988,41,15.0,10,3.0,-3.8899999459584556,2.0,0.0625,18.087181091308594,-5.53702958424886,-0.3033035794893901
1770275843.3202274,200m_cross_10_e0010,200m_cross_10,2.1240650204992524,42,32.75,10,4.0,-2.4649999737739563,2.0,0.08333333333333333,17.18854856491089,-4.214296996593475,-0.41549263522028923
1770275844.3358884,200m_cross_10_e0010,200m_cross_10,0.0,43,31.0,10,1.0,-4.360000133514404,1.0,0.020833333333333332,16.813993453979492,-2.611654281616211,1.3615349531173706
1770275845.3265548,200m_cross_10_e0010,200m_cross_10,0.0,44,13.0,10,2.0,-3.2350000143051147,1.0,0.041666666666666664,17.135659217834473,-2.645145535469055,1.3358476161956787
1770275846.3150702,200m_cross_10_e0010,200m_cross_10,0.0,45,27.333333333333332,10,3.0,-4.293333371480306,1.0,0.020833333333333332,21.477562586466473,-3.5365895430246987,0.7584730188051859
1770275810.3347442,200m_cross_10_e0011,200m_cross_10,3.9037302017956477,9,17.0,11,8.0,-2.6999999913387,4.0,0.07291666666666667,321.2317810058594,58.877824783325195,-30.029984951019287
1770275812.3336523,200m_cross_10_e0011,200m_cross_10,1.8162290654779938,11,15.0,11,3.0,-1.423333317041397,3.0,0.06944444444444443,322.04506429036456,53.13616053263346,-29.160137176513672
1770275813.3197362,200m_cross_10_e0011,200m_cross_10,0.0,12,15.0,11,1.0,-0.07999999821186066,1.0,0.10416666666666667,323.008056640625,50.426719665527344,-27.912460327148438
1770275814.3281603,200m_cross_10_e0011,200m_cross_10,0.0,13,14.0,11,1.0,-0.11999999731779099,1.0,0.08333333333333333,323.8616027832031,52.2763557434082,-29.193845748901367
1770275815.3308313,200m_cross_10_e0011,200m_cross_10,1.4982137491548673,14,15.333333333333334,11,3.0,-0.06000004212061564,2.0,0.14583333333333334,325.8780008951823,55.98173522949219,-29.780937830607098
1770275816.3288374,200m_cross_10_e0011,200m_cross_10,1.3951956825822862,15,16.666666666666668,11,3.0,-0.013333290815353394,2.0,0.13194444444444445,326.2611490885417,56.432963053385414,-30.013308842976887
1770275817.3153162,200m_cross_10_e0011,200m_cross_10,0.5457263462131433,16,13.0,11,2.0,0.0,2.0,0.09375,326.86106872558594,58.487464904785156,-30.766252517700195
1770275818.3235276,200m_cross_10_e0011,200m_cross_10,4.086630247723194,17,16.0,11,9.0,-0.08000000110930866,6.0,0.13657407407407407,323.3642408582899,58.477271185980904,-29.34425777859158
1770275819.323591,200m_cross_10_e0011,200m_cross_10,1.9112240216827157,18,19.666666666666668,11,3.0,-0.08666666845480601,3.0,0.05555555555555555,321.42637125651044,60.873738606770836,-28.23931058247884
1770275820.3265488,200m_cross_10_e0011,200m_cross_10,2.170263516270355,19,18.5,11,2.0,-0.4649999998509884,2.0,0.08333333333333333,321.34950256347656,60.77065658569336,-28.269887924194336
1770275821.3189185,200m_cross_10_e0011,200m_cross_10,0.0,20,18.6,11,10.0,-0.02700000014156103,1.0,0.16666666666666666,323.099853515625,58.17718391418457,-30.070036697387696
1770275835.3165312,200m_cross_10_e0012,200m_cross_10,4.1820557314229605,34,24.166666666666668,12,6.0,-3.3283333579699197,4.0,0.034722222222222224,15.501320838928223,-0.6356977646549543,-0.40733584264914197
1770275836.32418,200m_cross_10_e0012,200m_cross_10,0.0,35,24.625,12,8.0,-1.7662500143051147,1.0,0.041666666666666664,11.788482785224915,-0.5225649997591972,1.086720123887062
1770275837.327859,200m_cross_10_e0012,200m_cross_10,0.09318371779179506,36,27.0,12,3.0,-2.993333339691162,2.0,0.041666666666666664,12.576826413472494,0.4089760680993398,1.001566469669342
1770275838.325653,200m_cross_10_e0012,200m_cross_10,4.9323291196378225,37,22.75,12,12.0,-1.8016666723415256,5.0,0.04340277777777778,12.816395123799643,1.9684422314167023,0.020447346692283947
1770275839.3352473,200m_cross_10_e0012,200m_cross_10,0.0,38,10.0,12,1.0,-3.6700000762939453,1.0,0.020833333333333332,11.864587783813477,2.0835342407226562,-1.0288541316986084
1770275840.3155549,200m_cross_10_e0012,200m_cross_10,3.765620532896042,39,31.375,12,8.0,-3.4225000143051147,3.0,0.0390625,13.57529866695404,0.33382172510027885,-0.4557425589300692
1770275841.3229115,200m_cross_10_e0012,200m_cross_10,0.0,40,23.0,12,2.0,-2.310000002384186,1.0,0.0625,16.248555183410645,-1.5066677331924438,-0.4558889865875244
1770275842.3264282,200m_cross_10_e0012,200m_cross_10,2.9374736674402833,41,25.75,12,4.0,-2.964999943971634,4.0,0.046875,16.121894121170044,-2.5755856335163116,-0.2646951228380203
1770275843.3202274,200m_cross_10_e0012,200m_cross_10,0.0,42,29.666666666666668,12,3.0,-0.0699999990562598,1.0,0.041666666666666664,19.675974527994793,-4.716761589050293,-1.8371442159016926
1770275844.3358884,200m_cross_10_e0012,200m_cross_10,0.0,43,23.5,12,2.0,-3.5149999856948853,1.0,0.0625,22.578038215637207,-5.811330318450928,-0.5318040549755096
1770275845.3265548,200m_cross_10_e0012,200m_cross_10,1.439120876750974,44,23.0,12,3.0,-2.900000015894572,2.0,0.020833333333333332,24.58478546142578,-4.886476516723633,-0.5138551394144694
1770275821.3189185,200m_cross_10_e0013,200m_cross_10,0.9056262639768446,20,14.75,13,4.0,-0.07999999914318323,2.0,0.16145833333333334,287.64745330810547,2.5422401428222656,-26.4515643119812
1770275823.325609,200m_cross_10_e0013,200m_cross_10,1.4246365714512348,22,20.0,13,2.0,-0.940000057220459,2.0,0.13541666666666669,291.6661376953125,3.0858434438705444,-22.957587242126465
1770275824.3333356,200m_cross_10_e0013,200m_cross_10,1.4282214674029368,23,17.333333333333332,13,3.0,-5.440000152836244,2.0,0.20833333333333334,293.4147542317708,1.5901408592859905,-24.527549107869465
1770275825.322195,200m_cross_10_e0013,200m_cross_10,2.1850071809575486,24,15.0,13,3.0,-7.246666679158807,2.0,0.0625,292.93821207682294,0.9994960029919943,-24.72367795308431
1770275826.3216853,200m_cross_10_e0013,200m_cross_10,0.0,25,20.0,13,1.0,5.480000019073486,1.0,0.20833333333333334,291.1143798828125,3.5627996921539307,-22.958118438720703
1770275827.3217409,200m_cross_10_e0013,200m_cross_10,2.2378081655918507,26,14.0,13,2.0,-0.42000000923871994,2.0,0.08333333333333334,287.3511962890625,4.284099817276001,-23.818641662597656
1770275828.33184,200m_cross_10_e0013,200m_cross_10,4.2101017728475565,27,15.0,13,5.0,-4.150000005587936,4.0,0.09583333333333335,284.11040649414065,3.9094597339630126,-24.7037654876709
1770275829.317971,200m_cross_10_e0013,200m_cross_10,0.0,28,26.0,13,1.0,0.0,1.0,0.020833333333333332,284.2190246582031,3.767566442489624,-25.992881774902344
1770275830.3180628,200m_cross_10_e0013,200m_cross_10,2.1732540703123977,29,16.666666666666668,13,3.0,7.103333214918773,3.0,0.09722222222222221,280.8418477376302,5.449295997619629,-23.80691909790039
1770275831.3356285,200m_cross_10_e0013,200m_cross_10,0.0,30,18.0,13,1.0,6.210000038146973,1.0,0.1875,276.67755126953125,10.775548934936523,-22.376476287841797
1770275832.3232634,200m_cross_10_e0013,200m_cross_10,2.0924320794845106,31,19.0,13,2.0,6.369999922811985,2.0,0.16666666666666669,272.5425262451172,18.80385112762451,-22.713980674743652
1770275833.3298044,200m_cross_10_e0013,200m_cross_10,2.849932182427958,32,20.5,13,6.0,-2.9033333783348403,4.0,0.10069444444444443,268.09352111816406,29.404414176940918,-23.90954081217448
1770275830.3180628,200m_cross_10_e0014,200m_cross_10,1.77390254203514,29,31.0,14,3.0,-3.820000092188517,2.0,0.08333333333333333,15.317687352498373,-0.9262160149713358,-0.14157557487487793
1770275831.3356285,200m_cross_10_e0014,200m_cross_10,0.0,30,18.0,14,2.0,-3.350000023841858,1.0,0.10416666666666667,16.52949619293213,-0.8603751063346863,-1.0477193593978882
1770275832.3232634,200m_cross_10_e0014,200m_cross_10,0.0,31,31.0,14,3.0,-4.173333326975505,1.0,0.0625,18.4377924601237,-1.755916953086853,-1.0329755942026775
1770275833.3298044,200m_cross_10_e0014,200m_cross_10,3.055971576968279,32,28.714285714285715,14,7.0,-3.2928571360451833,5.0,0.047619047619047616,20.3143310546875,-3.0870720658983504,-0.34442918641226633
1770275834.3194036,200m_cross_10_e0014,200m_cross_10,2.0477867610289335,33,24.0,14,5.0,-4.192000102996826,2.0,0.04583333333333333,20.14340934753418,0.10347739458084107,-0.1063729166984558
1770275835.3165312,200m_cross_10_e0014,200m_cross_10,3.1358662209809474,34,26.333333333333332,14,6.0,-4.111666758855184,5.0,0.041666666666666664,21.20801003774007,2.1169649561246238,-0.22731700539588928
1770275836.32418,200m_cross_10_e0014,200m_cross_10,3.2040981325767426,35,24.6,14,5.0,-3.5240000247955323,3.0,0.062499999999999986,22.541658020019533,3.1776944160461427,0.37863929271698
1770275837.327859,200m_cross_10_e0015,200m_cross_10,1.3428229787500692,36,20.0,15,4.0,-4.972499966621399,2.0,0.0625,17.869842529296875,-2.275691866874695,-0.9042220413684845
1770275838.325653,200m_cross_10_e0015,200m_cross_10,0.0,37,39.0,15,1.0,-4.260000228881836,1.0,0.020833333333333332,17.81920623779297,2.635678291320801,-1.5541939735412598
1770275839.3352473,200m_cross_10_e0015,200m_cross_10,0.0,38,17.0,15,3.0,-4.0366668701171875,1.0,0.020833333333333332,19.618877410888672,4.042872269948323,-0.7000372608502706
1770275840.3155549,200m_cross_10_e0015,200m_cross_10,3.274750217211941,39,33.25,15,8.0,-2.9162500202655792,4.0,0.041666666666666664,22.84468698501587,1.9454020410776138,-0.36264220252633095
1770275841.3229115,200m_cross_10_e0015,200m_cross_10,0.0,40,23.22222222222222,15,9.0,-3.6111110581292047,1.0,0.041666666666666664,26.212636099921333,4.36510075463189,-2.465981880823771
1770275844.3358884,200m_cross_10_e0015,200m_cross_10,0.0,43,34.0,15,3.0,-3.309999942779541,1.0,0.020833333333333332,27.89485804239909,5.9247768719991045,-2.613920211791992
1770275846.3150702,200m_cross_10_e0015,200m_cross_10,1.8322760511735627,45,23.5,15,4.0,-1.8024999797344208,2.0,0.026041666666666664,35.724955558776855,6.172364592552185,-1.404096394777298
1770275827.3217409,200m_cross_10_e0016,200m_cross_10,1.352907094538874,26,11.0,16,5.0,4.6099998474121096,2.0,0.14583333333333331,250.43044738769532,-65.87954559326172,-22.83216247558594
1770275828.33184,200m_cross_10_e0016,200m_cross_10,1.8085549312508813,27,13.666666666666666,16,3.0,9.03666623433431,2.0,0.09027777777777779,250.83841451009116,-66.26601155598958,-22.780739466349285
1770275829.317971,200m_cross_10_e0016,200m_cross_10,0.9058537382651497,28,11.333333333333334,16,3.0,-4.833333333333333,2.0,0.09027777777777779,252.10741678873697,-63.65039316813151,-23.25942039489746
1770275830.3180628,200m_cross_10_e0016,200m_cross_10,0.919883976438248,29,15.0,16,5.0,0.031999999284744264,2.0,0.2,254.89295349121093,-61.701018524169925,-23.39315528869629
1770275831.3356285,200m_cross_10_e0016,200m_cross_10,0.0,30,17.5,16,2.0,-0.19499999284744263,1.0,0.16666666666666666,257.33258056640625,-61.55429458618164,-22.885435104370117
1770275832.3232634,200m_cross_10_e0016,200m_cross_10,0.9826016351819865,31,20.0,16,3.0,0.7366666346788406,2.0,0.11805555555555557,260.7400614420573,-61.59875996907552,-22.925644556681316
1770275824.3333356,200m_cross_10_e0017,200m_cross_10,2.2384412111393828,23,16.333333333333332,17,3.0,-12.136666933695475,3.0,0.0763888888888889,273.97031656901044,-63.59489059448242,-24.143974939982098
1770275825.322195,200m_cross_10_e0017,200m_cross_10,0.0,24,11.0,17,1.0,-0.05000000074505806,1.0,0.10416666666666667,265.4352722167969,-63.150047302246094,-24.70334815979004
1770275826.3216853,200m_cross_10_e0017,200m_cross_10,3.0678987572408944,25,21.666666666666668,17,3.0,-2.4800000389417014,3.0,0.125,260.28466796875,-62.01821517944336,-23.393702189127605
1770275827.3217409,200m_cross_10_e0017,200m_cross_10,1.6415458052650604,26,16.5,17,2.0,1.1299999812617898,2.0,0.1875,257.4440155029297,-61.1558837890625,-23.44162082672119
1770275828.33184,200m_cross_10_e0017,200m_cross_10,0.0,27,21.0,17,2.0,-0.02500000037252903,1.0,0.1875,257.7327575683594,-61.3198127746582,-24.09048366546631
1770275829.317971,200m_cross_10_e0017,200m_cross_10,3.346089479872268,28,19.2,17,5.0,-5.409999996423721,4.0,0.14999999999999997,256.6549926757813,-61.8823486328125,-23.436286163330077
1770275830.3180628,200m_cross_10_e0017,200m_cross_10,1.7736052879965332,29,20.5,17,2.0,-0.9249999970197678,2.0,0.1875,257.85398864746094,-61.69241523742676,-22.853446006774902
1770275831.3356285,200m_cross_10_e0017,200m_cross_10,1.587750069636961,30,14.571428571428571,17,7.0,0.01714285888842174,2.0,0.0744047619047619,261.15076119559154,-61.10980388096401,-23.898534502301896
1770275832.3232634,200m_cross_10_e0017,200m_cross_10,2.5150397720490223,31,14.2,17,5.0,-13.14799976348877,3.0,0.054166666666666675,262.88935546875,-63.85483932495117,-24.106241989135743
1770275833.3298044,200m_cross_10_e0017,200m_cross_10,2.614764387331681,32,16.333333333333332,17,3.0,14.773333102464676,3.0,0.16666666666666666,264.87586466471356,-64.06868108113606,-23.840896606445312
1770275835.3165312,200m_cross_10_e0018,200m_cross_10,0.0,34,26.666666666666668,18,3.0,-0.28999999165534973,1.0,0.041666666666666664,17.466814676920574,-4.19972546895345,-0.6582184632619222
1770275836.32418,200m_cross_10_e0018,200m_cross_10,0.0,35,33.0,18,5.0,-0.5820000022649765,1.0,0.041666666666666664,13.555556106567384,-4.115127849578857,0.2117486596107483
1770275839.3352473,200m_cross_10_e0018,200m_cross_10,3.3379544242928922,38,13.333333333333334,18,6.0,-1.893333329508702,4.0,0.11458333333333336,11.495968341827393,0.47206235614915687,-0.11362624913454056
1770275841.3229115,200m_cross_10_e0018,200m_cross_10,1.763453664295777,40,0.0,18,4.0,-0.03499999921768904,3.0,0.125,11.005313634872437,1.496845319867134,-0.030440621078014374
1770275842.3264282,200m_cross_10_e0018,200m_cross_10,1.5226901968997522,41,24.0,18,3.0,-2.0933333237965903,2.0,0.14583333333333334,11.66389242808024,0.2773801436026891,-0.6389334201812744
1770275830.3180628,200m_cross_10_e0019,200m_cross_10,1.2211447780488736,29,26.333333333333332,19,3.0,-4.443333466847737,2.0,0.048611111111111105,21.860702514648438,1.5874073505401611,0.442470649878184
1770275831.3356285,200m_cross_10_e0019,200m_cross_10,0.0,30,18.0,19,2.0,-3.350000023841858,1.0,0.10416666666666667,16.52949619293213,-0.8603751063346863,-1.0477193593978882
1770275832.3232634,200m_cross_10_e0019,200m_cross_10,0.0,31,15.0,19,1.0,-3.9800000190734863,1.0,0.020833333333333332,14.581609725952148,-0.05116989463567734,-1.0575569868087769
1770275833.3298044,200m_cross_10_e0019,200m_cross_10,1.9266892493639127,32,20.666666666666668,19,3.0,-3.4033333460489907,2.0,0.06944444444444443,14.473044713338217,2.2991214593251548,-0.6074746747811636
1770275834.3194036,200m_cross_10_e0019,200m_cross_10,1.79164418444623,33,23.5,19,2.0,-3.965000033378601,2.0,0.05208333333333333,15.849962711334229,2.9552841186523438,-0.688141867518425
1770275836.32418,200m_cross_10_e0019,200m_cross_10,0.0,35,24.625,19,8.0,-1.7662500143051147,1.0,0.041666666666666664,11.788482785224915,-0.5225649997591972,1.086720123887062
1770275837.327859,200m_cross_10_e0019,200m_cross_10,0.09318371779179506,36,27.0,19,3.0,-2.993333339691162,2.0,0.041666666666666664,12.576826413472494,0.4089760680993398,1.001566469669342
1770275838.325653,200m_cross_10_e0019,200m_cross_10,0.0,37,2.0,19,1.0,-1.309999942779541,1.0,0.020833333333333332,11.874883651733398,-1.0508086681365967,-1.0788178443908691
1770275839.3352473,200m_cross_10_e0019,200m_cross_10,3.30134205315145,38,17.0,19,6.0,-0.14500009516874948,6.0,0.06597222222222221,14.867713610331217,-0.8058318396409353,-0.01358446478843689
1770275840.3155549,200m_cross_10_e0019,200m_cross_10,0.0,39,29.5,19,2.0,-4.56000018119812,1.0,0.020833333333333332,21.21824836730957,-0.9385846853256226,-1.4727760553359985
1770275841.3229115,200m_cross_10_e0019,200m_cross_10,0.0,40,26.0,19,1.0,-5.679999828338623,1.0,0.020833333333333332,24.18778419494629,-0.3396289348602295,-1.8393864631652832
1770275842.3264282,200m_cross_10_e0019,200m_cross_10,3.4461868132691547,41,21.666666666666668,19,3.0,-3.099999984105428,3.0,0.048611111111111105,29.54777654012044,-3.83877166112264,-0.6057259639104208
1770275837.327859,200m_cross_10_e0020,200m_cross_10,2.012165730242547,36,22.4,20,5.0,-1.6699999675154686,3.0,0.10416666666666667,320.86761474609375,58.83771438598633,-29.713436889648438
1770275838.325653,200m_cross_10_e0020,200m_cross_10,0.0,37,14.5,20,2.0,-0.810000017285347,1.0,0.125,320.4143371582031,58.78763008117676,-29.65851402282715
1770275839.3352473,200m_cross_10_e0020,200m_cross_10,3.1068800236189458,38,17.2,20,5.0,0.5079999886453151,4.0,0.1375,323.064599609375,59.76309356689453,-29.538613891601564
1770275840.3155549,200m_cross_10_e0020,200m_cross_10,0.0,39,21.0,20,2.0,-0.30000000447034836,1.0,0.16666666666666666,326.2349090576172,63.11165237426758,-28.2241792678833
1770275842.3264282,200m_cross_10_e0020,200m_cross_10,0.45344269434049095,41,16.642857142857142,20,14.0,-0.03357142808714083,2.0,0.1636904761904762,330.16002982003346,70.55084119524274,-31.18862451825823
1770275843.3202274,200m_cross_10_e0020,200m_cross_10,1.0084645538951524,42,15.666666666666666,20,3.0,0.11333333452542622,2.0,0.17361111111111113,330.2359313964844,70.4312235514323,-31.000519434611004
1770275844.3358884,200m_cross_10_e0020,200m_cross_10,0.0,43,13.0,20,2.0,-0.07500000298023224,1.0,0.20833333333333334,326.73973083496094,71.09271240234375,-29.51917552947998
1770275845.3265548,200m_cross_10_e0020,200m_cross_10,0.0,44,15.0,20,1.0,-0.17000000178813934,1.0,0.041666666666666664,323.81658935546875,69.9275894165039,-30.03875732421875
1770275846.3150702,200m_cross_10_e0020,200m_cross_10,0.0,45,23.0,20,4.0,-0.014999999664723873,1.0,0.14583333333333334,321.5369415283203,65.09541130065918,-30.175947189331055
1770275828.33184,200m_cross_10_e0021,200m_cross_10,1.0040895415905857,27,15.333333333333334,21,3.0,5.029999732971191,2.0,0.05555555555555555,262.2154134114583,-65.76752217610677,-23.108310063680012
1770275829.317971,200m_cross_10_e0021,200m_cross_10,0.0,28,21.0,21,1.0,-0.1899999976158142,1.0,0.0625,259.4179382324219,-67.96571350097656,-21.450668334960938
1770275830.3180628,200m_cross_10_e0021,200m_cross_10,0.0,29,20.0,21,1.0,-0.029999999329447746,1.0,0.08333333333333333,255.70074462890625,-69.24140930175781,-23.384777069091797
1770275831.3356285,200m_cross_10_e0021,200m_cross_10,0.0,30,19.0,21,4.0,-0.01500000013038516,1.0,0.0625,255.87711334228516,-68.2324333190918,-24.097729206085205
1770275832.3232634,200m_cross_10_e0021,200m_cross_10,1.2853271834801359,31,18.333333333333332,21,3.0,-3.1633333458254733,2.0,0.0625,258.88746134440106,-68.61351013183594,-24.232908884684246
1770275834.3194036,200m_cross_10_e0021,200m_cross_10,0.0,33,19.333333333333332,21,3.0,35.33999888102213,1.0,0.020833333333333332,262.8072102864583,-77.64806365966797,-24.600146611531574
1770275836.32418,200m_cross_10_e0021,200m_cross_10,1.5220653180190638,35,11.5,21,4.0,-1.9499999806284904,3.0,0.08854166666666667,276.46026611328125,-83.42279052734375,-21.87208080291748
1770275837.327859,200m_cross_10_e0022,200m_cross_10,0.0,36,18.666666666666668,22,3.0,-2.1100000540415444,1.0,0.08333333333333333,20.60818036397298,-4.784570376078288,1.8832974036534627
1770275839.3352473,200m_cross_10_e0022,200m_cross_10,2.0822159137081337,38,20.4,22,5.0,-4.5440000057220455,2.0,0.05416666666666666,18.651173782348632,-1.8195560216903686,-0.5064344286918641
1770275841.3229115,200m_cross_10_e0022,200m_cross_10,0.0,40,23.333333333333332,22,3.0,-2.7799999713897705,1.0,0.041666666666666664,18.81296730041504,3.120234966278076,1.7489748001098633
1770275842.3264282,200m_cross_10_e0022,200m_cross_10,0.0,41,23.0,22,1.0,-3.390000104904175,1.0,0.020833333333333332,16.849464416503906,1.1060487031936646,1.4747065305709839
1770275843.3202274,200m_cross_10_e0022,200m_cross_10,0.0,42,38.0,22,1.0,-2.9800000190734863,1.0,0.041666666666666664,18.387388229370117,-0.6732755303382874,-1.3613070249557495
1770275844.3358884,200m_cross_10_e0022,200m_cross_10,2.395897875968654,43,18.142857142857142,22,7.0,-1.9299999986376082,3.0,0.09523809523809525,18.487469264439174,-2.929006746837071,-0.8976518000875201
1770275845.3265548,200m_cross_10_e0022,200m_cross_10,1.9297677366824721,44,27.0,22,3.0,-1.0233333110809326,2.0,0.09722222222222222,17.57366689046224,-3.9293704827626548,-0.5546593715747198
1770275846.3150702,200m_cross_10_e0022,200m_cross_10,0.0,45,42.0,22,1.0,-4.360000133514404,1.0,0.0625,16.773881912231445,-3.7417991161346436,-0.6897950172424316
1770275847.3225572,200m_cross_10_e0022,200m_cross_10,2.1038204481553775,46,5.333333333333333,22,3.0,-0.9566666384538015,3.0,0.08333333333333333,11.09380308787028,-2.286532402038574,0.1224348358809948
1770275809.3251147,200m_cross_10_e0023,200m_cross_10,1.8104179633114394,8,16.0,23,3.0,-0.6666666381061077,3.0,0.14583333333333334,255.8409627278646,-63.05148061116537,-23.776304244995117
1770275810.3347442,200m_cross_10_e0023,200m_cross_10,0.0,9,24.571428571428573,23,7.0,-0.11142857053450175,1.0,0.1875,257.1870683942522,-61.18941279820034,-24.01353590829032
1770275812.3336523,200m_cross_10_e0023,200m_cross_10,4.687124464464843,11,16.0,23,4.0,-4.472500294446945,4.0,0.11979166666666666,262.0532760620117,-64.19493675231934,-23.33726406097412
1770275813.3197362,200m_cross_10_e0023,200m_cross_10,3.6719868253696926,12,17.375,23,8.0,-4.912500023841858,6.0,0.1640625,263.2689399719238,-64.77393627166748,-23.27107048034668
1770275814.3281603,200m_cross_10_e0023,200m_cross_10,0.0,13,18.0,23,1.0,-7.570000171661377,1.0,0.1875,265.33172607421875,-65.15855407714844,-23.570096969604492
1770275815.3308313,200m_cross_10_e0023,200m_cross_10,2.8760078737449053,14,17.666666666666668,23,3.0,-5.013332843780518,3.0,0.13194444444444445,264.27430216471356,-64.69909540812175,-23.73400942484538
1770275825.322195,200m_cross_10_e0024,200m_cross_10,2.2307581150945723,24,14.666666666666666,24,3.0,-2.3433332443237305,2.0,0.20138888888888892,394.9856669108073,-76.85926055908203,-35.564717610677086
1770275826.3216853,200m_cross_10_e0024,200m_cross_10,0.0,25,10.0,24,1.0,-14.949999809265137,1.0,0.20833333333333334,395.389892578125,-76.34620666503906,-35.44232940673828
1770275827.3217409,200m_cross_10_e0024,200m_cross_10,2.5944370199237694,26,14.6,24,5.0,1.2100000530481339,4.0,0.15416666666666667,398.2314086914063,-76.62570190429688,-36.9175666809082
1770275828.33184,200m_cross_10_e0024,200m_cross_10,2.5294400804081807,27,14.5,24,4.0,6.515000104904175,3.0,0.09895833333333333,398.08277893066406,-75.67437553405762,-35.56393814086914
1770275829.317971,200m_cross_10_e0024,200m_cross_10,0.0,28,11.0,24,1.0,22.530000686645508,1.0,0.041666666666666664,400.65875244140625,-76.42670440673828,-34.743675231933594
1770275830.3180628,200m_cross_10_e0024,200m_cross_10,0.0,29,11.0,24,1.0,-8.380000114440918,1.0,0.20833333333333334,404.3438415527344,-77.61076354980469,-36.16343307495117
1770275831.3356285,200m_cross_10_e0024,200m_cross_10,3.270324723948953,30,13.0,24,3.0,2.253333275516828,3.0,0.10416666666666667,405.32081095377606,-78.21448771158855,-36.72537612915039
1770275832.3232634,200m_cross_10_e0024,200m_cross_10,0.0,31,10.0,24,1.0,0.6299999952316284,1.0,0.041666666666666664,407.0146179199219,-77.06634521484375,-36.48435592651367
1770275834.3194036,200m_cross_10_e0024,200m_cross_10,0.0,33,18.666666666666668,24,3.0,-0.30666667222976685,1.0,0.125,408.63108317057294,-77.84947204589844,-37.19227091471354
1770275829.317971,200m_cross_10_e0025,200m_cross_10,1.7736836837381356,28,13.333333333333334,25,3.0,-12.350000152364373,3.0,0.09027777777777778,330.858154296875,71.85291798909505,-30.06867281595866
1770275830.3180628,200m_cross_10_e0025,200m_cross_10,1.9404169076620634,29,14.666666666666666,25,3.0,-6.823333129907648,3.0,0.15972222222222224,330.40882364908856,70.85311635335286,-30.594488779703777
1770275831.3356285,200m_cross_10_e0025,200m_cross_10,0.0,30,14.0,25,1.0,4.71999979019165,1.0,0.125,327.17449951171875,69.40335845947266,-29.690391540527344
1770275832.3232634,200m_cross_10_e0025,200m_cross_10,0.0,31,15.333333333333334,25,3.0,0.02666666607062022,1.0,0.14583333333333334,324.82203165690106,69.42213439941406,-29.815348307291668
1770275833.3298044,200m_cross_10_e0025,200m_cross_10,0.0,32,30.0,25,1.0,-0.029999999329447746,1.0,0.14583333333333334,321.57025146484375,65.00148010253906,-30.18718147277832
1770275834.3194036,200m_cross_10_e0025,200m_cross_10,4.110216172506017,33,20.2,25,5.0,2.941999972239137,5.0,0.13333333333333333,323.473681640625,60.912417602539065,-29.42765655517578
1770275835.3165312,200m_cross_10_e0025,200m_cross_10,0.0,34,18.0,25,1.0,-0.15000000596046448,1.0,0.020833333333333332,326.0518798828125,59.8192138671875,-30.015928268432617
1770275836.32418,200m_cross_10_e0025,200m_cross_10,1.838656573562944,35,15.666666666666666,25,3.0,-0.0866666678339243,2.0,0.13194444444444445,324.8814697265625,59.666996002197266,-29.61298942565918
1770276630.3232791,200m_cross_5_e0001,200m_cross_5,2.103021658608455,34,27.214285714285715,1,42.0,-0.0630952383702,3.0,0.16781411359724613,280.7222522553943,-81.48508725847516,-26.101334662664506
1770276631.3171322,200m_cross_5_e0001,200m_cross_5,1.815927574699475,35,25.166666666666668,1,30.0,-0.1333333345130086,4.0,0.15943775100401605,281.0370758056641,-81.34690322875977,-26.051258341471353
1770276632.3178556,200m_cross_5_e0001,200m_cross_5,1.7276840741345347,36,23.535714285714285,1,28.0,-0.4767857055578913,3.0,0.19922547332185886,281.2912292480469,-81.2286022731236,-26.11010115487235
1770276633.3178916,200m_cross_5_e0001,200m_cross_5,1.8293204705870305,37,21.74074074074074,1,27.0,-0.4088888874760381,4.0,0.17090584560464078,281.15992567274304,-81.54557800292969,-26.108719790423358
1770276634.3207512,200m_cross_5_e0001,200m_cross_5,1.82675402805856,38,21.97872340425532,1,47.0,-0.0034042551241656566,4.0,0.16277877467316074,281.0676840924202,-81.54911820431973,-26.21399059701473
1770276635.3198109,200m_cross_5_e0001,200m_cross_5,1.7791450637177024,39,22.632653061224488,1,49.0,-0.10693877505860766,3.0,0.1573641504794689,280.9942477479273,-81.70132275016941,-26.22268361461406
1770276636.3218834,200m_cross_5_e0001,200m_cross_5,0.8670683201252977,40,29.57894736842105,1,38.0,-0.06447368448502139,3.0,0.19530754597336716,281.59806100945724,-81.30552954422801,-26.12236203645405
1770276637.3020985,200m_cross_5_e0001,200m_cross_5,1.810781658903559,41,22.884615384615383,1,52.0,-0.10057692258403851,3.0,0.16218721037998146,281.0960881159856,-81.56826943617601,-26.177951152508076
1770276638.310787,200m_cross_5_e0001,200m_cross_5,1.8690216903123726,42,22.31111111111111,1,45.0,-0.07155555540488825,3.0,0.1646586345381526,281.11637505425347,-81.61500328911676,-26.177394824557833
1770276639.3164814,200m_cross_5_e0001,200m_cross_5,1.8068407464562857,43,25.928571428571427,1,28.0,-0.2246428563126496,3.0,0.1673838209982788,281.1673703874861,-81.60480145045689,-26.177244867597306
1770276640.3282204,200m_cross_5_e0001,200m_cross_5,2.3424079891896064,44,21.92105263157895,1,38.0,-0.2505263164639473,5.0,0.17152821813570068,281.4275183426706,-81.60685207969264,-26.14142151882774
1770276641.3192513,200m_cross_5_e0001,200m_cross_5,1.8851860078073686,45,22.19148936170213,1,47.0,-1.0014893628181296,6.0,0.15534478338887464,281.7273481653092,-81.52947056547124,-26.18799834555768
1770276642.3209777,200m_cross_5_e0001,200m_cross_5,2.2972465380321943,46,27.25,1,88.0,-2.68897729028355,7.0,0.05859802847754656,282.74290154197,-81.48797173933549,-26.34740610556169
1770276643.32406,200m_cross_5_e0001,200m_cross_5,2.362228047162992,47,24.830188679245282,1,106.0,-4.623490598966491,6.0,0.020231870879745397,283.76721824789945,-81.75228939416273,-26.476406043430543
1770276644.3219883,200m_cross_5_e0001,200m_cross_5,1.7974460996034194,48,23.306451612903224,1,62.0,-6.607903195965674,4.0,0.012048192771084338,286.7801139585433,-82.28013500090569,-26.602551275683986
1770276645.3226283,200m_cross_5_e0001,200m_cross_5,3.4168976736481405,49,26.5,1,48.0,-7.682083249092102,8.0,0.01204819277108434,290.7254168192546,-82.53429539998372,-27.017703612645466
1770276646.3229737,200m_cross_5_e0001,200m_cross_5,2.0831441150118186,50,21.666666666666668,1,9.0,-9.047777811686197,6.0,0.012048192771084336,295.1442565917969,-82.87835778130426,-27.385435740152996
1770276647.3323886,200m_cross_5_e0001,200m_cross_5,0.0,51,22.0,1,1.0,-10.0600004196167,1.0,0.012048192771084338,300.62109375,-82.81405639648438,-28.068967819213867
1770276648.3163302,200m_cross_5_e0001,200m_cross_5,0.6205918618387984,52,27.5,1,10.0,-10.582000064849854,2.0,0.012048192771084338,305.67271118164064,-83.82974548339844,-28.55296745300293
1770276650.3208318,200m_cross_5_e0001,200m_cross_5,0.0,54,19.5,1,2.0,-0.014999999664723873,1.0,0.03614457831325301,318.7119140625,-73.9992446899414,-29.53307819366455
1770276651.3169498,200m_cross_5_e0001,200m_cross_5,1.4961842419288833,55,14.666666666666666,1,3.0,0.4466666840016842,3.0,0.06425702811244981,323.4033508300781,-72.39220682779948,-30.054677963256836
1770276629.3260574,200m_cross_5_e0002,200m_cross_5,1.0788224816149354,33,32.125,2,16.0,1.7581249997019768,2.0,0.012048192771084338,201.08765602111816,21.034603714942932,-3.8751908391714096
1770276630.3232791,200m_cross_5_e0002,200m_cross_5,0.44276104657081516,34,28.31578947368421,2,19.0,0.39789474245749024,3.0,0.013316423589093218,199.61821465743216,28.1617431640625,-3.921428605129844
1770276631.3171322,200m_cross_5_e0002,200m_cross_5,0.0,35,43.0,2,1.0,0.0,1.0,0.04819277108433735,199.05172729492188,31.394065856933594,-3.9019134044647217
1770276632.3178556,200m_cross_5_e0002,200m_cross_5,0.1840315038114603,36,27.75,2,4.0,-0.2175000011920929,2.0,0.039156626506024104,199.12491607666016,31.992884159088135,-3.958129405975342
1770276633.3178916,200m_cross_5_e0002,200m_cross_5,0.6411468179158584,37,21.0,2,5.0,0.09799999892711639,2.0,0.04096385542168675,199.0116729736328,31.77981185913086,-3.956870603561401
1770276634.3207512,200m_cross_5_e0002,200m_cross_5,0.0,38,25.0,2,1.0,0.1599999964237213,1.0,0.04819277108433735,199.1675262451172,31.739320755004883,-3.9838814735412598
1770276635.3198109,200m_cross_5_e0002,200m_cross_5,0.08483282715263109,39,29.714285714285715,2,7.0,-0.24428570909159525,2.0,0.012048192771084338,199.35826764787947,30.59387261526925,-4.053229808807373
1770276636.3218834,200m_cross_5_e0002,200m_cross_5,0.1347611447000008,40,26.285714285714285,2,14.0,-1.1585714391299657,2.0,0.02323580034423408,200.2485406058175,26.37164102281843,-4.068457535334995
1770276637.3020985,200m_cross_5_e0002,200m_cross_5,0.4664330201990799,41,27.428571428571427,2,7.0,-2.10285712991442,2.0,0.012048192771084338,201.75425938197546,20.054859161376953,-4.093284470694406
1770276638.310787,200m_cross_5_e0002,200m_cross_5,0.5922146696566739,42,30.6,2,5.0,-2.70600004196167,2.0,0.016867469879518072,203.39399108886718,12.126933479309082,-4.16608419418335
1770276639.3164814,200m_cross_5_e0002,200m_cross_5,0.16769881131337477,43,26.0,2,12.0,-3.319166680177053,2.0,0.01204819277108434,205.06232070922852,3.5554808179537454,-4.175296703974406
1770276640.3282204,200m_cross_5_e0002,200m_cross_5,0.0,44,33.75,2,8.0,-3.1400000154972076,1.0,0.012048192771084338,206.6746997833252,-4.623492419719696,-4.118553638458252
1770276641.3192513,200m_cross_5_e0002,200m_cross_5,0.07919183866292505,45,29.166666666666668,2,6.0,-2.0383333365122476,2.0,0.02409638554216868,207.62958780924478,-10.194308598836264,-4.0077500740687055
1770276642.3209777,200m_cross_5_e0002,200m_cross_5,0.0,46,17.5,2,2.0,-1.0,1.0,0.060240963855421686,208.17833709716797,-12.926154136657715,-4.122469902038574
1770276643.32406,200m_cross_5_e0002,200m_cross_5,0.129450095485424,47,30.4,2,5.0,0.24399999678134918,2.0,0.05301204819277109,208.2670928955078,-12.914941215515137,-4.128397655487061
1770276644.3219883,200m_cross_5_e0002,200m_cross_5,0.0,48,31.666666666666668,2,3.0,-0.10333333164453506,1.0,0.060240963855421686,208.22858174641928,-12.72016461690267,-4.081809361775716
1770276645.3226283,200m_cross_5_e0002,200m_cross_5,0.0,49,41.5,2,2.0,-0.15000000596046448,1.0,0.060240963855421686,208.29232788085938,-12.891304016113281,-4.041378021240234
1770276646.3229737,200m_cross_5_e0002,200m_cross_5,0.15776501524634767,50,25.666666666666668,2,6.0,-0.07166666692743699,2.0,0.048192771084337345,208.28189086914062,-13.023133595784506,-4.0689661502838135
1770276647.3323886,200m_cross_5_e0002,200m_cross_5,0.0,51,30.857142857142858,2,7.0,-0.17428571837288992,1.0,0.04819277108433735,208.35602460588728,-13.020487785339355,-3.804422174181257
1770276648.3163302,200m_cross_5_e0002,200m_cross_5,0.0,52,24.166666666666668,2,6.0,-0.40833333134651184,1.0,0.04819277108433736,208.3777618408203,-13.063491503397623,-3.6261402368545532
1770276649.31697,200m_cross_5_e0002,200m_cross_5,0.0,53,27.384615384615383,2,13.0,-0.30538461428995317,1.0,0.04819277108433735,208.387697660006,-13.118829360375038,-3.6150852900284987
1770276650.3208318,200m_cross_5_e0002,200m_cross_5,0.0,54,15.0,2,1.0,-0.7400000095367432,1.0,0.04819277108433735,208.4941864013672,-13.007920265197754,-3.565598487854004
1770276652.3280418,200m_cross_5_e0002,200m_cross_5,0.0,56,24.666666666666668,2,3.0,-0.49333332975705463,1.0,0.01204819277108434,208.55573527018228,-12.779759407043457,-1.1331626971562703
1770276653.3132093,200m_cross_5_e0002,200m_cross_5,0.0,57,23.5,2,4.0,-0.5849999934434891,1.0,0.012048192771084338,208.92166900634766,-12.66088604927063,1.7758744060993195
1770276654.3264163,200m_cross_5_e0002,200m_cross_5,0.0,58,31.333333333333332,2,6.0,-0.5233333309491476,1.0,0.01204819277108434,209.18471018473306,-12.396897315979004,3.9156922101974487
1770276655.322864,200m_cross_5_e0002,200m_cross_5,0.0,59,32.1,2,10.0,-0.5299999982118606,1.0,0.024096385542168676,209.3473648071289,-12.464133834838867,5.136320543289185
1770276656.2990103,200m_cross_5_e0002,200m_cross_5,0.0,60,26.25,2,8.0,-0.36499999836087227,1.0,0.024096385542168676,209.55108833312988,-12.498244762420654,5.758866727352142
1770276657.3097687,200m_cross_5_e0002,200m_cross_5,0.0,61,26.0,2,4.0,0.0950000062584877,1.0,0.024096385542168676,209.67706680297852,-12.611783027648926,6.197748899459839
1770276658.335995,200m_cross_5_e0002,200m_cross_5,0.0,62,25.0,2,5.0,1.5760000228881836,1.0,0.024096385542168676,209.28441467285157,-12.640743255615234,6.217574882507324
1770276659.3226357,200m_cross_5_e0002,200m_cross_5,0.0,63,29.545454545454547,2,11.0,4.089090910824862,1.0,0.012048192771084338,207.82321166992188,-12.367008469321512,6.395401477813721
1770276660.318473,200m_cross_5_e0002,200m_cross_5,0.0,64,30.833333333333332,2,12.0,6.34416663646698,1.0,0.01204819277108434,205.12665685017905,-12.287877082824707,6.742539882659912
1770276661.3031163,200m_cross_5_e0002,200m_cross_5,0.0,65,33.0,2,4.0,8.170000314712524,1.0,0.012048192771084338,201.44353866577148,-12.10883116722107,7.184508442878723
1770276662.3133843,200m_cross_5_e0002,200m_cross_5,0.0,66,24.0,2,3.0,10.216666539510092,1.0,0.01204819277108434,196.7736612955729,-11.829811414082846,7.717494646708171
1770276663.145042,200m_cross_5_e0002,200m_cross_5,0.0,67,31.0,2,4.0,12.224999904632568,1.0,0.012048192771084338,191.12095642089844,-11.655026197433472,8.280706405639648
1770276664.137345,200m_cross_5_e0002,200m_cross_5,0.050324451616360316,68,30.333333333333332,2,3.0,14.126666704813639,2.0,0.02409638554216868,184.54741414388022,-11.321865717569986,9.00073496500651
1770276664.4613674,200m_cross_5_e0002,200m_cross_5,0.050324451616360316,69,30.333333333333332,2,3.0,14.126666704813639,2.0,0.02409638554216868,184.54741414388022,-11.321865717569986,9.00073496500651
1770276597.326433,200m_cross_5_e0003,200m_cross_5,0.11078756194927769,0,20.636363636363637,3,11.0,0.0636363627219742,2.0,0.012048192771084338,209.26503684303978,-17.149622310291637,-3.9441665302623403
1770276598.31947,200m_cross_5_e0003,200m_cross_5,0.28269166295506265,1,27.11111111111111,3,9.0,1.6855555375417073,2.0,0.021419009370816602,208.91969299316406,-15.575134383307564,-3.87939453125
1770276599.3165238,200m_cross_5_e0003,200m_cross_5,0.2598386231290709,2,24.714285714285715,3,14.0,3.087857178279332,3.0,0.02323580034423408,207.88462393624442,-10.261925152369908,-3.9695975610188077
1770276600.3122969,200m_cross_5_e0003,200m_cross_5,0.12964994602465005,3,25.636363636363637,3,22.0,3.879090894352306,2.0,0.012048192771084338,206.1838177767667,-2.4054299159483477,-4.030481912873008
1770276601.3208904,200m_cross_5_e0003,200m_cross_5,0.22514237694363695,4,35.5,3,6.0,3.396666685740153,3.0,0.018072289156626505,204.02764892578125,7.513062556584676,-3.9926560719807944
1770276602.3315082,200m_cross_5_e0003,200m_cross_5,0.0,5,35.111111111111114,3,9.0,1.9477777745988634,1.0,0.012048192771084338,201.8534223768446,18.43020968967014,-4.14979690975613
1770276603.3015053,200m_cross_5_e0003,200m_cross_5,0.6099947275485446,6,29.333333333333332,3,3.0,0.7666666706403097,3.0,0.016064257028112452,200.03497823079428,27.379228591918945,-4.007904767990112
1770276604.316519,200m_cross_5_e0003,200m_cross_5,0.0,7,32.083333333333336,3,24.0,-0.28958333500971395,1.0,0.10843373493975904,199.32899475097656,31.317699273427326,-4.154950519402822
1770276605.3302908,200m_cross_5_e0003,200m_cross_5,0.0,8,29.77777777777778,3,18.0,0.04999999846849176,1.0,0.10843373493975904,199.38022783067493,31.285640080769856,-4.213085042105781
1770276606.3210464,200m_cross_5_e0003,200m_cross_5,0.0,9,28.0,3,18.0,-0.2638888887854086,1.0,0.10843373493975904,199.338623046875,31.215590053134495,-4.226616435580784
1770276607.3228793,200m_cross_5_e0003,200m_cross_5,0.0,10,28.476190476190474,3,21.0,-0.05761904845989886,1.0,0.10843373493975902,199.39349147251673,31.277729851858957,-4.233475753239223
1770276608.3127186,200m_cross_5_e0003,200m_cross_5,0.0,11,32.1578947368421,3,19.0,-0.02000000151364427,1.0,0.10843373493975902,199.26770983244242,31.263525511089124,-4.193633631656044
1770276609.3237019,200m_cross_5_e0003,200m_cross_5,0.0,12,35.9,3,10.0,0.04699999988079071,1.0,0.10843373493975902,199.21319732666015,31.275342750549317,-4.150213623046875
1770276610.3278403,200m_cross_5_e0003,200m_cross_5,0.0,13,32.0,3,7.0,-0.33285714047295706,1.0,0.024096385542168676,199.60470363071985,28.970023018973215,-4.140965121132987
1770276611.327678,200m_cross_5_e0003,200m_cross_5,0.5688689321724232,14,30.285714285714285,3,7.0,-1.041428574493953,2.0,0.012048192771084338,200.490478515625,24.42439569745745,-4.162210260118757
1770276612.3159194,200m_cross_5_e0003,200m_cross_5,1.8431787805258286,15,30.736842105263158,3,19.0,-2.2084210671876607,4.0,0.012048192771084338,202.03632957056948,17.13420918113307,-4.164674282073975
1770276613.308137,200m_cross_5_e0003,200m_cross_5,0.7122804253956031,16,29.866666666666667,3,15.0,-3.3546666622161867,3.0,0.019277108433734938,203.64097798665364,9.978900400797526,-4.196944014231364
1770276614.3261287,200m_cross_5_e0003,200m_cross_5,0.44978794218176454,17,28.5,3,12.0,-3.928333342075348,2.0,0.01204819277108434,205.57478459676108,0.9492067943016688,-4.160038471221924
1770276615.3201883,200m_cross_5_e0003,200m_cross_5,1.1112068868374076,18,24.571428571428573,3,14.0,-4.5257143293108255,3.0,0.012048192771084338,207.30755615234375,-8.543297631399971,-4.093380280903408
1770276616.3091989,200m_cross_5_e0003,200m_cross_5,0.8217409997205183,19,28.2,3,10.0,-5.59800009727478,5.0,0.012048192771084338,209.0506591796875,-18.708914375305177,-3.968259644508362
1770276617.3256395,200m_cross_5_e0003,200m_cross_5,0.5110653982302756,20,28.90909090909091,3,11.0,-4.980909130790017,2.0,0.014238773274917854,210.41730984774503,-28.181596755981445,-3.7860069274902344
1770276618.3310142,200m_cross_5_e0003,200m_cross_5,0.0,21,31.266666666666666,3,15.0,-1.78133331934611,1.0,0.03614457831325301,212.23568115234374,-37.69139760335286,-3.7201686541239423
1770276663.145042,200m_cross_5_e0004,200m_cross_5,0.0,67,16.0,4,4.0,-0.16999999806284904,1.0,0.03614457831325301,311.02066802978516,4.634585022926331,1.1896582245826721
1770276665.3490608,200m_cross_5_e0004,200m_cross_5,1.1782696080278787,70,17.333333333333332,4,3.0,0.010000000397364298,2.0,0.028112449799196786,310.73475138346356,4.80617634455363,0.8497714797655741
1770276667.3281019,200m_cross_5_e0004,200m_cross_5,0.6078152195561698,72,18.583333333333332,4,12.0,0.08833333104848862,2.0,0.03614457831325301,307.7605972290039,5.048363208770752,-4.878389636675517
1770276670.324178,200m_cross_5_e0004,200m_cross_5,1.5237755557813017,75,19.470588235294116,4,17.0,-0.1505882367491722,3.0,0.019135364989369245,307.0389368393842,2.9833881294026092,-17.820886499741498
1770276671.3316443,200m_cross_5_e0004,200m_cross_5,5.038584543136919,76,21.040816326530614,4,49.0,-0.12122449005136685,5.0,0.01844111138431276,306.5885159239477,2.9813870118588817,-21.566234705399495
1770276637.3020985,200m_cross_5_e0005,200m_cross_5,2.209631565908006,41,11.333333333333334,5,3.0,0.7066666682561239,2.0,0.060240963855421686,261.18358357747394,-1.9065817991892497,-22.964572270711262
1770276638.310787,200m_cross_5_e0005,200m_cross_5,2.3421309325414144,42,13.75,5,4.0,0.4500000225380063,3.0,0.06626506024096385,260.92334747314453,-2.0766227692365646,-23.000763416290283
1770276639.3164814,200m_cross_5_e0005,200m_cross_5,2.2353885790538386,43,15.25,5,4.0,0.1575000029988587,2.0,0.06626506024096385,260.0969009399414,-3.631120800971985,-22.89525842666626
1770276640.3282204,200m_cross_5_e0005,200m_cross_5,0.0,44,14.0,5,1.0,1.9299999475479126,1.0,0.012048192771084338,261.5858459472656,-2.5735368728637695,-23.026439666748047
1770276641.3192513,200m_cross_5_e0005,200m_cross_5,2.874609551694728,45,15.375,5,8.0,0.37499999068677425,4.0,0.06325301204819277,260.3803482055664,-1.7805244140326977,-23.031723499298096
1770276642.3209777,200m_cross_5_e0005,200m_cross_5,0.0,46,9.0,5,1.0,-1.940000057220459,1.0,0.060240963855421686,260.5096740722656,-0.4969446659088135,-23.299291610717773
1770276643.32406,200m_cross_5_e0005,200m_cross_5,2.114026410834889,47,10.666666666666666,5,3.0,0.7833333437641462,2.0,0.07228915662650602,260.78516642252606,-1.9016213218371074,-22.929582595825195
1770276644.3219883,200m_cross_5_e0005,200m_cross_5,2.560206405838786,48,14.333333333333334,5,3.0,0.2633333510408799,3.0,0.052208835341365466,260.9320576985677,-3.29239829381307,-23.00382423400879
1770276645.3226283,200m_cross_5_e0005,200m_cross_5,0.0,49,11.0,5,1.0,1.1100000143051147,1.0,0.08433734939759036,260.6999816894531,-4.685074806213379,-22.948455810546875
1770276646.3229737,200m_cross_5_e0005,200m_cross_5,2.4122143581120934,50,15.0,5,3.0,0.26000001033147174,3.0,0.07228915662650602,260.1906026204427,-3.284313122431437,-22.91222635904948
1770276647.3323886,200m_cross_5_e0005,200m_cross_5,1.059204741368771,51,12.25,5,4.0,0.4925000099465251,2.0,0.0753012048192771,260.4774627685547,-2.588782846927643,-22.928706645965576
1770276648.3163302,200m_cross_5_e0005,200m_cross_5,2.4996447338614063,52,11.333333333333334,5,3.0,0.2866666913032532,3.0,0.040160642570281124,261.8295491536458,-1.911627511183421,-22.92470932006836
1770276664.137345,200m_cross_5_e0006,200m_cross_5,0.12850464465332279,68,16.333333333333332,6,6.0,0.05833333606521288,2.0,0.09236947791164658,295.9978281656901,30.521782557169598,-27.94585641225179
1770276664.4613674,200m_cross_5_e0006,200m_cross_5,0.12850464465332279,69,16.333333333333332,6,6.0,0.05833333606521288,2.0,0.09236947791164658,295.9978281656901,30.521782557169598,-27.94585641225179
1770276665.3490608,200m_cross_5_e0006,200m_cross_5,0.0,70,16.0,6,3.0,0.01333333303531011,1.0,0.09638554216867472,295.9098612467448,30.47228177388509,-27.897741317749023
1770276666.3457456,200m_cross_5_e0006,200m_cross_5,0.44166392830023377,71,19.77777777777778,6,9.0,-0.5088888903458914,2.0,0.09103078982597054,295.81954616970484,30.496342129177517,-27.88922691345215
1770276667.3281019,200m_cross_5_e0006,200m_cross_5,0.0,72,20.11111111111111,6,9.0,-0.12444444414642122,1.0,0.024096385542168676,294.5364006890191,30.380957073635525,-27.797973420884873
1770276668.3288982,200m_cross_5_e0006,200m_cross_5,0.0,73,22.0,6,1.0,-0.029999999329447746,1.0,0.04819277108433735,293.29833984375,30.243330001831055,-27.681123733520508
1770276670.324178,200m_cross_5_e0006,200m_cross_5,0.0,75,17.333333333333332,6,3.0,-0.15000000596046448,1.0,0.08433734939759036,294.38686116536456,27.976408004760742,-27.724459966023762
1770276643.32406,200m_cross_5_e0007,200m_cross_5,1.26463352043201,47,18.333333333333332,7,3.0,8.146666208902994,2.0,0.14859437751004015,212.46137491861978,27.765473047892254,-19.67306645711263
1770276644.3219883,200m_cross_5_e0007,200m_cross_5,2.395192709166051,48,21.5,7,4.0,6.340000152587891,3.0,0.060240963855421686,212.4788055419922,34.14367389678955,-19.13473892211914
1770276645.3226283,200m_cross_5_e0007,200m_cross_5,0.0,49,26.6,7,5.0,-0.11199999898672104,1.0,0.0963855421686747,210.43468627929687,35.998968505859374,-19.77988471984863
1770276646.3229737,200m_cross_5_e0007,200m_cross_5,2.671325214949517,50,25.0,7,4.0,-2.417500039562583,4.0,0.09036144578313253,208.46739959716797,36.80313968658447,-18.088189601898193
1770276647.3323886,200m_cross_5_e0007,200m_cross_5,2.271544246000381,51,22.666666666666668,7,3.0,-1.0366666701932747,3.0,0.06425702811244981,207.35089619954428,36.60523223876953,-17.93878936767578
1770276648.3163302,200m_cross_5_e0007,200m_cross_5,1.2060427179230038,52,16.666666666666668,7,3.0,0.06666666890184085,3.0,0.10441767068273093,208.8158162434896,36.864487965901695,-18.107535044352215
1770276649.31697,200m_cross_5_e0007,200m_cross_5,0.0,53,21.333333333333332,7,3.0,-0.11333333204189937,1.0,0.09638554216867472,210.4265594482422,35.99796040852865,-19.803181330362957
1770276651.3169498,200m_cross_5_e0007,200m_cross_5,0.0,55,23.5,7,2.0,-0.005000114440917969,1.0,0.0963855421686747,213.6331558227539,32.997989654541016,-19.893038749694824
1770276652.3280418,200m_cross_5_e0007,200m_cross_5,0.0,56,16.6,7,5.0,-0.20200000256299971,1.0,0.08433734939759036,216.0539978027344,34.530303192138675,-20.28191719055176
1770276654.3264163,200m_cross_5_e0007,200m_cross_5,0.0,58,26.0,7,1.0,-0.05000000074505806,1.0,0.1566265060240964,223.0404510498047,35.14010238647461,-20.82526969909668
1770276655.322864,200m_cross_5_e0007,200m_cross_5,0.0,59,22.875,7,8.0,-0.04250000021420419,1.0,0.20481927710843373,225.48314476013184,35.009135723114014,-20.666740894317627
1770276634.3207512,200m_cross_5_e0008,200m_cross_5,0.0,38,38.666666666666664,8,3.0,0.18333333979050317,1.0,0.04819277108433736,18.669647216796875,3.007636626561483,0.33546653389930725
1770276635.3198109,200m_cross_5_e0008,200m_cross_5,0.0,39,24.0,8,2.0,-2.5,1.0,0.012048192771084338,14.124894142150879,3.0712260007858276,-0.04448257014155388
1770276636.3218834,200m_cross_5_e0008,200m_cross_5,2.052302243056715,40,9.5,8,4.0,-0.015000000596046448,3.0,0.15060240963855423,10.990263223648071,1.4868715852499008,-0.1741357296705246
1770276637.3020985,200m_cross_5_e0008,200m_cross_5,0.8949302610817874,41,12.714285714285714,8,7.0,-0.7199999881642205,2.0,0.16351118760757316,11.614416122436523,1.1979388168879919,0.3870820573398045
1770276638.310787,200m_cross_5_e0008,200m_cross_5,4.578969257659766,42,10.25,8,8.0,-0.6700000064447522,5.0,0.1280120481927711,11.677732586860657,-0.6719884462654591,0.5905349189415574
1770276639.3164814,200m_cross_5_e0008,200m_cross_5,0.0,43,2.5,8,2.0,0.019999999552965164,1.0,0.07228915662650602,10.66072416305542,-3.1620140075683594,-0.6676798760890961
1770276640.3282204,200m_cross_5_e0008,200m_cross_5,5.091317147583251,44,15.1,8,10.0,-0.5190000087022781,5.0,0.10963855421686748,11.738152503967285,-1.4282225221395493,-0.14891228452324867
1770276668.3288982,200m_cross_5_e0009,200m_cross_5,4.0077476360657895,73,20.5,9,4.0,13.427499294281006,4.0,0.13855421686746988,214.09576034545898,-45.66985321044922,-14.40525197982788
1770276669.320612,200m_cross_5_e0009,200m_cross_5,1.8396520070858375,74,16.666666666666668,9,3.0,0.03333333507180214,2.0,0.12851405622489961,218.7719268798828,-46.079612731933594,-14.803592046101889
1770276670.324178,200m_cross_5_e0009,200m_cross_5,0.0,75,23.666666666666668,9,3.0,1.3966665267944336,1.0,0.02409638554216868,222.18683369954428,-48.05525461832682,-15.51898225148519
1770276671.3316443,200m_cross_5_e0009,200m_cross_5,1.4872155473788675,76,18.0,9,2.0,0.17499971389770508,2.0,0.10240963855421688,226.7376480102539,-45.384538650512695,-16.377193450927734
1770276672.3163536,200m_cross_5_e0009,200m_cross_5,1.911524445219698,77,24.333333333333332,9,3.0,-10.620000203450521,2.0,0.11244979919678715,232.5359344482422,-45.233994801839195,-19.938103357950848
1770276674.3308773,200m_cross_5_e0009,200m_cross_5,1.6263689526947218,79,22.0,9,2.0,-0.11500000208616257,2.0,0.14457831325301204,245.37771606445312,-48.15555763244629,-21.005141258239746
1770276675.3232229,200m_cross_5_e0009,200m_cross_5,3.407844295971371,80,15.333333333333334,9,3.0,-6.46000000834465,3.0,0.1606425702811245,247.7197011311849,-46.37306213378906,-20.289770762125652
1770276676.3303373,200m_cross_5_e0009,200m_cross_5,4.481231422216351,81,18.0,9,4.0,5.787500141188502,4.0,0.1566265060240964,247.15496444702148,-46.92963409423828,-20.335238933563232
1770276607.3228793,200m_cross_5_e0010,200m_cross_5,0.6004023596928842,10,14.333333333333334,10,3.0,-1.2633333367606003,2.0,0.07228915662650602,320.5532735188802,56.34023920694987,-30.145592371622723
1770276608.3127186,200m_cross_5_e0010,200m_cross_5,0.0,11,17.833333333333332,10,6.0,-0.07666666681567828,1.0,0.18072289156626506,321.9445343017578,57.87664794921875,-30.417199452718098
1770276609.3237019,200m_cross_5_e0010,200m_cross_5,2.028838684522925,12,17.666666666666668,10,3.0,-0.5533333222071329,2.0,0.13654618473895583,323.34592692057294,59.49462636311849,-29.3209711710612
1770276610.3278403,200m_cross_5_e0010,200m_cross_5,2.0889280846085794,13,18.0,10,4.0,1.837499976158142,3.0,0.16265060240963855,323.8949737548828,59.77199935913086,-29.99696683883667
1770276611.327678,200m_cross_5_e0010,200m_cross_5,0.0,14,16.0,10,1.0,-9.819999694824219,1.0,0.1566265060240964,325.62744140625,61.998592376708984,-29.418684005737305
1770276612.3159194,200m_cross_5_e0010,200m_cross_5,1.224547339073587,15,18.0,10,4.0,0.9650000035762787,2.0,0.1686746987951807,325.64000701904297,61.856624603271484,-28.369276523590088
1770276647.3323886,200m_cross_5_e0011,200m_cross_5,1.863998274868224,51,22.333333333333332,11,3.0,-2.053333361943563,2.0,0.020080321285140562,18.4564946492513,0.28852007786432904,-1.0167870422204335
1770276648.3163302,200m_cross_5_e0011,200m_cross_5,0.0,52,14.0,11,1.0,-0.7099999785423279,1.0,0.012048192771084338,18.856788635253906,-1.2980953454971313,-0.5696483254432678
1770276650.3208318,200m_cross_5_e0011,200m_cross_5,0.0,54,21.5,11,4.0,-0.1875,1.0,0.024096385542168676,19.631697177886963,-3.7374229431152344,-0.7267051786184311
1770276651.3169498,200m_cross_5_e0011,200m_cross_5,1.9581265022044185,55,23.8,11,5.0,-1.3700000286102294,4.0,0.033734939759036145,16.40193862915039,-2.690976858139038,-0.013949441909790038
1770276652.3280418,200m_cross_5_e0011,200m_cross_5,4.5625550838650355,56,21.357142857142858,11,14.0,-1.5942856978092874,5.0,0.04044750430292599,13.04053967339652,-1.5628849587270193,0.12193227240017482
1770276654.3264163,200m_cross_5_e0011,200m_cross_5,1.0159705364944909,58,4.666666666666667,11,3.0,-0.2800000074009101,3.0,0.05622489959839357,10.902474085489908,-1.9224193096160889,0.9044756491978964
1770276646.3229737,200m_cross_5_e0012,200m_cross_5,3.070701761244611,50,16.0,12,4.0,16.022500216960907,3.0,0.10542168674698796,228.95015716552734,7.991122364997864,-19.93445348739624
1770276647.3323886,200m_cross_5_e0012,200m_cross_5,0.0,51,25.6,12,20.0,-0.04050000021234155,1.0,0.2048192771084337,224.6990592956543,5.9595962285995485,-21.124066257476805
1770276648.3163302,200m_cross_5_e0012,200m_cross_5,0.0,52,29.25,12,4.0,-0.1574999988079071,1.0,0.20481927710843373,224.70837783813477,5.959767937660217,-21.094341278076172
1770276649.31697,200m_cross_5_e0012,200m_cross_5,0.0,53,20.5,12,2.0,-5.9049999713897705,1.0,0.0963855421686747,226.83385467529297,6.563044786453247,-21.17946147918701
1770276650.3208318,200m_cross_5_e0012,200m_cross_5,0.0,54,21.0,12,1.0,16.520000457763672,1.0,0.1566265060240964,228.81961059570312,11.12717056274414,-20.32663345336914
1770276651.3169498,200m_cross_5_e0012,200m_cross_5,3.1433021726409924,55,13.333333333333334,12,3.0,9.8933331767718,3.0,0.15261044176706828,231.8730672200521,15.967523892720541,-20.467491149902344
1770276652.3280418,200m_cross_5_e0012,200m_cross_5,0.0,56,19.5,12,2.0,-14.480000019073486,1.0,0.13253012048192772,233.77974700927734,20.061667442321777,-19.82508945465088
1770276653.3132093,200m_cross_5_e0012,200m_cross_5,2.716392509511091,57,22.4,12,5.0,-0.22400000393390657,4.0,0.0891566265060241,236.9947052001953,24.719560623168945,-20.57519950866699
1770276985.329619,300m_cross_10_e0001,300m_cross_10,0.3166514304248417,48,17.25,1,4.0,3.39000004529953,2.0,0.015873015873015872,299.6611785888672,62.89217662811279,-10.574952840805054
1770276987.318133,300m_cross_10_e0001,300m_cross_10,0.0,50,21.166666666666668,1,12.0,4.177500089009603,1.0,0.031746031746031744,298.4547119140625,47.57257906595866,-10.238521734873453
1770276988.3201382,300m_cross_10_e0001,300m_cross_10,0.0,51,15.0,1,1.0,4.159999847412109,1.0,0.015873015873015872,297.9387512207031,37.94301986694336,-9.954855918884277
1770276989.3232145,300m_cross_10_e0001,300m_cross_10,0.5746696366237654,52,27.5,1,6.0,4.143333355585734,2.0,0.015873015873015872,296.9903920491536,28.703925450642902,-9.586229960123697
1770276990.318361,300m_cross_10_e0001,300m_cross_10,0.3855030716112453,53,22.0,1,5.0,3.8099999904632567,2.0,0.019047619047619046,295.7937866210938,18.062471389770508,-9.083724021911621
1770276991.3285217,300m_cross_10_e0001,300m_cross_10,0.0,54,22.444444444444443,1,9.0,2.8277778095669217,1.0,0.031746031746031744,294.6506856282552,8.383835474650065,-8.678336461385092
1770276992.3212125,300m_cross_10_e0001,300m_cross_10,0.0,55,22.0,1,1.0,1.7000000476837158,1.0,0.015873015873015872,293.7128601074219,0.41136184334754944,-8.284899711608887
1770276993.3086116,300m_cross_10_e0001,300m_cross_10,0.0,56,32.5,1,2.0,0.09000000357627869,1.0,0.015873015873015872,293.2702331542969,-3.403421640396118,-8.213710308074951
1770276994.3137398,300m_cross_10_e0001,300m_cross_10,0.16283618217059562,57,28.166666666666668,1,6.0,-0.14999999975164732,2.0,0.07142857142857142,293.1407470703125,-5.000522136688232,-8.268763224283854
1770276995.3154614,300m_cross_10_e0001,300m_cross_10,0.0,58,23.0,1,7.0,-0.14142857385533197,1.0,0.09523809523809523,293.21248953683033,-4.5721491404942105,-8.354626519339424
1770276996.3187926,300m_cross_10_e0001,300m_cross_10,0.0,59,22.0,1,3.0,-0.03666666770974795,1.0,0.09523809523809523,293.2167460123698,-4.723107020060222,-8.339373906453451
1770276997.3010473,300m_cross_10_e0001,300m_cross_10,0.0,60,25.8,1,5.0,0.04600000157952309,1.0,0.09523809523809523,293.20485229492186,-4.752219295501709,-8.270564079284668
1770276998.3114173,300m_cross_10_e0001,300m_cross_10,0.0,61,18.6,1,5.0,-0.13400000296533107,1.0,0.09523809523809523,293.18117065429686,-4.7635705947875975,-8.252298545837402
1770276999.3138387,300m_cross_10_e0001,300m_cross_10,0.0,62,20.333333333333332,1,6.0,0.0500000004346172,1.0,0.09523809523809523,293.212153116862,-4.7376439571380615,-8.197420597076416
1770276951.3102007,300m_cross_10_e0002,300m_cross_10,0.0,14,15.0,2,3.0,1.3833333651224773,1.0,0.015873015873015872,298.7061360677083,57.54465103149414,-10.508834838867188
1770276952.3173425,300m_cross_10_e0002,300m_cross_10,0.0,15,19.8,2,5.0,2.6480000019073486,1.0,0.015873015873015872,298.484765625,53.564091491699216,-10.307796096801757
1770276953.318288,300m_cross_10_e0002,300m_cross_10,0.1407272940848487,16,21.23076923076923,2,13.0,3.4115384908822866,2.0,0.021978021978021976,297.9677476149339,47.56185707679162,-10.3161039352417
1770276954.3138268,300m_cross_10_e0002,300m_cross_10,0.4239009838620218,17,20.0,2,20.0,3.5020000338554382,3.0,0.015873015873015872,297.38025360107423,39.95010681152344,-10.064210796356202
1770276955.3229878,300m_cross_10_e0002,300m_cross_10,0.0,18,20.0,2,3.0,3.103333314259847,1.0,0.031746031746031744,296.8355204264323,31.540049870808918,-9.779311498006185
1770276956.3211083,300m_cross_10_e0002,300m_cross_10,0.0,19,30.0,2,1.0,2.6700000762939453,1.0,0.015873015873015872,296.5183410644531,21.575904846191406,-9.373099327087402
1770276958.3174455,300m_cross_10_e0002,300m_cross_10,0.0,21,22.2,2,5.0,2.488000011444092,1.0,0.015873015873015872,294.6313415527344,1.3087673425674438,-8.741326904296875
1770276960.3124802,300m_cross_10_e0002,300m_cross_10,0.27658858699970457,23,26.25,2,4.0,0.3700000047683716,2.0,0.01984126984126984,292.42005920410156,-20.157631397247314,-7.882633805274963
1770276961.3054347,300m_cross_10_e0002,300m_cross_10,0.0,24,29.0,2,2.0,-0.1549999974668026,1.0,0.015873015873015872,291.4162139892578,-30.485782623291016,-7.403564929962158
1770276962.3155584,300m_cross_10_e0002,300m_cross_10,0.14820368798558994,25,23.333333333333332,2,3.0,-0.48000000913937885,2.0,0.015873015873015872,290.2867024739583,-40.8108278910319,-6.929487864176433
1770276937.3051655,300m_cross_10_e0003,300m_cross_10,0.1334726786540532,0,36.2,3,5.0,-0.35000000298023226,2.0,0.015873015873015872,293.391455078125,-7.709051132202148,-7.935240840911865
1770276938.3119748,300m_cross_10_e0003,300m_cross_10,0.0,1,20.333333333333332,3,3.0,-0.6099999944368998,1.0,0.047619047619047616,293.6689046223958,-5.376789251963298,-8.10732332865397
1770276939.3120868,300m_cross_10_e0003,300m_cross_10,0.0,2,26.0,3,1.0,-0.949999988079071,1.0,0.015873015873015872,293.93292236328125,-0.2940499782562256,-8.291107177734375
1770276940.3178558,300m_cross_10_e0003,300m_cross_10,0.7789350794468091,3,22.333333333333332,3,3.0,-2.15666663646698,2.0,0.031746031746031744,294.7044169108073,8.03125270207723,-8.617653210957846
1770276941.321488,300m_cross_10_e0003,300m_cross_10,3.401213474820121,4,17.4,3,5.0,-3.6340000152587892,3.0,0.02857142857142857,295.70887451171876,19.656485748291015,-9.16402759552002
1770276942.3038828,300m_cross_10_e0003,300m_cross_10,0.0,5,20.8,3,5.0,-4.474000072479248,1.0,0.031746031746031744,296.7806396484375,31.57579231262207,-9.660642051696778
1770276943.3101075,300m_cross_10_e0003,300m_cross_10,0.9824622793707207,6,23.363636363636363,3,11.0,-5.021818247708407,3.0,0.015873015873015872,297.81862571022725,43.08458120172674,-9.945439858870072
1770276944.3239286,300m_cross_10_e0003,300m_cross_10,0.6842979515231127,7,23.142857142857142,3,14.0,-3.8435714074543545,2.0,0.015873015873015872,298.61385236467635,52.410155977521626,-10.180278505597796
1770276946.3253787,300m_cross_10_e0003,300m_cross_10,0.0,9,29.727272727272727,3,11.0,0.3172727281397039,1.0,0.07936507936507936,299.2754405628551,58.58663662997159,-10.541579593311656
1770276947.326003,300m_cross_10_e0003,300m_cross_10,0.0,10,25.0,3,8.0,0.17250000406056643,1.0,0.07936507936507936,299.14221954345703,58.03260517120361,-10.567854046821594
1770276972.3174524,300m_cross_10_e0004,300m_cross_10,0.0,35,35.0,4,3.0,-0.79666668176651,1.0,0.031746031746031744,292.4772135416667,-19.926090240478516,-7.713439305623372
1770276973.3140492,300m_cross_10_e0004,300m_cross_10,0.3169675916046144,36,24.6,4,5.0,-1.4379999876022338,2.0,0.03492063492063492,293.617041015625,-5.93420181274414,-8.217550277709961
1770276974.3164766,300m_cross_10_e0004,300m_cross_10,0.0,37,24.5,4,4.0,-2.7674999833106995,1.0,0.031746031746031744,294.7020950317383,7.667250990867615,-8.607746601104736
1770276975.3128214,300m_cross_10_e0004,300m_cross_10,1.4520448634130525,38,22.9,4,10.0,-4.203999996185303,4.0,0.025396825396825397,295.93055419921876,22.154711151123045,-9.076072883605956
1770276976.3149915,300m_cross_10_e0004,300m_cross_10,1.0451056487957415,39,28.0,4,8.0,-5.54874986410141,2.0,0.015873015873015872,297.1369400024414,35.93014478683472,-9.53766644001007
1770276977.3107436,300m_cross_10_e0004,300m_cross_10,0.0,40,26.0,4,2.0,-5.974999904632568,1.0,0.015873015873015872,298.4134826660156,48.98137855529785,-9.940846920013428
1770276978.3183613,300m_cross_10_e0004,300m_cross_10,0.0,41,33.5,4,6.0,-4.179999987284343,1.0,0.015873015873015872,299.1484018961589,59.58595275878906,-10.234866460164389
1770276979.3216944,300m_cross_10_e0004,300m_cross_10,0.0,42,27.571428571428573,4,7.0,-3.0899999822889055,1.0,0.015873015873015872,299.77615792410717,65.25162179129464,-10.389250346592494
1770276983.3316045,300m_cross_10_e0005,300m_cross_10,0.8766605784928674,46,11.5,5,4.0,-0.057500000577419996,2.0,0.047619047619047616,11.067358255386353,-2.707284688949585,-0.558442585170269
1770276985.329619,300m_cross_10_e0005,300m_cross_10,0.0,48,0.0,5,1.0,-0.029999999329447746,1.0,0.015873015873015872,10.875561714172363,-2.029447555541992,1.0176444053649902
1770276986.3359692,300m_cross_10_e0005,300m_cross_10,0.0,49,32.0,5,3.0,-1.2200000286102295,1.0,0.015873015873015872,12.905673027038574,-2.39703106880188,0.9398770133654276
1770276987.318133,300m_cross_10_e0005,300m_cross_10,1.023264430802773,50,19.333333333333332,5,3.0,-1.5,3.0,0.042328042328042326,13.96938387552897,-2.728415091832479,0.5328362286090851
1770276988.3201382,300m_cross_10_e0005,300m_cross_10,0.13000821250603947,51,33.666666666666664,5,3.0,-1.2499999801317851,2.0,0.047619047619047616,14.069605191548666,-3.6023993492126465,0.30489713946978253
1770276989.3232145,300m_cross_10_e0005,300m_cross_10,1.4645598286775077,52,20.333333333333332,5,3.0,-1.7299999793370564,2.0,0.015873015873015872,14.964979807535807,-4.3393527666727705,0.20620685396716
1770276990.318361,300m_cross_10_e0006,300m_cross_10,2.298813532507658,53,1.3333333333333333,6,3.0,-0.043333333606521286,3.0,0.15343915343915343,11.001090049743652,1.2336420218149822,-0.05805501341819763
1770276991.3285217,300m_cross_10_e0006,300m_cross_10,1.4289417834758722,54,4.0,6,2.0,-0.13499999977648258,2.0,0.12698412698412698,10.940288543701172,0.19700437784194946,0.5889087319374084
1770276992.3212125,300m_cross_10_e0006,300m_cross_10,2.897588120319612,55,8.0,6,4.0,-0.37749999994412065,3.0,0.11904761904761904,10.998148679733276,-0.4657580628991127,0.10126113332808018
1770276993.3086116,300m_cross_10_e0006,300m_cross_10,1.4335132923084501,56,20.0,6,2.0,-1.1500000059604645,2.0,0.0873015873015873,12.418227672576904,-1.5199077129364014,0.070774607360363
1770276994.3137398,300m_cross_10_e0006,300m_cross_10,2.019639391867243,57,12.0,6,4.0,-1.0775000005960464,3.0,0.023809523809523808,13.82974648475647,-1.6689471006393433,0.436517134308815
1770276995.3154614,300m_cross_10_e0006,300m_cross_10,3.253035949222481,58,12.333333333333334,6,3.0,-1.7766666412353516,3.0,0.047619047619047616,14.804818471272787,-0.5397369464238485,-0.27036789059638977
1770276996.3187926,300m_cross_10_e0006,300m_cross_10,0.0,59,21.0,6,3.0,-1.3300000429153442,1.0,0.015873015873015872,16.56415303548177,3.2561452388763428,0.5462629000345866
1770276950.3148463,300m_cross_10_e0007,300m_cross_10,0.0,13,31.0,7,5.0,14.35200023651123,1.0,0.015873015873015872,274.52623291015624,51.285535430908205,-8.46908130645752
1770276951.3102007,300m_cross_10_e0007,300m_cross_10,1.051384566253191,14,27.0,7,4.0,6.627500057220459,4.0,0.015873015873015872,272.0041732788086,35.933831214904785,-7.311869025230408
1770276952.3173425,300m_cross_10_e0007,300m_cross_10,0.961951887934298,15,18.333333333333332,7,3.0,3.886666774749756,3.0,0.015873015873015872,271.30320231119794,21.029488881429035,-6.97403605779012
1770276953.318288,300m_cross_10_e0007,300m_cross_10,1.3663232377246715,16,20.75,7,8.0,4.798749938607216,5.0,0.015873015873015872,270.32092666625977,5.259905755519867,-6.688406586647034
1770276955.3229878,300m_cross_10_e0007,300m_cross_10,0.35975028424479566,18,20.666666666666668,7,3.0,-2.3400000731150308,2.0,0.015873015873015872,267.9754943847656,-25.7492733001709,-6.432643890380859
1770276956.3211083,300m_cross_10_e0007,300m_cross_10,0.7977443247726959,19,25.5,7,4.0,-13.672499895095825,2.0,0.015873015873015872,269.16648864746094,-42.00718307495117,-7.834978342056274
1770276938.3119748,300m_cross_10_e0008,300m_cross_10,0.12918718322669245,1,32.42857142857143,8,7.0,-1.7142856972558158,2.0,0.03854875283446712,18.013139997209823,-2.499644926616124,-0.6438588925770351
1770276940.3178558,300m_cross_10_e0008,300m_cross_10,2.180458423228604,3,21.333333333333332,8,6.0,-1.6516666809717815,2.0,0.164021164021164,12.167158126831055,0.317848265171051,-0.660015657544136
1770276941.321488,300m_cross_10_e0008,300m_cross_10,3.7540828292272703,4,17.68,8,25.0,-1.8919999918341637,7.0,0.07746031746031747,12.29986743927002,0.23696210026741027,0.39704453825950625
1770276942.3038828,300m_cross_10_e0008,300m_cross_10,0.9950361308224409,5,4.5,8,2.0,-0.6900000218302011,2.0,0.14285714285714285,11.11023759841919,0.7640033662319183,-0.623895525932312
1770276943.3101075,300m_cross_10_e0008,300m_cross_10,0.0,6,37.142857142857146,8,7.0,-2.4728571346827914,1.0,0.047619047619047616,12.662779535566058,2.660043103354318,0.24211558273860387
1770276944.3239286,300m_cross_10_e0008,300m_cross_10,0.0,7,14.0,8,2.0,-3.884999990463257,1.0,0.06349206349206349,14.205526351928711,2.473711609840393,-0.14205704629421234
1770276945.3243392,300m_cross_10_e0008,300m_cross_10,1.3588491234101563,8,29.0,8,3.0,-2.400000015894572,2.0,0.037037037037037035,15.708061536153158,2.5072406927744546,-0.6760140955448151
1770276946.3253787,300m_cross_10_e0008,300m_cross_10,0.0,9,22.0,8,1.0,-3.5999999046325684,1.0,0.09523809523809523,17.325021743774414,1.852787971496582,-0.4644217789173126
1770276947.326003,300m_cross_10_e0008,300m_cross_10,0.0,10,22.0,8,1.0,-3.390000104904175,1.0,0.06349206349206349,18.848987579345703,1.4912396669387817,-0.6769694685935974
1770276948.3239117,300m_cross_10_e0008,300m_cross_10,0.0,11,21.333333333333332,8,3.0,-2.299999952316284,1.0,0.031746031746031744,21.75169563293457,-0.3090762992699941,-0.7456502119700114
1770276958.3174455,300m_cross_10_e0009,300m_cross_10,0.0,21,13.833333333333334,9,6.0,44.8500010172526,1.0,0.15873015873015872,307.4368845621745,-1.456390639146169,-28.927593231201172
1770276959.3181255,300m_cross_10_e0009,300m_cross_10,0.0,22,20.0,9,1.0,34.45000076293945,1.0,0.1746031746031746,311.9335021972656,-2.0677649974823,-29.156667709350586
1770276961.3054347,300m_cross_10_e0009,300m_cross_10,3.478772658913478,24,17.0,9,5.0,-0.9219999931752682,3.0,0.17142857142857143,322.003662109375,-5.131426906585693,-27.32420539855957
1770276962.3155584,300m_cross_10_e0009,300m_cross_10,0.0,25,13.0,9,1.0,0.2800000011920929,1.0,0.1746031746031746,323.1295166015625,-4.89644193649292,-26.848970413208008
1770276963.3067234,300m_cross_10_e0009,300m_cross_10,0.0,26,17.0,9,1.0,-0.2199999988079071,1.0,0.031746031746031744,324.7611389160156,-3.3917951583862305,-29.766101837158203
1770276964.3137624,300m_cross_10_e0009,300m_cross_10,0.0,27,20.727272727272727,9,11.0,-0.10363636436787518,1.0,0.1111111111111111,324.17171963778407,-1.6280749169262974,-30.59491539001465
1770276965.3096554,300m_cross_10_e0009,300m_cross_10,1.7693691750568972,28,14.5,9,4.0,-0.0875000013038516,3.0,0.05555555555555555,322.7857894897461,-1.361394003033638,-30.29306936264038
1770276966.3219557,300m_cross_10_e0009,300m_cross_10,0.0,29,21.333333333333332,9,3.0,1.7699999809265137,1.0,0.1111111111111111,321.9245300292969,-4.79638147354126,-30.090539296468098
1770276967.30636,300m_cross_10_e0009,300m_cross_10,2.126085790322593,30,20.333333333333332,9,3.0,-0.15000000596046448,3.0,0.15873015873015872,323.7202657063802,-6.654181003570557,-29.99717076619466
1770276975.3128214,300m_cross_10_e0010,300m_cross_10,1.8141084568997548,38,14.0,10,3.0,-1.1733333071072896,2.0,0.047619047619047616,14.008615811665853,-2.8406769434611,0.4597432216008504
1770276976.3149915,300m_cross_10_e0010,300m_cross_10,0.0,39,45.5,10,2.0,0.48000000417232513,1.0,0.031746031746031744,12.186089038848877,-4.3305442333221436,-0.8409545719623566
1770276978.3183613,300m_cross_10_e0010,300m_cross_10,0.0,41,31.5,10,4.0,-1.0975000113248825,1.0,0.015873015873015872,15.233199119567871,-3.3695420026779175,-1.3240400552749634
1770276979.3216944,300m_cross_10_e0010,300m_cross_10,0.0,42,5.0,10,1.0,-1.090000033378601,1.0,0.031746031746031744,13.49262523651123,-2.594921112060547,-0.05532006546854973
1770276980.3139052,300m_cross_10_e0010,300m_cross_10,3.4350173441638323,43,18.0,10,6.0,-0.24333332851529121,4.0,0.047619047619047616,11.30913241704305,-0.5150655880570412,-0.3505029616256555
1770276981.2997863,300m_cross_10_e0010,300m_cross_10,0.0,44,7.0,10,1.0,0.03999999910593033,1.0,0.031746031746031744,12.030302047729492,2.357271671295166,-0.8713096380233765
1770276982.3276834,300m_cross_10_e0010,300m_cross_10,0.0,45,15.666666666666666,10,3.0,1.396666705608368,1.0,0.031746031746031744,15.133195241292318,1.9291236797968547,-1.2483161290486653
1770276983.3316045,300m_cross_10_e0010,300m_cross_10,0.0,46,20.5,10,4.0,0.3500000014901161,1.0,0.06349206349206349,18.457435131072998,1.7385511696338654,-0.35164014250040054
1770277254.3367438,300m_cross_5_e0001,300m_cross_5,0.9664788332231149,40,22.166666666666668,1,12.0,-5.924999952316284,2.0,0.015625,300.8491846720378,43.520023028055824,-9.911561648050943
1770277255.3205135,300m_cross_5_e0001,300m_cross_5,0.0,41,20.75,1,4.0,-4.1075000166893005,1.0,0.03125,301.69639587402344,53.65282154083252,-10.133277177810669
1770277258.3168314,300m_cross_5_e0001,300m_cross_5,0.0,44,20.833333333333332,1,6.0,0.22833333164453506,1.0,0.03125,302.7566223144531,64.85598500569661,-10.74227492014567
1770277260.317969,300m_cross_5_e0001,300m_cross_5,0.0,46,20.0,1,1.0,-0.15000000596046448,1.0,0.03125,302.8628845214844,64.62577056884766,-10.816801071166992
1770277261.3075166,300m_cross_5_e0001,300m_cross_5,0.0,47,28.0,1,4.0,1.4849999845027924,1.0,0.015625,302.71287536621094,63.738821029663086,-10.758403778076172
1770277262.3102846,300m_cross_5_e0001,300m_cross_5,0.0,48,26.076923076923077,1,13.0,3.1299999677217922,1.0,0.046875,302.2806185208834,59.67847618689904,-10.77738248384916
1770277263.313496,300m_cross_5_e0001,300m_cross_5,0.0,49,25.09090909090909,1,11.0,3.8754545775326816,1.0,0.03125,301.77166470614344,53.19585037231445,-10.53336559642445
1770277264.321194,300m_cross_5_e0001,300m_cross_5,0.060348081347970026,50,21.333333333333332,1,3.0,4.206666707992554,2.0,0.015625,301.03223673502606,44.99988683064779,-10.359596570332846
1770277265.3185139,300m_cross_5_e0001,300m_cross_5,0.0,51,20.0,1,1.0,4.389999866485596,1.0,0.015625,300.1721496582031,35.24006652832031,-10.029479026794434
1770277267.3129492,300m_cross_5_e0001,300m_cross_5,0.5792115104926245,53,22.2,1,5.0,2.961999940872192,2.0,0.021875,298.02935180664065,15.483358001708984,-9.355247116088867
1770277268.3242104,300m_cross_5_e0001,300m_cross_5,0.0,54,19.0,1,1.0,1.2699999809265137,1.0,0.015625,297.2790222167969,7.883357048034668,-9.0103120803833
1770277269.3183486,300m_cross_5_e0001,300m_cross_5,0.1074681704250765,55,18.666666666666668,1,3.0,0.06666666517655055,2.0,0.026041666666666668,296.9991963704427,3.2685840129852295,-8.882927894592285
1770277271.324819,300m_cross_5_e0001,300m_cross_5,0.521762928242711,57,22.0,1,2.0,-0.14499999582767487,2.0,0.046875,297.02418518066406,1.8126161694526672,-8.794466495513916
1770277272.3228257,300m_cross_5_e0001,300m_cross_5,0.1250513165461939,58,30.2,1,5.0,0.15799999833106995,2.0,0.0875,296.94048461914065,1.7111497163772582,-8.738511085510254
1770277274.309808,300m_cross_5_e0001,300m_cross_5,0.0,60,24.6,1,5.0,-0.05000000447034836,1.0,0.09375,296.91184692382814,1.4198525190353393,-8.74360637664795
1770277275.2955954,300m_cross_5_e0001,300m_cross_5,0.0,61,19.25,1,4.0,0.1099999938160181,1.0,0.09375,296.9292526245117,1.4704308807849884,-8.687649965286255
1770277276.320807,300m_cross_5_e0001,300m_cross_5,0.13203129771721966,62,29.75,1,4.0,-0.0274999993853271,2.0,0.078125,296.9532165527344,1.6859468817710876,-8.599210977554321
1770277277.3215692,300m_cross_5_e0001,300m_cross_5,0.0,63,29.333333333333332,1,6.0,-0.16500000034769377,1.0,0.09375,296.92772420247394,1.6634943286577861,-8.474637190500895
1770277230.3153615,300m_cross_5_e0002,300m_cross_5,0.0,16,21.0,2,6.0,2.374999980131785,1.0,0.046875,302.23253377278644,59.66805330912272,-10.642983277638754
1770277231.3234606,300m_cross_5_e0002,300m_cross_5,0.0,17,31.333333333333332,2,9.0,3.719999975628323,1.0,0.015625,301.6118435329861,54.26574156019423,-10.399667739868164
1770277232.3175468,300m_cross_5_e0002,300m_cross_5,0.527049438211699,18,18.7,2,10.0,4.319999957084656,2.0,0.015625,300.792822265625,46.81802101135254,-10.33330078125
1770277233.32184,300m_cross_5_e0002,300m_cross_5,0.394104852249706,19,27.105263157894736,2,19.0,4.271052561308208,6.0,0.015625,300.00688251696135,37.92404395655582,-10.055569548355905
1770277234.310995,300m_cross_5_e0002,300m_cross_5,0.0,20,29.0,2,8.0,3.782499998807907,1.0,0.03125,299.19621658325195,28.36597514152527,-9.716079115867615
1770277235.3161416,300m_cross_5_e0002,300m_cross_5,0.0,21,16.0,2,2.0,3.365000009536743,1.0,0.03125,298.21058654785156,17.593560218811035,-9.337040901184082
1770277236.321461,300m_cross_5_e0002,300m_cross_5,0.8449814583283367,22,21.166666666666668,2,6.0,3.128333330154419,2.0,0.018229166666666668,297.1489664713542,6.6205934683481855,-8.862626393636068
1770277216.3095717,300m_cross_5_e0003,300m_cross_5,0.0,2,33.666666666666664,3,3.0,-0.5900000035762787,1.0,0.0625,297.16064453125,1.0107840696970622,-8.70930004119873
1770277217.317387,300m_cross_5_e0003,300m_cross_5,0.4442337900747712,3,24.25,3,8.0,-1.1049999818205833,2.0,0.025390625,297.47766876220703,4.029069274663925,-8.666491389274597
1770277219.3188586,300m_cross_5_e0003,300m_cross_5,0.0,5,21.625,3,8.0,-2.7974999845027924,1.0,0.03125,298.66394424438477,17.440038681030273,-9.14571213722229
1770277220.3136952,300m_cross_5_e0003,300m_cross_5,1.4048536576486317,6,24.5,3,10.0,-4.013000011444092,2.0,0.03125,299.6708923339844,28.78112201690674,-9.556747341156006
1770277221.3161252,300m_cross_5_e0003,300m_cross_5,0.9706866804564461,7,18.916666666666668,3,12.0,-4.895000020662944,4.0,0.015625,300.7468795776367,40.99714787801107,-9.99850082397461
1770277222.3138273,300m_cross_5_e0003,300m_cross_5,0.0,8,15.5,3,2.0,-4.674999952316284,1.0,0.015625,301.66566467285156,52.37241172790527,-10.260587215423584
1770277223.320064,300m_cross_5_e0003,300m_cross_5,0.0,9,25.333333333333332,3,3.0,-3.0700000127156577,1.0,0.046875,302.3578796386719,59.220757802327476,-10.546493212381998
1770277224.3184369,300m_cross_5_e0003,300m_cross_5,0.0,10,29.8,3,5.0,-0.8039999961853027,1.0,0.078125,302.8348449707031,62.45526885986328,-10.724830818176269
1770277218.3087466,300m_cross_5_e0004,300m_cross_5,0.0,4,24.333333333333332,4,3.0,-0.006666666517655055,1.0,0.09375,277.12062581380206,18.957997639973957,-21.51066017150879
1770277219.3188586,300m_cross_5_e0004,300m_cross_5,0.0,5,15.0,4,1.0,-0.5299999713897705,1.0,0.203125,280.17474365234375,19.881378173828125,-23.251628875732422
1770277220.3136952,300m_cross_5_e0004,300m_cross_5,0.0,6,20.0,4,1.0,-1.7100000381469727,1.0,0.109375,279.9453125,20.830476760864258,-24.07842445373535
1770277221.3161252,300m_cross_5_e0004,300m_cross_5,0.32030297688351284,7,17.666666666666668,4,3.0,0.24666666487852731,2.0,0.140625,280.00360107421875,20.806315104166668,-24.045822143554688
1770277222.3138273,300m_cross_5_e0004,300m_cross_5,2.283970666990918,8,18.333333333333332,4,3.0,0.3800000150998433,3.0,0.09375,280.85669962565106,20.771634419759113,-23.693930943806965
1770277223.320064,300m_cross_5_e0004,300m_cross_5,0.0,9,18.0,4,1.0,0.18000000715255737,1.0,0.203125,280.1395263671875,19.7373046875,-23.192296981811523
1770277224.3184369,300m_cross_5_e0004,300m_cross_5,2.7690971708274645,10,13.75,4,4.0,-1.1099999817088246,3.0,0.0859375,281.0878448486328,19.961267471313477,-23.43400526046753
1770277225.3284435,300m_cross_5_e0004,300m_cross_5,0.0,11,20.0,4,1.0,20.829999923706055,1.0,0.078125,284.0903015136719,19.697660446166992,-23.004579544067383
1770277226.31218,300m_cross_5_e0004,300m_cross_5,2.6242282914337522,12,13.333333333333334,4,3.0,-0.1666666716337204,3.0,0.11979166666666667,292.27886962890625,19.036277770996094,-23.579575220743816
1770277263.313496,300m_cross_5_e0005,300m_cross_5,3.6625660941198066,49,26.77777777777778,5,27.0,-14.95111115773519,6.0,0.02488425925925926,242.9437448007089,-77.37462079083478,-22.3619709721318
1770277264.321194,300m_cross_5_e0005,300m_cross_5,0.0,50,17.0,5,1.0,-13.270000457763672,1.0,0.015625,244.68902587890625,-79.32841491699219,-22.279027938842773
1770277265.3185139,300m_cross_5_e0005,300m_cross_5,0.0,51,15.0,5,1.0,-0.15000000596046448,1.0,0.125,246.73020935058594,-83.03388977050781,-19.408203125
1770277266.3116357,300m_cross_5_e0005,300m_cross_5,2.0819033885788314,52,17.25,5,4.0,0.5749999987892807,3.0,0.125,250.66049194335938,-83.30913543701172,-17.17111587524414
1770277267.3129492,300m_cross_5_e0005,300m_cross_5,2.015188106643847,53,17.666666666666668,5,3.0,-0.05333329178392887,3.0,0.109375,251.697021484375,-84.60157521565755,-17.117645899454754
1770277269.3183486,300m_cross_5_e0005,300m_cross_5,2.2077757335674533,55,17.666666666666668,5,3.0,0.9799999749908844,3.0,0.16666666666666666,250.99068196614584,-82.77462768554688,-17.194245020548504
1770277270.3189006,300m_cross_5_e0005,300m_cross_5,0.0,56,27.0,5,1.0,-3.2200000286102295,1.0,0.203125,251.7369384765625,-82.60648345947266,-17.018098831176758
1770277271.324819,300m_cross_5_e0005,300m_cross_5,3.102892899470897,57,18.0,5,5.0,0.29399999007582667,4.0,0.096875,252.49735107421876,-83.73937683105468,-16.957647705078124
1770277266.3116357,300m_cross_5_e0006,300m_cross_5,1.258928904398817,52,16.0,6,3.0,-3.923333485921224,2.0,0.13020833333333334,218.47720845540366,33.07323710123698,-19.282370885213215
1770277267.3129492,300m_cross_5_e0006,300m_cross_5,2.0048632696171302,53,21.5,6,2.0,-0.015000000596046448,2.0,0.1484375,225.61316680908203,31.843087196350098,-20.48371410369873
1770277269.3183486,300m_cross_5_e0006,300m_cross_5,1.4035940516543572,55,22.25,6,4.0,-0.08500000089406967,2.0,0.1875,237.3760986328125,24.564783573150635,-21.541825771331787
1770277270.3189006,300m_cross_5_e0006,300m_cross_5,4.067692727424611,56,17.25,6,4.0,-2.9374994039535522,4.0,0.0859375,241.52885818481445,17.837950706481934,-20.944180488586426
1770277271.324819,300m_cross_5_e0006,300m_cross_5,3.5930088051916935,57,19.0,6,4.0,0.07749999035149813,4.0,0.08203125,244.92804718017578,11.853444814682007,-22.0414981842041
1770277272.3228257,300m_cross_5_e0006,300m_cross_5,2.0383813762098715,58,20.333333333333332,6,3.0,-0.09333333497246106,2.0,0.11458333333333333,249.01093037923178,3.25823442141215,-21.801706314086914
1770277226.31218,300m_cross_5_e0007,300m_cross_5,3.4034777425696485,12,20.25,7,4.0,-9.060000057332218,4.0,0.1328125,258.6747512817383,27.416767597198486,-23.237475395202637
1770277227.319399,300m_cross_5_e0007,300m_cross_5,1.345214002287114,13,19.5,7,2.0,-15.15500020980835,2.0,0.1484375,260.9665069580078,27.774066925048828,-23.604043006896973
1770277228.308171,300m_cross_5_e0007,300m_cross_5,0.0,14,23.0,7,1.0,0.3499999940395355,1.0,0.15625,265.3439025878906,26.998811721801758,-23.758394241333008
1770277229.3115242,300m_cross_5_e0007,300m_cross_5,2.7030341526781223,15,18.666666666666668,7,3.0,0.7899999618530273,3.0,0.140625,268.62061564127606,28.341589609781902,-24.061546325683594
1770277230.3153615,300m_cross_5_e0007,300m_cross_5,2.158539341268279,16,23.0,7,3.0,-7.206666946411133,2.0,0.13020833333333334,269.29322306315106,34.33987553914388,-24.93516667683919
1770277231.3234606,300m_cross_5_e0007,300m_cross_5,3.9671714896906125,17,15.333333333333334,7,6.0,10.923332989526292,4.0,0.16927083333333334,266.3362630208333,37.72380447387695,-24.411380132039387
1770277232.3175468,300m_cross_5_e0007,300m_cross_5,1.9529554572859118,18,25.0,7,4.0,-0.16999999806284904,2.0,0.19140625,266.0362777709961,41.36366844177246,-24.095571517944336
1770277233.32184,300m_cross_5_e0007,300m_cross_5,0.0,19,17.0,7,1.0,-0.029999999329447746,1.0,0.046875,264.7480163574219,40.921417236328125,-24.71950340270996
1770277234.310995,300m_cross_5_e0007,300m_cross_5,1.5314233971476525,20,18.5,7,2.0,10.930000267922878,2.0,0.125,267.19688415527344,39.43172264099121,-24.718992233276367
1770277235.3161416,300m_cross_5_e0007,300m_cross_5,2.0857817901272506,21,15.666666666666666,7,3.0,-22.036666870117188,3.0,0.14583333333333334,271.20042928059894,36.25520706176758,-25.1762638092041
1770277265.3185139,300m_cross_5_e0008,300m_cross_5,0.0,51,21.0,8,3.0,-0.013333340485890707,1.0,0.03125,15.729880015055338,-4.781250794728597,-1.2331653436024983
1770277266.3116357,300m_cross_5_e0008,300m_cross_5,0.0,52,31.25,8,4.0,-1.9975000023841858,1.0,0.03125,13.742904424667358,-2.6466428637504578,-0.24052614346146584
1770277267.3129492,300m_cross_5_e0008,300m_cross_5,0.0,53,18.0,8,3.0,-1.3566666841506958,1.0,0.015625,11.234800338745117,-2.0975865523020425,1.0455926259358723
1770277268.3242104,300m_cross_5_e0008,300m_cross_5,2.040063607668926,54,13.5,8,2.0,0.009999999776482582,2.0,0.0859375,10.853456974029541,-2.169004499912262,-0.025954008102416992
1770277269.3183486,300m_cross_5_e0008,300m_cross_5,4.289326280456532,55,24.88888888888889,8,18.0,-0.6427777759316895,6.0,0.08506944444444445,12.961936526828342,0.04308414293660058,-0.2186465842856301
1770277270.3189006,300m_cross_5_e0008,300m_cross_5,0.0,56,18.0,8,1.0,-1.899999976158142,1.0,0.015625,18.080812454223633,3.707428216934204,0.6928340196609497
1770277272.3228257,300m_cross_5_e0008,300m_cross_5,0.0,58,33.75,8,4.0,0.697500005364418,1.0,0.015625,25.453543663024902,-1.2337181866168976,0.9192708283662796
1770277224.3184369,300m_cross_5_e0009,300m_cross_5,2.230956536317988,10,19.666666666666668,9,3.0,-5.6266663869222,2.0,0.125,216.59230041503906,10.477078119913736,-20.149344126383465
1770277225.3284435,300m_cross_5_e0009,300m_cross_5,0.855600823957458,11,18.666666666666668,9,3.0,-20.760000228881836,2.0,0.18229166666666666,215.7915293375651,10.41855494181315,-20.141337076822918
1770277226.31218,300m_cross_5_e0009,300m_cross_5,0.0,12,16.0,9,5.0,-0.04600000008940697,1.0,0.109375,213.29806823730468,14.290182113647461,-20.173841857910155
1770277227.319399,300m_cross_5_e0009,300m_cross_5,0.0,13,18.0,9,1.0,-0.05000000074505806,1.0,0.109375,213.40280151367188,14.275668144226074,-20.183746337890625
1770277228.308171,300m_cross_5_e0009,300m_cross_5,2.896486374308079,14,26.833333333333332,9,6.0,-3.63833329329888,3.0,0.15625,215.73938496907553,15.74520746866862,-19.860835711161297
1770277229.3115242,300m_cross_5_e0009,300m_cross_5,1.9920172088469474,15,21.5,9,4.0,9.802499912679195,2.0,0.09375,215.84644317626953,19.584287643432617,-20.235023021697998
