candidate_id,composite,condition_id,direction_median_deg,doppler_vs_gnss_rmse_mps,doppler_vs_lidar_rmse_mps,lidar_rank,model,path_fraction_of_gnss,position_rmse_m,range_rmse_m,split,time_offset_s
300m_roundtrip_10_e0003,35.12992253830424,300m_roundtrip_10,80.76675381959265,8.35402739296424,4.08854754387999,3,full_6dof_frozen,0.343754139295467,102.3463510801951,99.01495047463668,calibration,58.271599769592285
300m_roundtrip_10_e0003,34.97431616191573,300m_roundtrip_10,80.76675381959397,8.321079960518745,4.08854754387999,3,full_6dof_frozen,0.343754139295467,101.87122065527568,98.52939619256279,calibration,58.521599769592285
300m_roundtrip_10_e0003,34.77123772362014,300m_roundtrip_10,79.21351080441642,8.283790148965126,4.08854754387999,3,full_6dof_frozen,0.343754139295467,101.38949672950426,98.03890750920432,calibration,58.771599769592285
300m_roundtrip_10_e0003,34.414379201952954,300m_roundtrip_10,72.25817661755264,8.248161843508486,4.08854754387999,3,full_6dof_frozen,0.343754139295467,100.90823436398425,97.54824576227482,calibration,59.021599769592285
300m_roundtrip_10_e0003,34.050810711848186,300m_roundtrip_10,65.01340085451787,8.214017244214066,4.08854754387999,3,full_6dof_frozen,0.343754139295467,100.43097789322461,97.06090717876927,calibration,59.271599769592285
300m_roundtrip_10_e0003,33.70177569362209,300m_roundtrip_10,58.334253737826415,8.182881664511108,4.08854754387999,3,full_6dof_frozen,0.343754139295467,99.94480242400583,96.56487632889952,calibration,59.521599769592285
300m_roundtrip_10_e0003,33.47328933256315,300m_roundtrip_10,55.918342977838606,8.152172517598512,4.08854754387999,3,full_6dof_frozen,0.343754139295467,99.45276082797814,96.06477734170933,calibration,59.771599769592285
300m_roundtrip_10_e0003,33.119595666641615,300m_roundtrip_10,49.09441892242337,8.123524086126473,4.08854754387999,3,full_6dof_frozen,0.343754139295467,98.9611624922197,95.56470185939841,calibration,60.021599769592285
300m_roundtrip_10_e0003,32.7598516478429,300m_roundtrip_10,42.00525526396359,8.096390729193075,4.08854754387999,3,full_6dof_frozen,0.343754139295467,98.47343234334856,95.0678067668903,calibration,60.271599769592285
300m_roundtrip_10_e0003,32.414555090496314,300m_roundtrip_10,35.45861011724729,8.073378239111529,4.08854754387999,3,full_6dof_frozen,0.343754139295467,97.97745923975901,94.56289970304752,calibration,60.521599769592285
300m_roundtrip_10_e0003,32.16091279369352,300m_roundtrip_10,32.12507343987967,8.053882401410783,4.08854754387999,3,full_6dof_frozen,0.343754139295467,97.47560006441503,94.05433039487833,calibration,60.771599769592285
300m_roundtrip_10_e0003,32.14726182291489,300m_roundtrip_10,37.17421369368928,8.036077832265484,4.08854754387999,3,full_6dof_frozen,0.343754139295467,96.97371471503455,93.54538674704007,calibration,61.021599769592285
300m_roundtrip_10_e0003,32.19713934506157,300m_roundtrip_10,44.393557613453986,8.019861401940648,4.08854754387999,3,full_6dof_frozen,0.343754139295467,96.47560603750604,93.0395212347318,calibration,61.271599769592285
300m_roundtrip_10_e0003,32.22913809214577,300m_roundtrip_10,51.059324489671816,8.005057435051398,4.08854754387999,3,full_6dof_frozen,0.343754139295467,95.96887980803578,92.52529895214836,calibration,61.521599769592285
300m_roundtrip_10_e0003,32.19049067427875,300m_roundtrip_10,55.24006101032338,7.995407112028516,4.08854754387999,3,full_6dof_frozen,0.343754139295467,95.45574508235215,92.00746502298108,calibration,61.771599769592285
300m_roundtrip_10_e0003,31.96258834225067,300m_roundtrip_10,52.78130765581912,7.986933887012737,4.08854754387999,3,full_6dof_frozen,0.343754139295467,94.94314785858832,91.4896244956305,calibration,62.021599769592285
300m_roundtrip_10_e0003,31.56593889384773,300m_roundtrip_10,44.36123578802747,7.980122522780042,4.08854754387999,3,full_6dof_frozen,0.343754139295467,94.43445627165026,90.97494273049047,calibration,62.271599769592285
300m_roundtrip_10_e0003,31.352240370148163,300m_roundtrip_10,42.477369876416304,7.970035851459528,4.08854754387999,3,full_6dof_frozen,0.343754139295467,93.91658803454935,90.45131905106936,calibration,62.521599769592285
300m_roundtrip_10_e0003,31.192191131459317,300m_roundtrip_10,42.477369876417,7.963320289373046,4.08854754387999,3,full_6dof_frozen,0.343754139295467,93.39230533076476,89.92440681299482,calibration,62.771599769592285
300m_roundtrip_10_e0003,31.03221776281744,300m_roundtrip_10,42.47736987641687,7.956969207764779,4.08854754387999,3,full_6dof_frozen,0.343754139295467,92.86822431222966,89.39716561506674,calibration,63.021599769592285
300m_roundtrip_10_e0003,30.87368373455052,300m_roundtrip_10,42.47736987641514,7.952138331992017,4.08854754387999,3,full_6dof_frozen,0.343754139295467,92.34772976645581,88.8727942062406,calibration,63.271599769592285
300m_roundtrip_10_e0003,30.75707168693978,300m_roundtrip_10,44.09751779825042,7.942768568612907,4.08854754387999,3,full_6dof_frozen,0.343754139295467,91.8175602207123,88.33898531023785,calibration,63.521599769592285
300m_roundtrip_10_e0003,30.630722998844757,300m_roundtrip_10,45.41222463849502,7.933893429896282,4.08854754387999,3,full_6dof_frozen,0.343754139295467,91.28074547990082,87.80262587513742,calibration,63.771599769592285
300m_roundtrip_10_e0003,30.465856910279783,300m_roundtrip_10,45.412224638495644,7.923087301380157,4.08854754387999,3,full_6dof_frozen,0.343754139295467,90.74299270965169,87.26518203163056,calibration,64.02159976959229
300m_roundtrip_10_e0003,30.30241512635066,300m_roundtrip_10,45.41222463849461,7.91375285551984,4.08854754387999,3,full_6dof_frozen,0.343754139295467,90.20887420088455,86.73058977613587,calibration,64.27159976959229
300m_roundtrip_10_e0003,30.08814051869704,300m_roundtrip_10,43.792095952373884,7.899340231631394,4.08854754387999,3,full_6dof_frozen,0.343754139295467,89.66511059642929,86.18656653506957,calibration,64.52159976959229
300m_roundtrip_10_e0003,29.781501137527837,300m_roundtrip_10,39.008620635605894,7.88266832538016,4.08854754387999,3,full_6dof_frozen,0.343754139295467,89.11502140886152,85.63955435010732,calibration,64.77159976959229
300m_roundtrip_10_e0003,29.61052775697646,300m_roundtrip_10,39.00862063560608,7.863807912087799,4.08854754387999,3,full_6dof_frozen,0.343754139295467,88.56448917695472,85.09138758545774,calibration,65.02159976959229
300m_roundtrip_10_e0003,29.440971814022546,300m_roundtrip_10,39.008620635606064,7.846489614838917,4.08854754387999,3,full_6dof_frozen,0.343754139295467,88.01750470193245,84.54596393694744,calibration,65.27159976959229
300m_roundtrip_10_e0003,29.335940012333133,300m_roundtrip_10,41.43173981434735,7.823111085797801,4.08854754387999,3,full_6dof_frozen,0.343754139295467,87.46153105855994,83.99159608257784,calibration,65.52159976959229
300m_roundtrip_10_e0003,29.153949973849176,300m_roundtrip_10,41.29895310940087,7.792022642975376,4.08854754387999,3,full_6dof_frozen,0.343754139295467,86.89919339871497,83.4335983207293,calibration,65.77159976959229
300m_roundtrip_10_e0003,28.976480330436495,300m_roundtrip_10,41.2989531094007,7.763433112325105,4.08854754387999,3,full_6dof_frozen,0.343754139295467,86.3374312728246,82.87478038436157,calibration,66.02159976959229
300m_roundtrip_10_e0003,28.80049389442447,300m_roundtrip_10,41.298953109400735,7.736747467793495,4.08854754387999,3,full_6dof_frozen,0.343754139295467,85.77909953925676,82.3184901453047,calibration,66.27159976959229
300m_roundtrip_10_e0003,28.620771770790782,300m_roundtrip_10,41.29895310940054,7.7071441796626585,4.08854754387999,3,full_6dof_frozen,0.343754139295467,85.21144059284448,81.75304781389382,calibration,66.52159976959229
300m_roundtrip_10_e0003,28.400882658176506,300m_roundtrip_10,40.02856233479977,7.670808355544166,4.08854754387999,3,full_6dof_frozen,0.343754139295467,84.63541123497097,81.1836610329949,calibration,66.77159976959229
300m_roundtrip_10_e0003,28.217562030887063,300m_roundtrip_10,40.028562334799865,7.6354026127589325,4.08854754387999,3,full_6dof_frozen,0.343754139295467,84.05967749890287,80.61393433589042,calibration,67.02159976959229
300m_roundtrip_10_e0003,28.0355978086879,300m_roundtrip_10,40.02856233479978,7.601572399487355,4.08854754387999,3,full_6dof_frozen,0.343754139295467,83.48726579879337,80.04670276373535,calibration,67.27159976959229
300m_roundtrip_10_e0003,27.851055669107296,300m_roundtrip_10,40.02856233479953,7.567630519366617,4.08854754387999,3,full_6dof_frozen,0.343754139295467,82.9061823559029,79.47110358747882,calibration,67.52159976959229
300m_roundtrip_10_e0003,27.663575317792727,300m_roundtrip_10,40.028562334799474,7.529305076731435,4.08854754387999,3,full_6dof_frozen,0.343754139295467,82.31732460170142,78.89200644573205,calibration,67.77159976959229
300m_roundtrip_10_e0003,27.476678348307498,300m_roundtrip_10,40.02856233479949,7.4932773642041965,4.08854754387999,3,full_6dof_frozen,0.343754139295467,81.72813246445683,78.31216385447358,calibration,68.02159976959229
300m_roundtrip_10_e0003,27.291142944481,300m_roundtrip_10,40.028562334799446,7.458906642002693,4.08854754387999,3,full_6dof_frozen,0.343754139295467,81.1421741567842,77.73475052617992,calibration,68.27159976959229
300m_roundtrip_10_e0003,27.103826979629886,300m_roundtrip_10,40.02856233480004,7.426232020402443,4.08854754387999,3,full_6dof_frozen,0.343754139295467,80.54816177582926,77.1496345950688,calibration,68.52159976959229
300m_roundtrip_10_e0003,26.891152484285236,300m_roundtrip_10,39.18471777343801,7.39437850654528,4.08854754387999,3,full_6dof_frozen,0.343754139295467,79.94587452949946,76.56104415432411,calibration,68.77159976959229
300m_roundtrip_10_e0003,26.674171303840335,300m_roundtrip_10,38.16477607424394,7.364960748549636,4.08854754387999,3,full_6dof_frozen,0.343754139295467,79.34373559238158,75.9719432743457,calibration,69.02159976959229
300m_roundtrip_10_e0003,26.487653809263175,300m_roundtrip_10,38.16477607424365,7.337273422447399,4.08854754387999,3,full_6dof_frozen,0.343754139295467,78.74457586471233,75.3850812087983,calibration,69.27159976959229
300m_roundtrip_10_e0003,26.299965545379248,300m_roundtrip_10,38.16477607424394,7.313481378751006,4.08854754387999,3,full_6dof_frozen,0.343754139295467,78.13685146086948,74.79015549746067,calibration,69.52159976959229
300m_roundtrip_10_e0003,26.112538958894024,300m_roundtrip_10,38.1647760742435,7.29427693240608,4.08854754387999,3,full_6dof_frozen,0.343754139295467,77.52153842776445,74.19268649216201,calibration,69.77159976959229
300m_roundtrip_10_e0003,25.92552126200988,300m_roundtrip_10,38.16477607424411,7.276492867755488,4.08854754387999,3,full_6dof_frozen,0.343754139295467,76.90643785308654,73.59478840283116,calibration,70.02159976959229
300m_roundtrip_10_e0003,25.739838997787086,300m_roundtrip_10,38.16477607424385,7.26048526002947,4.08854754387999,3,full_6dof_frozen,0.343754139295467,76.29430728122075,72.99912171386013,calibration,70.27159976959229
300m_roundtrip_10_e0003,25.513406534270132,300m_roundtrip_10,36.804015430396746,7.246210291272422,4.08854754387999,3,full_6dof_frozen,0.343754139295467,75.67360832022284,72.39549486906185,calibration,70.52159976959229
300m_roundtrip_10_e0003,25.284476230840774,300m_roundtrip_10,35.33924732938347,7.237415716270862,4.08854754387999,3,full_6dof_frozen,0.343754139295467,75.04481262132867,71.78915141222379,calibration,70.77159976959229
300m_roundtrip_10_e0003,25.05763946889084,300m_roundtrip_10,33.936151099219515,7.229823854752713,4.08854754387999,3,full_6dof_frozen,0.343754139295467,74.41619842520711,71.18237012166,calibration,71.02159976959229
300m_roundtrip_10_e0003,24.833821620613406,300m_roundtrip_10,32.5975943933043,7.223846356201751,4.08854754387999,3,full_6dof_frozen,0.343754139295467,73.79012655912376,70.57750169745877,calibration,71.27159976959229
300m_roundtrip_10_e0003,24.626088442494893,300m_roundtrip_10,31.936746001123968,7.215593934135443,4.08854754387999,3,full_6dof_frozen,0.343754139295467,73.15522785710527,69.96444610782123,calibration,71.52159976959229
300m_roundtrip_10_e0003,24.394038051764646,300m_roundtrip_10,30.435993801946537,7.2103298219224135,4.08854754387999,3,full_6dof_frozen,0.343754139295467,72.512199451011,69.34887504888326,calibration,71.77159976959229
300m_roundtrip_10_e0003,24.163646510595363,300m_roundtrip_10,28.999193635959145,7.205193258112365,4.08854754387999,3,full_6dof_frozen,0.343754139295467,71.86882118514448,68.73242458222315,calibration,72.02159976959229
300m_roundtrip_10_e0003,23.936253915266455,300m_roundtrip_10,27.629406852660857,7.201450761108235,4.08854754387999,3,full_6dof_frozen,0.343754139295467,71.22791067974548,68.11783817947044,calibration,72.27159976959229
300m_roundtrip_10_e0003,23.810656498691394,300m_roundtrip_10,29.950211027010464,7.194580503820131,4.08854754387999,3,full_6dof_frozen,0.343754139295467,70.57784862592011,67.49478909884282,calibration,72.52159976959229
300m_roundtrip_10_e0003,23.63623642455166,300m_roundtrip_10,30.588012046537983,7.186661429196645,4.08854754387999,3,full_6dof_frozen,0.343754139295467,69.92695912437136,66.87021750526327,calibration,72.77159976959229
300m_roundtrip_10_e0003,23.44230195992776,300m_roundtrip_10,30.588012046537653,7.175823233297303,4.08854754387999,3,full_6dof_frozen,0.343754139295467,69.27562159782984,66.2442776052468,calibration,73.02159976959229
300m_roundtrip_10_e0003,23.228057625599785,300m_roundtrip_10,29.83848582674034,7.166404582505319,4.08854754387999,3,full_6dof_frozen,0.343754139295467,68.62680494793567,65.62023718413076,calibration,73.27159976959229
300m_roundtrip_10_e0003,23.025994095711606,300m_roundtrip_10,29.6374800222531,7.15397394994907,4.08854754387999,3,full_6dof_frozen,0.343754139295467,67.96928219335558,64.98811374783374,calibration,73.52159976959229
300m_roundtrip_10_e0003,22.82607278422943,300m_roundtrip_10,29.637480022253023,7.135789234922916,4.08854754387999,3,full_6dof_frozen,0.343754139295467,67.30204766486149,64.35243231304683,calibration,73.77159976959229
300m_roundtrip_10_e0003,22.625101258568936,300m_roundtrip_10,29.6374800222531,7.115303151118005,4.08854754387999,3,full_6dof_frozen,0.343754139295467,66.63431121839872,63.7155863809839,calibration,74.02159976959229
300m_roundtrip_10_e0003,22.392866743395153,300m_roundtrip_10,28.50121436033983,7.096680152383772,4.08854754387999,3,full_6dof_frozen,0.343754139295467,65.96887725613777,63.0804927834568,calibration,74.27159976959229
300m_roundtrip_10_e0003,22.182105036190634,300m_roundtrip_10,28.37517544216229,7.065342527359336,4.08854754387999,3,full_6dof_frozen,0.343754139295467,65.29053074676321,62.43609243690188,calibration,74.52159976959229
300m_roundtrip_10_e0003,21.97150612560564,300m_roundtrip_10,28.37517544216248,7.027683738987102,4.08854754387999,3,full_6dof_frozen,0.343754139295467,64.60405305520862,61.78910137704122,calibration,74.77159976959229
300m_roundtrip_10_e0003,21.763700072791806,300m_roundtrip_10,28.375175442162572,7.001989822005196,4.08854754387999,3,full_6dof_frozen,0.343754139295467,63.91030457158986,61.139768549751246,calibration,75.02159976959229
300m_roundtrip_10_e0003,21.55681242594854,300m_roundtrip_10,28.37517544216256,6.977801270042581,4.08854754387999,3,full_6dof_frozen,0.343754139295467,63.21813763407276,60.49172803756451,calibration,75.27159976959229
300m_roundtrip_10_e0003,21.346047852620078,300m_roundtrip_10,28.375175442162377,6.949612433846346,4.08854754387999,3,full_6dof_frozen,0.343754139295467,62.516925460311434,59.83549265146328,calibration,75.52159976959229
300m_roundtrip_10_e0003,21.134119478330433,300m_roundtrip_10,28.37517544216235,6.919569914926779,4.08854754387999,3,full_6dof_frozen,0.343754139295467,61.81423625472586,59.17726624767379,calibration,75.77159976959229
300m_roundtrip_10_e0003,20.921971551062793,300m_roundtrip_10,28.375175442162423,6.889760906592041,4.08854754387999,3,full_6dof_frozen,0.343754139295467,61.11120106620954,58.51772588615164,calibration,76.02159976959229
300m_roundtrip_10_e0003,20.690960081600153,300m_roundtrip_10,27.681784659750406,6.86147591230307,4.08854754387999,3,full_6dof_frozen,0.343754139295467,60.40984488158139,57.859544114359664,calibration,76.27159976959229
300m_roundtrip_10_e0003,20.472519817294696,300m_roundtrip_10,27.518905614863293,6.83316326740604,4.08854754387999,3,full_6dof_frozen,0.343754139295467,59.699236279291064,57.19310327045646,calibration,76.52159976959229
300m_roundtrip_10_e0003,20.25877403756493,300m_roundtrip_10,27.518905614863222,6.806356914575929,4.08854754387999,3,full_6dof_frozen,0.343754139295467,58.98750444164301,56.52491754534852,calibration,76.77159976959229
300m_roundtrip_10_e0003,20.04590802194505,300m_roundtrip_10,27.518905614863236,6.7825120379421024,4.08854754387999,3,full_6dof_frozen,0.343754139295467,58.276079711604815,55.85604129332459,calibration,77.02159976959229
300m_roundtrip_10_e0003,19.833932166368694,300m_roundtrip_10,27.518905614863236,6.760194416561667,4.08854754387999,3,full_6dof_frozen,0.343754139295467,57.56609745820062,55.18834917777896,calibration,77.27159976959229
300m_roundtrip_10_e0003,19.620455531959024,300m_roundtrip_10,27.518905614863353,6.74075745340608,4.08854754387999,3,full_6dof_frozen,0.343754139295467,56.84718678216217,54.512816282342484,calibration,77.52159976959229
300m_roundtrip_10_e0003,19.407598460203758,300m_roundtrip_10,27.51890561486337,6.724306272133574,4.08854754387999,3,full_6dof_frozen,0.343754139295467,56.1274445080478,53.835820696077484,calibration,77.77159976959229
300m_roundtrip_10_e0003,19.19594105636065,300m_roundtrip_10,27.518905614863268,6.711516025432519,4.08854754387999,3,full_6dof_frozen,0.343754139295467,55.408357377928695,53.15839431975661,calibration,78.02159976959229
300m_roundtrip_10_e0003,18.98516408642504,300m_roundtrip_10,27.518905614863357,6.700259046875092,4.08854754387999,3,full_6dof_frozen,0.343754139295467,54.69066823462961,52.48211567265715,calibration,78.27159976959229
300m_roundtrip_10_e0003,18.772991907536124,300m_roundtrip_10,27.518905614863236,6.692252457699816,4.08854754387999,3,full_6dof_frozen,0.343754139295467,53.963901205851954,51.79798260789352,calibration,78.52159976959229
300m_roundtrip_10_e0003,18.51369905002885,300m_roundtrip_10,25.847621309169114,6.687194039578977,4.08854754387999,3,full_6dof_frozen,0.343754139295467,53.236381109456865,51.11246396623623,calibration,78.77159976959229
300m_roundtrip_10_e0003,18.302884812555657,300m_roundtrip_10,25.84762130916915,6.684437437394114,4.08854754387999,3,full_6dof_frozen,0.343754139295467,52.50946467660334,50.4264453322718,calibration,79.02159976959229
300m_roundtrip_10_e0003,18.092995210166684,300m_roundtrip_10,25.847621309169128,6.683263386510758,4.08854754387999,3,full_6dof_frozen,0.343754139295467,51.78404960967186,49.741661605264916,calibration,79.27159976959229
300m_roundtrip_10_e0003,17.82355419528642,300m_roundtrip_10,23.861991435654364,6.681281054330539,4.08854754387999,3,full_6dof_frozen,0.343754139295467,51.04928283626501,49.04880521503617,calibration,79.52159976959229
300m_roundtrip_10_e0003,17.57703279153549,300m_roundtrip_10,22.68754446982703,6.6801641123576525,4.08854754387999,3,full_6dof_frozen,0.343754139295467,50.31309436472604,48.35393213998115,calibration,79.77159976959229
300m_roundtrip_10_e0003,17.34044301177783,300m_roundtrip_10,21.846726098875237,6.680385401304175,4.08854754387999,3,full_6dof_frozen,0.343754139295467,49.57747688152371,47.658540078019115,calibration,80.02159976959229
300m_roundtrip_10_e0003,17.089526384937276,300m_roundtrip_10,20.483335691806914,6.681334517865545,4.08854754387999,3,full_6dof_frozen,0.343754139295467,48.843229247587495,46.96426895800145,calibration,80.27159976959229
300m_roundtrip_10_e0003,16.870545010117134,300m_roundtrip_10,20.319865235148125,6.679167778274336,4.08854754387999,3,full_6dof_frozen,0.343754139295467,48.10400666214039,46.265937531656135,calibration,80.52159976959229
300m_roundtrip_10_e0003,16.63756288629154,300m_roundtrip_10,19.66972987984273,6.676807030079459,4.08854754387999,3,full_6dof_frozen,0.343754139295467,47.36502405068626,45.567329277909366,calibration,80.77159976959229
300m_roundtrip_10_e0003,16.420997834436566,300m_roundtrip_10,19.60657052959857,6.674091183258962,4.08854754387999,3,full_6dof_frozen,0.343754139295467,46.62613294404321,44.867498747644106,calibration,81.02159976959229
300m_roundtrip_10_e0003,16.206997558121056,300m_roundtrip_10,19.606570529598628,6.672314854016319,4.08854754387999,3,full_6dof_frozen,0.343754139295467,45.888884312010134,44.16908223082083,calibration,81.27159976959229
300m_roundtrip_10_e0003,15.988421522452448,300m_roundtrip_10,19.606570529598535,6.664813404306282,4.08854754387999,3,full_6dof_frozen,0.343754139295467,45.1419972267597,43.4621480112864,calibration,81.52159976959229
300m_roundtrip_10_e0003,15.751613288501456,300m_roundtrip_10,19.01260029898956,6.655204849414887,4.08854754387999,3,full_6dof_frozen,0.343754139295467,44.39367288764649,42.75313615932738,calibration,81.77159976959229
300m_roundtrip_10_e0003,15.530565094905704,300m_roundtrip_10,19.01260029898967,6.642712228573682,4.08854754387999,3,full_6dof_frozen,0.343754139295467,43.64531413942029,42.042895600197035,calibration,82.02159976959229
300m_roundtrip_10_e0003,15.308322434215148,300m_roundtrip_10,19.012600298989494,6.626697667004891,4.08854754387999,3,full_6dof_frozen,0.343754139295467,42.89693497400071,41.33256281540206,calibration,82.27159976959229
300m_roundtrip_10_e0003,15.078918488837115,300m_roundtrip_10,19.012600298989575,6.597381681174062,4.08854754387999,3,full_6dof_frozen,0.343754139295467,42.138838101261825,40.61345150126605,calibration,82.52159976959229
300m_roundtrip_10_e0003,14.83140262107397,300m_roundtrip_10,18.221199253605597,6.587721351775553,4.08854754387999,3,full_6dof_frozen,0.343754139295467,41.37398688912535,39.88745560971378,calibration,82.77159976959229
300m_roundtrip_10_e0003,14.561420200158933,300m_roundtrip_10,16.718242863626386,6.573110517233715,4.08854754387999,3,full_6dof_frozen,0.343754139295467,40.608401967611584,39.159395412509866,calibration,83.02159976959229
300m_roundtrip_10_e0003,14.334775519602601,300m_roundtrip_10,16.7182428636264,6.559000758247729,4.08854754387999,3,full_6dof_frozen,0.343754139295467,39.843705316398164,38.43203660031156,calibration,83.27159976959229
300m_roundtrip_10_e0003,14.108121211050307,300m_roundtrip_10,16.7182428636264,6.5481436826663435,4.08854754387999,3,full_6dof_frozen,0.343754139295467,39.07521810925437,37.70110378709095,calibration,83.52159976959229
300m_roundtrip_10_e0003,13.863498783743582,300m_roundtrip_10,16.095525961213276,6.537350242902153,4.08854754387999,3,full_6dof_frozen,0.343754139295467,38.30654936338402,36.96927464725374,calibration,83.77159976959229
300m_roundtrip_10_e0003,13.612302188244296,300m_roundtrip_10,15.277433723107794,6.524556678467966,4.08854754387999,3,full_6dof_frozen,0.343754139295467,37.537642073535444,36.235938241801286,calibration,84.02159976959229
300m_roundtrip_10_e0003,13.362401484660548,300m_roundtrip_10,14.491089226184688,6.512247017608874,4.08854754387999,3,full_6dof_frozen,0.343754139295467,36.76960651919285,35.50330353061752,calibration,84.27159976959229
300m_roundtrip_10_e0003,13.134968509354335,300m_roundtrip_10,14.491089226184672,6.503074690155099,4.08854754387999,3,full_6dof_frozen,0.343754139295467,35.99804559942586,34.76720632639292,calibration,84.52159976959229
300m_roundtrip_10_e0003,12.891935974515098,300m_roundtrip_10,13.934322087599458,6.495069697121229,4.08854754387999,3,full_6dof_frozen,0.343754139295467,35.2267098023787,34.030591368431786,calibration,84.77159976959229
300m_roundtrip_10_e0003,12.664876397211893,300m_roundtrip_10,13.934322087599446,6.48777006509844,4.08854754387999,3,full_6dof_frozen,0.343754139295467,34.45562513076366,33.2930018710946,calibration,85.02159976959229
300m_roundtrip_10_e0003,12.4181638415726,300m_roundtrip_10,13.233398311584597,6.480992495835919,4.08854754387999,3,full_6dof_frozen,0.343754139295467,33.685302110865145,32.556028519620384,calibration,85.27159976959229
300m_roundtrip_10_e0003,12.191055549134603,300m_roundtrip_10,13.233398311585068,6.4760203434087025,4.08854754387999,3,full_6dof_frozen,0.343754139295467,32.91154146287469,31.815654302137585,calibration,85.52159976959229
300m_roundtrip_10_e0003,11.952751949618936,300m_roundtrip_10,12.82155651147978,6.47285578702386,4.08854754387999,3,full_6dof_frozen,0.343754139295467,32.13819827302293,31.074916702998713,calibration,85.77159976959229
300m_roundtrip_10_e0003,11.727070234596628,300m_roundtrip_10,12.821556511479697,6.472247953542402,4.08854754387999,3,full_6dof_frozen,0.343754139295467,31.365689977417304,30.333775331492436,calibration,86.02159976959229
300m_roundtrip_10_e0003,11.501758421474568,300m_roundtrip_10,12.82155651147954,6.472136644860789,4.08854754387999,3,full_6dof_frozen,0.343754139295467,30.593943386067636,29.59327507602634,calibration,86.27159976959229
300m_roundtrip_10_e0003,11.275528277170773,300m_roundtrip_10,12.821556511479638,6.472486035593068,4.08854754387999,3,full_6dof_frozen,0.343754139295467,29.818618204853784,28.84920462722715,calibration,86.52159976959229
300m_roundtrip_10_e0003,11.049616320644278,300m_roundtrip_10,12.821556511479555,6.473750247231675,4.08854754387999,3,full_6dof_frozen,0.343754139295467,29.04386244908188,28.10491570308296,calibration,86.77159976959229
300m_roundtrip_10_e0003,10.824072886638904,300m_roundtrip_10,12.821556511479624,6.475938738882921,4.08854754387999,3,full_6dof_frozen,0.343754139295467,28.270223560566833,27.360370491228203,calibration,87.02159976959229
300m_roundtrip_10_e0003,10.598900013157355,300m_roundtrip_10,12.821556511479768,6.478310604013749,4.08854754387999,3,full_6dof_frozen,0.343754139295467,27.497721435121942,26.616804077991485,calibration,87.27159976959229
300m_roundtrip_10_e0003,10.371933541478175,300m_roundtrip_10,12.821556511479784,6.479062669159939,4.08854754387999,3,full_6dof_frozen,0.343754139295467,26.720994678523287,25.869081655984598,calibration,87.52159976959229
300m_roundtrip_10_e0003,10.14322586968612,300m_roundtrip_10,12.742184276966423,6.480152232575823,4.08854754387999,3,full_6dof_frozen,0.343754139295467,25.945812587378168,25.12265729421517,calibration,87.77159976959229
300m_roundtrip_10_e0003,9.918024596743964,300m_roundtrip_10,12.742184276966453,6.48206728905715,4.08854754387999,3,full_6dof_frozen,0.343754139295467,25.173822008535456,24.379454458123533,calibration,88.02159976959229
300m_roundtrip_10_e0003,9.69332506318115,300m_roundtrip_10,12.742184276966526,6.484187744132044,4.08854754387999,3,full_6dof_frozen,0.343754139295467,24.40342840966015,23.637619497955626,calibration,88.27159976959229
300m_roundtrip_10_e0003,9.46604744263892,300m_roundtrip_10,12.74218427696638,6.482459626697222,4.08854754387999,3,full_6dof_frozen,0.343754139295467,23.628700158140383,22.891475716729087,calibration,88.52159976959229
300m_roundtrip_10_e0003,9.224735118647859,300m_roundtrip_10,12.2558725040683,6.480325262698865,4.08854754387999,3,full_6dof_frozen,0.343754139295467,22.85473817081771,22.144925474179715,calibration,88.77159976959229
300m_roundtrip_10_e0003,8.987502149411858,300m_roundtrip_10,11.895974346969453,6.478976198282369,4.08854754387999,3,full_6dof_frozen,0.343754139295467,22.082642147132873,21.398471102978984,calibration,89.02159976959229
300m_roundtrip_10_e0003,8.761234612762998,300m_roundtrip_10,11.895974346969481,6.478206738175564,4.08854754387999,3,full_6dof_frozen,0.343754139295467,21.312366371342563,20.653553741141174,calibration,89.27159976959229
300m_roundtrip_10_e0003,8.532552655879437,300m_roundtrip_10,11.8959743469695,6.473806586087904,4.08854754387999,3,full_6dof_frozen,0.343754139295467,20.53829057813087,19.90451544014198,calibration,89.52159976959229
300m_roundtrip_10_e0003,8.275590519069572,300m_roundtrip_10,11.02987087231173,6.461490275662511,4.08854754387999,3,full_6dof_frozen,0.343754139295467,19.762942597235053,19.151634998391142,calibration,89.77159976959229
300m_roundtrip_10_e0003,8.044897072721284,300m_roundtrip_10,11.029870872311745,6.453985197518697,4.08854754387999,3,full_6dof_frozen,0.343754139295467,18.989072118960333,18.39761146936008,calibration,90.02159976959229
300m_roundtrip_10_e0003,7.814998890253321,300m_roundtrip_10,11.029870872311761,6.449053319851658,4.08854754387999,3,full_6dof_frozen,0.343754139295467,18.216191757906298,17.642780533659014,calibration,90.27159976959229
300m_roundtrip_10_e0003,7.576570299428958,300m_roundtrip_10,10.78706394514748,6.442144177888551,4.08854754387999,3,full_6dof_frozen,0.343754139295467,17.440729019815098,16.884570889068588,calibration,90.52159976959229
300m_roundtrip_10_e0003,7.345387649159504,300m_roundtrip_10,10.787063945147498,6.434853277812393,4.08854754387999,3,full_6dof_frozen,0.343754139295467,16.667190670597765,16.127578312456915,calibration,90.77159976959229
300m_roundtrip_10_e0003,7.097629884933658,300m_roundtrip_10,10.154189729297048,6.427968087680962,4.08854754387999,3,full_6dof_frozen,0.343754139295467,15.898559726390221,15.374990882581525,calibration,91.02159976959229
300m_roundtrip_10_e0003,6.828743534201209,300m_roundtrip_10,8.745582746337975,6.421248930768339,4.08854754387999,3,full_6dof_frozen,0.343754139295467,15.13373720828373,14.625398551821045,calibration,91.27159976959229
300m_roundtrip_10_e0003,6.597069390568361,300m_roundtrip_10,8.629227380744041,6.415378633005604,4.08854754387999,3,full_6dof_frozen,0.343754139295467,14.37013636487334,13.875234280051412,calibration,91.52159976959229
300m_roundtrip_10_e0003,6.3270059450413765,300m_roundtrip_10,7.12818893969944,6.409782896486584,4.08854754387999,3,full_6dof_frozen,0.343754139295467,13.61088385822397,13.128303596279247,calibration,91.77159976959229
300m_roundtrip_10_e0003,6.077615330282294,300m_roundtrip_10,6.293525051937244,6.403442810996644,4.08854754387999,3,full_6dof_frozen,0.343754139295467,12.858667750509856,12.387263083742525,calibration,92.02159976959229
300m_roundtrip_10_e0003,5.838581106711121,300m_roundtrip_10,5.755998771380823,6.397344347861305,4.08854754387999,3,full_6dof_frozen,0.343754139295467,12.113440767535948,11.651659031250103,calibration,92.27159976959229
300m_roundtrip_10_e0003,5.589899662181027,300m_roundtrip_10,4.78486801033532,6.394535753901391,4.08854754387999,3,full_6dof_frozen,0.343754139295467,11.375905072215938,10.920433612056465,calibration,92.52159976959229
300m_roundtrip_10_e0003,5.364279019266865,300m_roundtrip_10,4.521697390716577,6.392468540557599,4.08854754387999,3,full_6dof_frozen,0.343754139295467,10.648479123337445,10.197084530300572,calibration,92.77159976959229
300m_roundtrip_10_e0003,5.138237762025945,300m_roundtrip_10,4.139884926395299,6.388892714916244,4.08854754387999,3,full_6dof_frozen,0.343754139295467,9.934380326081573,9.48443198988634,calibration,93.02159976959229
300m_roundtrip_10_e0003,4.900669330476813,300m_roundtrip_10,3.210882465447672,6.385529683007243,4.08854754387999,3,full_6dof_frozen,0.343754139295467,9.235901230748059,8.784149070267347,calibration,93.27159976959229
300m_roundtrip_10_e0003,4.68261699626199,300m_roundtrip_10,2.743298626880482,6.38580351465166,4.08854754387999,3,full_6dof_frozen,0.343754139295467,8.558651024115854,8.098853807659188,calibration,93.52159976959229
300m_roundtrip_10_e0003,4.484854500624697,300m_roundtrip_10,2.7432986268804775,6.386935943144483,4.08854754387999,3,full_6dof_frozen,0.343754139295467,7.906701670849398,7.43412862528458,calibration,93.77159976959229
300m_roundtrip_10_e0003,4.295315671966695,300m_roundtrip_10,2.7432986268804775,6.38699053584584,4.08854754387999,3,full_6dof_frozen,0.343754139295467,7.287044140642015,6.7961722592626685,calibration,94.02159976959229
300m_roundtrip_10_e0003,4.1168349205005095,300m_roundtrip_10,2.743298626880482,6.387239737707089,4.08854754387999,3,full_6dof_frozen,0.343754139295467,6.708325840856468,6.192712315389097,calibration,94.27159976959229
300m_roundtrip_10_e0003,3.9491466795973134,300m_roundtrip_10,2.5911037775059036,6.388855894883149,4.08854754387999,3,full_6dof_frozen,0.343754139295467,6.185252861475876,5.634856126609202,calibration,94.52159976959229
300m_roundtrip_10_e0003,3.809550718573934,300m_roundtrip_10,2.7432986268806747,6.39100372669475,4.08854754387999,3,full_6dof_frozen,0.343754139295467,5.730644183789858,5.1388588193100615,calibration,94.77159976959229
300m_roundtrip_10_e0003,3.6903025320723772,300m_roundtrip_10,2.7432986268804127,6.392811229491096,4.08854754387999,3,full_6dof_frozen,0.343754139295467,5.361654602490392,4.724100172791472,calibration,95.02159976959229
300m_roundtrip_10_e0003,3.602227202303264,300m_roundtrip_10,2.7432986268804127,6.394763986649502,4.08854754387999,3,full_6dof_frozen,0.343754139295467,5.096798881686237,4.412896789083974,calibration,95.27159976959229
300m_roundtrip_10_e0003,3.551863413318169,300m_roundtrip_10,2.743298626880546,6.396852401241734,4.08854754387999,3,full_6dof_frozen,0.343754139295467,4.95544694677397,4.228273120627558,calibration,95.52159976959229
300m_roundtrip_10_e0003,3.543741161865336,300m_roundtrip_10,2.7432986268808035,6.39917500589989,4.08854754387999,3,full_6dof_frozen,0.343754139295467,4.946462643374907,4.1882830072992965,calibration,95.77159976959229
300m_roundtrip_10_e0003,3.57863069847416,300m_roundtrip_10,2.743298626880868,6.401626254985007,4.08854754387999,3,full_6dof_frozen,0.343754139295467,5.070360316045246,4.296696438866372,calibration,96.02159976959229
300m_roundtrip_10_e0003,3.6533446459909387,300m_roundtrip_10,2.7432986268807347,6.404236770252531,4.08854754387999,3,full_6dof_frozen,0.343754139295467,5.317489521805371,4.542350714791016,calibration,96.27159976959229
300m_roundtrip_10_e0003,3.7618845813328825,300m_roundtrip_10,2.7432986268805415,6.405503741756252,4.08854754387999,3,full_6dof_frozen,0.343754139295467,5.675165000200101,4.904101033130531,calibration,96.52159976959229
300m_roundtrip_10_e0003,3.8977023391137458,300m_roundtrip_10,2.7248439097344317,6.40677702370811,4.08854754387999,3,full_6dof_frozen,0.343754139295467,6.1220246933206575,5.3602742270518675,calibration,96.77159976959229
300m_roundtrip_10_e0003,4.061180372124777,300m_roundtrip_10,2.9069018284027264,6.408959156863544,4.08854754387999,3,full_6dof_frozen,0.343754139295467,6.6400842632204435,5.888989444469272,calibration,97.02159976959229
300m_roundtrip_10_e0003,4.243150044721531,300m_roundtrip_10,3.1669599960559305,6.410611750597471,4.08854754387999,3,full_6dof_frozen,0.343754139295467,7.214094170397689,6.47192736416694,calibration,97.27159976959229
300m_roundtrip_10_e0003,4.432259868149911,300m_roundtrip_10,3.27722497195383,6.408148743512681,4.08854754387999,3,full_6dof_frozen,0.343754139295467,7.833921788331415,7.0959155447359725,calibration,97.52159976959229
300m_roundtrip_10_e0003,4.637778886314526,300m_roundtrip_10,3.615508030722041,6.4057102451852295,4.08854754387999,3,full_6dof_frozen,0.343754139295467,8.488629367338639,7.751894858681919,calibration,97.77159976959229
300m_roundtrip_10_e0003,4.855829910662976,300m_roundtrip_10,4.108323370377338,6.4050639188056415,4.08854754387999,3,full_6dof_frozen,0.343754139295467,9.169810792561806,8.432234287065912,calibration,98.02159976959229
300m_roundtrip_10_e0003,5.075675521883932,300m_roundtrip_10,4.456699657457934,6.404558571969419,4.08854754387999,3,full_6dof_frozen,0.343754139295467,9.872041398808904,9.131421243762663,calibration,98.27159976959229
300m_roundtrip_10_e0003,5.308954732334682,300m_roundtrip_10,5.116290720101924,6.402336248254028,4.08854754387999,3,full_6dof_frozen,0.343754139295467,10.59348823888611,9.846570454173364,calibration,98.52159976959229
300m_roundtrip_10_e0003,5.540662751975839,300m_roundtrip_10,5.591726253183969,6.399782623686035,4.08854754387999,3,full_6dof_frozen,0.343754139295467,11.328591102139285,10.573895799830355,calibration,98.77159976959229
300m_roundtrip_10_e0003,5.793668141937946,300m_roundtrip_10,6.701431606306992,6.398564245361721,4.08854754387999,3,full_6dof_frozen,0.343754139295467,12.073562240453981,11.309938474863637,calibration,99.02159976959229
300m_roundtrip_10_e0003,6.017818601610136,300m_roundtrip_10,6.711943616477315,6.397517498487587,4.08854754387999,3,full_6dof_frozen,0.343754139295467,12.827740764719023,12.053844373477006,calibration,99.27159976959229
300m_roundtrip_10_e0003,6.244403201163745,300m_roundtrip_10,6.711943616477505,6.396614569941013,4.08854754387999,3,full_6dof_frozen,0.343754139295467,13.592029715737034,12.806127776646974,calibration,99.52159976959229
300m_roundtrip_10_e0003,6.512265729436219,300m_roundtrip_10,8.092722235260506,6.395805892251747,4.08854754387999,3,full_6dof_frozen,0.343754139295467,14.362608508940864,13.564244729158629,calibration,99.77159976959229
300m_roundtrip_10_e0003,6.7416595615622015,300m_roundtrip_10,8.092722235260574,6.395384578859418,4.08854754387999,3,full_6dof_frozen,0.343754139295467,15.136214683748545,14.325112991371906,calibration,100.02159976959229
300m_roundtrip_10_e0003,6.97866031465923,300m_roundtrip_10,8.31211810694029,6.395206745723373,4.08854754387999,3,full_6dof_frozen,0.343754139295467,15.914555671601061,15.089900384108057,calibration,100.27159976959229
300m_roundtrip_10_e0003,7.22434093104037,300m_roundtrip_10,8.755043940986964,6.396464622991422,4.08854754387999,3,full_6dof_frozen,0.343754139295467,16.69956329234046,15.860428074381112,calibration,100.52159976959229
300m_roundtrip_10_e0003,7.4740080082887275,300m_roundtrip_10,9.297817937036536,6.39817866543283,4.08854754387999,3,full_6dof_frozen,0.343754139295467,17.487750675889362,16.634273889153306,calibration,100.77159976959229
300m_roundtrip_10_e0003,7.707977838179486,300m_roundtrip_10,9.297817937036756,6.399295785325503,4.08854754387999,3,full_6dof_frozen,0.343754139295467,18.2759619696564,17.408155525235756,calibration,101.02159976959229
300m_roundtrip_10_e0003,7.954872989017604,300m_roundtrip_10,9.721522517779384,6.400709308406992,4.08854754387999,3,full_6dof_frozen,0.343754139295467,19.06695492624058,18.1842497035114,calibration,101.27159976959229
300m_roundtrip_10_e0003,8.200695833834637,300m_roundtrip_10,10.039089422835989,6.403992194340225,4.08854754387999,3,full_6dof_frozen,0.343754139295467,19.862746974292158,18.964629726293015,calibration,101.52159976959229
300m_roundtrip_10_e0003,8.438244335815561,300m_roundtrip_10,10.039089422836028,6.407874364960808,4.08854754387999,3,full_6dof_frozen,0.343754139295467,20.660398413920035,19.74707623201605,calibration,101.77159976959229
300m_roundtrip_10_e0003,8.684375530611561,300m_roundtrip_10,10.368670667282265,6.410348309717425,4.08854754387999,3,full_6dof_frozen,0.343754139295467,21.456557635939507,20.52844631880441,calibration,102.02159976959229
300m_roundtrip_10_e0003,8.922448410308418,300m_roundtrip_10,10.398673738233432,6.4129691932199,4.08854754387999,3,full_6dof_frozen,0.343754139295467,22.25452321086711,21.31117363766107,calibration,102.27159976959229
300m_roundtrip_10_e0003,9.173063323992395,300m_roundtrip_10,10.833689177563627,6.415471961559664,4.08854754387999,3,full_6dof_frozen,0.343754139295467,23.056152236514713,22.097117349929416,calibration,102.52159976959229
300m_roundtrip_10_e0003,9.42073927428134,300m_roundtrip_10,11.14844457446149,6.418249795058657,4.08854754387999,3,full_6dof_frozen,0.343754139295467,23.858945238151804,22.88450582135758,calibration,102.77159976959229
300m_roundtrip_10_e0003,9.665103739632983,300m_roundtrip_10,11.381662840184838,6.4195807415324735,4.08854754387999,3,full_6dof_frozen,0.343754139295467,24.659824970640774,23.670353142644952,calibration,103.02159976959229
300m_roundtrip_10_e0003,9.913295022980028,300m_roundtrip_10,11.739287378534243,6.4209743370714705,4.08854754387999,3,full_6dof_frozen,0.343754139295467,25.46181783371781,24.4569012488458,calibration,103.27159976959229
300m_roundtrip_10_e0003,10.151184951224483,300m_roundtrip_10,11.739287378534305,6.42207938710741,4.08854754387999,3,full_6dof_frozen,0.343754139295467,26.264031562041705,25.243402275846215,calibration,103.52159976959229
300m_roundtrip_10_e0003,10.389311626439687,300m_roundtrip_10,11.739287378534211,6.4231956226953315,4.08854754387999,3,full_6dof_frozen,0.343754139295467,27.066835708237818,26.03077318617765,calibration,103.77159976959229
300m_roundtrip_10_e0003,10.62673543078339,300m_roundtrip_10,11.739287378534243,6.423658032770607,4.08854754387999,3,full_6dof_frozen,0.343754139295467,27.867847229199665,26.816615763956445,calibration,104.02159976959229
300m_roundtrip_10_e0003,10.864411016351827,300m_roundtrip_10,11.739287378534243,6.424182073298453,4.08854754387999,3,full_6dof_frozen,0.343754139295467,28.6698742438138,27.603106783611835,calibration,104.27159976959229
300m_roundtrip_10_e0003,11.102661554739466,300m_roundtrip_10,11.739287378534181,6.424522081024617,4.08854754387999,3,full_6dof_frozen,0.343754139295467,29.474285360923638,28.39158723745151,calibration,104.52159976959229
300m_roundtrip_10_e0003,11.349469669398431,300m_roundtrip_10,12.031542032233695,6.424875874378397,4.08854754387999,3,full_6dof_frozen,0.343754139295467,30.27916929260792,29.18084552450034,calibration,104.77159976959229
300m_roundtrip_10_e0003,11.594482452670842,300m_roundtrip_10,12.277860932699973,6.425151411233636,4.08854754387999,3,full_6dof_frozen,0.343754139295467,31.082396564094573,29.96864816267468,calibration,105.02159976959229
300m_roundtrip_10_e0003,11.833528721539171,300m_roundtrip_10,12.312602091950207,6.424213184421909,4.08854754387999,3,full_6dof_frozen,0.343754139295467,31.887495139896,30.757930907718453,calibration,105.27159976959229
300m_roundtrip_10_e0003,12.072017790884312,300m_roundtrip_10,12.312602091950172,6.422959331623471,4.08854754387999,3,full_6dof_frozen,0.343754139295467,32.694621920568935,31.548902618771756,calibration,105.52159976959229
300m_roundtrip_10_e0003,12.31112667859965,300m_roundtrip_10,12.31260209195022,6.421627176213319,4.08854754387999,3,full_6dof_frozen,0.343754139295467,33.50381859173378,32.34206898078294,calibration,105.77159976959229
300m_roundtrip_10_e0003,12.549940480657423,300m_roundtrip_10,12.312602091950174,6.420754472954314,4.08854754387999,3,full_6dof_frozen,0.343754139295467,34.311390533474935,33.133806525632906,calibration,106.02159976959229
300m_roundtrip_10_e0003,12.792960557049167,300m_roundtrip_10,12.454469757603723,6.420015088354206,4.08854754387999,3,full_6dof_frozen,0.343754139295467,35.119547749347134,33.92579379794329,calibration,106.27159976959229
300m_roundtrip_10_e0003,13.05115742652565,300m_roundtrip_10,13.121937669776003,6.420020592153126,4.08854754387999,3,full_6dof_frozen,0.343754139295467,35.927543493959014,34.71741854113982,calibration,106.52159976959229
300m_roundtrip_10_e0003,13.28418299883086,300m_roundtrip_10,12.91327990724172,6.418848193301992,4.08854754387999,3,full_6dof_frozen,0.343754139295467,36.7362525544369,35.50995412230275,calibration,106.77159976959229
300m_roundtrip_10_e0003,13.521600989932539,300m_roundtrip_10,12.856675776404737,6.418925110834237,4.08854754387999,3,full_6dof_frozen,0.343754139295467,37.543534836557214,36.30136104526921,calibration,107.02159976959229
300m_roundtrip_10_e0003,13.766763600774222,300m_roundtrip_10,13.067698554796504,6.419113664459836,4.08854754387999,3,full_6dof_frozen,0.343754139295467,38.35120520471037,37.09287854815956,calibration,107.27159976959229
300m_roundtrip_10_e0003,14.023999987949095,300m_roundtrip_10,13.697222816778789,6.419974163863972,4.08854754387999,3,full_6dof_frozen,0.343754139295467,39.158603993375884,37.88399488660157,calibration,107.52159976959229
300m_roundtrip_10_e0003,14.264751921353955,300m_roundtrip_10,13.745528038521702,6.420426967005668,4.08854754387999,3,full_6dof_frozen,0.343754139295467,39.96660451088591,38.676098877004755,calibration,107.77159976959229
300m_roundtrip_10_e0003,14.50408282244777,300m_roundtrip_10,13.745528038521822,6.422066100707166,4.08854754387999,3,full_6dof_frozen,0.343754139295467,40.77295062858139,39.46684843412358,calibration,108.02159976959229
300m_roundtrip_10_e0003,14.743454718659846,300m_roundtrip_10,13.745528038521822,6.42373208673914,4.08854754387999,3,full_6dof_frozen,0.343754139295467,41.5795374159974,40.25763787808933,calibration,108.27159976959229
300m_roundtrip_10_e0003,14.982702810381294,300m_roundtrip_10,13.74552803852173,6.425521962732498,4.08854754387999,3,full_6dof_frozen,0.343754139295467,42.38561125067424,41.04785829270256,calibration,108.52159976959229
300m_roundtrip_10_e0003,15.22233771247892,300m_roundtrip_10,13.74552803852173,6.427727185358244,4.08854754387999,3,full_6dof_frozen,0.343754139295467,43.192265353578364,41.83903038069571,calibration,108.77159976959229
300m_roundtrip_10_e0003,15.461499665684464,300m_roundtrip_10,13.745528038521755,6.429970174664816,4.08854754387999,3,full_6dof_frozen,0.343754139295467,43.99694728329378,42.62876086635478,calibration,109.02159976959229
300m_roundtrip_10_e0003,15.700683059543682,300m_roundtrip_10,13.745528038521769,6.432229755825387,4.08854754387999,3,full_6dof_frozen,0.343754139295467,44.801775351977106,43.41849783270824,calibration,109.27159976959229
300m_roundtrip_10_e0003,15.939546251735223,300m_roundtrip_10,13.745528038521783,6.434163810214089,4.08854754387999,3,full_6dof_frozen,0.343754139295467,45.605929261358256,44.2075134149942,calibration,109.52159976959229
300m_roundtrip_10_e0003,16.178945686348545,300m_roundtrip_10,13.745528038521808,6.436938685669324,4.08854754387999,3,full_6dof_frozen,0.343754139295467,46.41063107178722,44.99753489042094,calibration,109.77159976959229
300m_roundtrip_10_e0003,16.417516098937412,300m_roundtrip_10,13.745528038521742,6.438888545401734,4.08854754387999,3,full_6dof_frozen,0.343754139295467,47.21303054269265,45.78593745169188,calibration,110.02159976959229
300m_roundtrip_10_e0003,16.66452200039224,300m_roundtrip_10,14.041164016808896,6.440822808337766,4.08854754387999,3,full_6dof_frozen,0.343754139295467,48.01549601903131,46.57427673805275,calibration,110.27159976959229
300m_roundtrip_10_e0003,16.90637442073665,300m_roundtrip_10,14.172088464988917,6.442117561841044,4.08854754387999,3,full_6dof_frozen,0.343754139295467,48.81716944581481,47.36184071128046,calibration,110.52159976959229
300m_roundtrip_10_e0003,17.144959171184198,300m_roundtrip_10,14.172088464988944,6.444139762120898,4.08854754387999,3,full_6dof_frozen,0.343754139295467,49.619236747366735,48.15036047894246,calibration,110.77159976959229
300m_roundtrip_10_e0003,17.38255717902253,300m_roundtrip_10,14.172088464989008,6.444862454307371,4.08854754387999,3,full_6dof_frozen,0.343754139295467,50.41902602687828,48.937251391400885,calibration,111.02159976959229
300m_roundtrip_10_e0003,17.623611475146856,300m_roundtrip_10,14.293012643842053,6.445617759435451,4.08854754387999,3,full_6dof_frozen,0.343754139295467,51.21887147301649,49.72406642437999,calibration,111.27159976959229
300m_roundtrip_10_e0003,17.866603695466075,300m_roundtrip_10,14.495252293641474,6.445925303792897,4.08854754387999,3,full_6dof_frozen,0.343754139295467,52.017940532264774,50.5100890438801,calibration,111.52159976959229
300m_roundtrip_10_e0003,18.108489112196857,300m_roundtrip_10,14.648148687641966,6.446556376454022,4.08854754387999,3,full_6dof_frozen,0.343754139295467,52.81731035786107,51.29693708496724,calibration,111.77159976959229
300m_roundtrip_10_e0003,18.336833206148558,300m_roundtrip_10,14.350661270158847,6.446764856650238,4.08854754387999,3,full_6dof_frozen,0.343754139295467,53.614450798027235,52.082238070146545,calibration,112.02159976959229
300m_roundtrip_10_e0003,18.572514775924528,300m_roundtrip_10,14.309755756908533,6.447013659412576,4.08854754387999,3,full_6dof_frozen,0.343754139295467,54.41165878726367,52.867470897887664,calibration,112.27159976959229
300m_roundtrip_10_e0003,18.808963453059977,300m_roundtrip_10,14.306050520476663,6.447090258049291,4.08854754387999,3,full_6dof_frozen,0.343754139295467,55.20810657192922,53.65189204632788,calibration,112.52159976959229
300m_roundtrip_10_e0003,19.04579889114285,300m_roundtrip_10,14.306050520476727,6.447228865984569,4.08854754387999,3,full_6dof_frozen,0.343754139295467,56.00504765045983,54.437367684251484,calibration,112.77159976959229
300m_roundtrip_10_e0003,19.282531210789227,300m_roundtrip_10,14.306050520476651,6.447334852468538,4.08854754387999,3,full_6dof_frozen,0.343754139295467,56.80109480817808,55.22282905948428,calibration,113.02159976959229
300m_roundtrip_10_e0003,19.519270075840346,300m_roundtrip_10,14.306050520476639,6.447506549857333,4.08854754387999,3,full_6dof_frozen,0.343754139295467,57.597172438546174,56.00819840724119,calibration,113.27159976959229
300m_roundtrip_10_e0003,19.755814797400898,300m_roundtrip_10,14.306050520476703,6.447712919969768,4.08854754387999,3,full_6dof_frozen,0.343754139295467,58.39261248077506,56.79285804374211,calibration,113.52159976959229
300m_roundtrip_10_e0003,19.992345503169147,300m_roundtrip_10,14.306050520476742,6.447436142274765,4.08854754387999,3,full_6dof_frozen,0.343754139295467,59.18823393975229,57.578162139253074,calibration,113.77159976959229
300m_roundtrip_10_e0003,20.228314515039653,300m_roundtrip_10,14.306050520476727,6.446899120591013,4.08854754387999,3,full_6dof_frozen,0.343754139295467,59.98191663267628,58.36206088828319,calibration,114.02159976959229
300m_roundtrip_10_e0003,20.464311832018996,300m_roundtrip_10,14.306050520476651,6.446491173438882,4.08854754387999,3,full_6dof_frozen,0.343754139295467,60.775657893717096,59.14585675457973,calibration,114.27159976959229
300m_roundtrip_10_e0003,20.69623832493215,300m_roundtrip_10,14.164703522148509,6.446682208367701,4.08854754387999,3,full_6dof_frozen,0.343754139295467,61.56868517621,59.9288496146836,calibration,114.52159976959229
300m_roundtrip_10_e0003,20.931911168321598,300m_roundtrip_10,14.164703522148546,6.445978677642643,4.08854754387999,3,full_6dof_frozen,0.343754139295467,62.361589432377286,60.71193425475563,calibration,114.77159976959229
300m_roundtrip_10_e0003,21.167163051819088,300m_roundtrip_10,14.164703522148546,6.4454445674687895,4.08854754387999,3,full_6dof_frozen,0.343754139295467,63.152499544303815,61.49362879990291,calibration,115.02159976959229
300m_roundtrip_10_e0003,21.40279877437245,300m_roundtrip_10,14.177372233906517,6.447082330480409,4.08854754387999,3,full_6dof_frozen,0.343754139295467,63.94131334953804,62.2728610890678,calibration,115.27159976959229
300m_roundtrip_10_e0003,21.64037538859202,300m_roundtrip_10,14.234162583107803,6.453391049224883,4.08854754387999,3,full_6dof_frozen,0.343754139295467,64.72726031577544,63.049143238777404,calibration,115.52159976959229
300m_roundtrip_10_e0003,21.878042057346686,300m_roundtrip_10,14.294709172459005,6.459036692600217,4.08854754387999,3,full_6dof_frozen,0.343754139295467,65.51357284836018,63.82626139786835,calibration,115.77159976959229
300m_roundtrip_10_e0003,22.113967736374168,300m_roundtrip_10,14.29552645481499,6.464810875106469,4.08854754387999,3,full_6dof_frozen,0.343754139295467,66.29914699875877,64.60336232567379,calibration,116.02159976959229
300m_roundtrip_10_e0003,22.349560782959117,300m_roundtrip_10,14.295526454815018,6.471275280728336,4.08854754387999,3,full_6dof_frozen,0.343754139295467,67.08301890888345,65.37861759416639,calibration,116.27159976959229
300m_roundtrip_10_e0003,22.584670195342202,300m_roundtrip_10,14.295526454815029,6.478956537054786,4.08854754387999,3,full_6dof_frozen,0.343754139295467,67.86398539136711,66.15087932096256,calibration,116.52159976959229
300m_roundtrip_10_e0003,22.820097221175953,300m_roundtrip_10,14.295526454815004,6.486801381764316,4.08854754387999,3,full_6dof_frozen,0.343754139295467,68.64551097126542,66.92417691899963,calibration,116.77159976959229
300m_roundtrip_10_e0003,23.055542632740597,300m_roundtrip_10,14.295526454815016,6.49497590859278,4.08854754387999,3,full_6dof_frozen,0.343754139295467,69.42620542595736,67.69743253809608,calibration,117.02159976959229
300m_roundtrip_10_e0003,23.29026350289973,300m_roundtrip_10,14.295526454815068,6.502518894558214,4.08854754387999,3,full_6dof_frozen,0.343754139295467,70.20527878572054,68.46892856573444,calibration,117.27159976959229
300m_roundtrip_10_e0003,23.52809277249263,300m_roundtrip_10,14.456686756502837,6.508689448704662,4.08854754387999,3,full_6dof_frozen,0.343754139295467,70.98092651196211,69.2369438934263,calibration,117.52159976959229
300m_roundtrip_10_e0003,23.757281117761394,300m_roundtrip_10,14.295526454815004,6.515701702146294,4.08854754387999,3,full_6dof_frozen,0.343754139295467,71.7571271146761,70.00612112958486,calibration,117.77159976959229
300m_roundtrip_10_e0003,23.991328814384318,300m_roundtrip_10,14.302945238726533,6.523054087366338,4.08854754387999,3,full_6dof_frozen,0.343754139295467,72.53261983664967,70.77529945007286,calibration,118.02159976959229
300m_roundtrip_10_e0003,24.228402948796973,300m_roundtrip_10,14.456686756502785,6.528739106154821,4.08854754387999,3,full_6dof_frozen,0.343754139295467,73.30619206412605,71.54244590311578,calibration,118.27159976959229
300m_roundtrip_10_e0003,24.464923526127393,300m_roundtrip_10,14.658670855523713,6.531628672428105,4.08854754387999,3,full_6dof_frozen,0.343754139295467,74.07641416089449,72.30626692630615,calibration,118.52159976959229
300m_roundtrip_10_e0003,24.69058777979034,300m_roundtrip_10,14.456686756502798,6.535749521715465,4.08854754387999,3,full_6dof_frozen,0.343754139295467,74.84714770846588,73.0712082099783,calibration,118.77159976959229
300m_roundtrip_10_e0003,24.92205440818015,300m_roundtrip_10,14.456686756502798,6.5401828202737695,4.08854754387999,3,full_6dof_frozen,0.343754139295467,75.61718009144187,73.83613632950885,calibration,119.02159976959229
300m_roundtrip_10_e0003,25.158243942471245,300m_roundtrip_10,14.658670855523713,6.543128995966316,4.08854754387999,3,full_6dof_frozen,0.343754139295467,76.38540724298059,74.59920526108534,calibration,119.27159976959229
300m_roundtrip_10_e0003,25.388877784714943,300m_roundtrip_10,14.74013617754158,6.5429854799288645,4.08854754387999,3,full_6dof_frozen,0.343754139295467,77.15002588027751,75.35866644390572,calibration,119.52159976959229
300m_roundtrip_10_e0003,25.617740719048406,300m_roundtrip_10,14.740136177541553,6.543654108469025,4.08854754387999,3,full_6dof_frozen,0.343754139295467,77.9151872334667,76.11928605807819,calibration,119.77159976959229
300m_roundtrip_10_e0003,25.850824898383397,300m_roundtrip_10,14.88760772801256,6.544523850975372,4.08854754387999,3,full_6dof_frozen,0.343754139295467,78.67970904570772,76.87992911343571,calibration,120.02159976959229
300m_roundtrip_10_e0003,26.075606351599777,300m_roundtrip_10,14.768034267616342,6.544753237278541,4.08854754387999,3,full_6dof_frozen,0.343754139295467,79.44273041018512,77.63902530968737,calibration,120.27159976959229
300m_roundtrip_10_e0003,26.30125846938521,300m_roundtrip_10,14.740136177541554,6.543125919927351,4.08854754387999,3,full_6dof_frozen,0.343754139295467,80.20198592804856,78.3943557767074,calibration,120.52159976959229
300m_roundtrip_10_e0003,26.528129627136746,300m_roundtrip_10,14.74013617754153,6.541907265937182,4.08854754387999,3,full_6dof_frozen,0.343754139295467,80.96177623719052,79.1508475008777,calibration,120.77159976959229
300m_roundtrip_10_e0003,26.755016094634225,300m_roundtrip_10,14.740136177541604,6.540924283537417,4.08854754387999,3,full_6dof_frozen,0.343754139295467,81.72094057139628,79.90733597526183,calibration,121.02159976959229
300m_roundtrip_10_e0003,26.981298083239782,300m_roundtrip_10,14.740136177541554,6.539719612741696,4.08854754387999,3,full_6dof_frozen,0.343754139295467,82.47835640702542,80.66204578513461,calibration,121.27159976959229
300m_roundtrip_10_e0003,27.206389400096832,300m_roundtrip_10,14.740136177541553,6.537899905771626,4.08854754387999,3,full_6dof_frozen,0.343754139295467,83.23247434675662,81.41347624450437,calibration,121.52159976959229
300m_roundtrip_10_e0003,27.43180075091317,300m_roundtrip_10,14.74013617754154,6.53609521769176,4.08854754387999,3,full_6dof_frozen,0.343754139295467,83.98747370761014,82.1660411316257,calibration,121.77159976959229
300m_roundtrip_10_e0003,27.65738145865899,300m_roundtrip_10,14.740136177541554,6.534496779034378,4.08854754387999,3,full_6dof_frozen,0.343754139295467,84.74293516955467,82.91887800381153,calibration,122.02159976959229
300m_roundtrip_10_e0003,27.882642671297674,300m_roundtrip_10,14.740136177541505,6.53331675452763,4.08854754387999,3,full_6dof_frozen,0.343754139295467,85.49689480754554,83.67017095552076,calibration,122.27159976959229
300m_roundtrip_10_e0003,28.107126921342328,300m_roundtrip_10,14.740136177541565,6.532857137148296,4.08854754387999,3,full_6dof_frozen,0.343754139295467,86.24748428199612,84.4180634974843,calibration,122.52159976959229
300m_roundtrip_10_e0003,28.331616350141076,300m_roundtrip_10,14.740136177541617,6.531621189613152,4.08854754387999,3,full_6dof_frozen,0.343754139295467,86.99858147608323,85.16702195699304,calibration,122.77159976959229
300m_roundtrip_10_e0003,28.560275575137947,300m_roundtrip_10,14.887607728012597,6.530436893354224,4.08854754387999,3,full_6dof_frozen,0.343754139295467,87.74910904608258,85.91596075972292,calibration,123.02159976959229
300m_roundtrip_10_e0003,28.78942999375927,300m_roundtrip_10,15.04967326222982,6.531049078430604,4.08854754387999,3,full_6dof_frozen,0.343754139295467,88.4979659296017,86.66313188343547,calibration,123.27159976959229
300m_roundtrip_10_e0003,29.009424689932718,300m_roundtrip_10,14.887607728012547,6.534602239744933,4.08854754387999,3,full_6dof_frozen,0.343754139295467,89.24386713735598,87.4073850440756,calibration,123.52159976959229
300m_roundtrip_10_e0003,29.2385637884028,300m_roundtrip_10,15.049673262229808,6.537438859757641,4.08854754387999,3,full_6dof_frozen,0.343754139295467,89.98956700191955,88.15235068494913,calibration,123.77159976959229
300m_roundtrip_10_e0003,35.087879036608314,300m_roundtrip_10,80.9985601159199,8.34925221029384,4.08854754387999,3,planar_frozen,0.343754139295467,102.0469179653902,98.92929297615387,calibration,58.271599769592285
300m_roundtrip_10_e0003,34.93217492877524,300m_roundtrip_10,80.99856011592058,8.316187647626382,4.08854754387999,3,planar_frozen,0.343754139295467,101.57432309763134,98.44217747531358,calibration,58.521599769592285
300m_roundtrip_10_e0003,34.729321085935254,300m_roundtrip_10,79.45632768771378,8.278788659501098,4.08854754387999,3,planar_frozen,0.343754139295467,101.09515275214284,97.9501439990487,calibration,58.771599769592285
300m_roundtrip_10_e0003,34.37391702530208,300m_roundtrip_10,72.55521725212006,8.243034869489131,4.08854754387999,3,planar_frozen,0.343754139295467,100.61650163866385,97.45791182201275,calibration,59.021599769592285
300m_roundtrip_10_e0003,34.0123674841296,300m_roundtrip_10,65.38432406557448,8.208764989000114,4.08854754387999,3,planar_frozen,0.343754139295467,100.14189330144772,96.96899806460378,calibration,59.271599769592285
300m_roundtrip_10_e0003,33.66626982988745,300m_roundtrip_10,58.8113720193261,8.177497060772426,4.08854754387999,3,planar_frozen,0.343754139295467,99.65840354061635,96.47136103698556,calibration,59.521599769592285
300m_roundtrip_10_e0003,33.435622497287476,300m_roundtrip_10,56.32267549056037,8.146684604357835,4.08854754387999,3,planar_frozen,0.343754139295467,99.16907254184382,95.96967204293428,calibration,59.771599769592285
300m_roundtrip_10_e0003,33.08412606566033,300m_roundtrip_10,49.57837775728663,8.117941667964992,4.08854754387999,3,planar_frozen,0.343754139295467,98.68023603350747,95.46798413770816,calibration,60.021599769592285
300m_roundtrip_10_e0003,32.727262084265774,300m_roundtrip_10,42.59263784777483,8.090714004745402,4.08854754387999,3,planar_frozen,0.343754139295467,98.19530688672324,94.9694710870428,calibration,60.271599769592285
300m_roundtrip_10_e0003,32.38586104406877,300m_roundtrip_10,36.18501120892009,8.067609169473835,4.08854754387999,3,planar_frozen,0.343754139295467,97.70217351114086,94.462915866757,calibration,60.521599769592285
300m_roundtrip_10_e0003,32.10882397045733,300m_roundtrip_10,32.03469195837518,8.04806204673965,4.08854754387999,3,planar_frozen,0.343754139295467,97.20317366499711,93.95271170973984,calibration,60.771599769592285
300m_roundtrip_10_e0003,32.12673772548198,300m_roundtrip_10,38.19037617663192,8.03022427720949,4.08854754387999,3,planar_frozen,0.343754139295467,96.70420270301466,93.44211212198698,calibration,61.021599769592285
300m_roundtrip_10_e0003,32.17622345146298,300m_roundtrip_10,45.39767877266715,8.013975126916822,4.08854754387999,3,planar_frozen,0.343754139295467,96.20904999623409,92.93458436586023,calibration,61.271599769592285
300m_roundtrip_10_e0003,32.20793951794637,300m_roundtrip_10,52.05533095017525,7.99913580942971,4.08854754387999,3,planar_frozen,0.343754139295467,95.70532113948065,92.41866815425031,calibration,61.521599769592285
300m_roundtrip_10_e0003,32.169127882152075,300m_roundtrip_10,56.23165267493387,7.989476504288197,4.08854754387999,3,planar_frozen,0.343754139295467,95.19519451962465,91.89915473785815,calibration,61.771599769592285
300m_roundtrip_10_e0003,31.939323756421327,300m_roundtrip_10,53.70737682413778,7.981014752280946,4.08854754387999,3,planar_frozen,0.343754139295467,94.6856693875727,91.37961043107046,calibration,62.021599769592285
300m_roundtrip_10_e0003,31.55199801533684,300m_roundtrip_10,45.61456101286231,7.974215644734325,4.08854754387999,3,planar_frozen,0.343754139295467,94.18009378350585,90.8632179180604,calibration,62.271599769592285
300m_roundtrip_10_e0003,31.340786757682636,300m_roundtrip_10,43.81890751000482,7.964130191184345,4.08854754387999,3,planar_frozen,0.343754139295467,93.66538503108688,90.33784702422848,calibration,62.521599769592285
300m_roundtrip_10_e0003,31.1807133656248,300m_roundtrip_10,43.818907510006056,7.957433401040491,4.08854754387999,3,planar_frozen,0.343754139295467,93.14426887453206,89.80919945912296,calibration,62.771599769592285
300m_roundtrip_10_e0003,31.020720479146185,300m_roundtrip_10,43.81890751000446,7.951108729227533,4.08854754387999,3,planar_frozen,0.343754139295467,92.62342350657407,89.28019883039738,calibration,63.021599769592285
300m_roundtrip_10_e0003,30.86216955247533,300m_roundtrip_10,43.81890751000448,7.9463027980904375,4.08854754387999,3,planar_frozen,0.343754139295467,92.10621174488654,88.75405996311534,calibration,63.271599769592285
300m_roundtrip_10_e0003,30.72828270128813,300m_roundtrip_10,44.83534141274191,7.936940745584796,4.08854754387999,3,planar_frozen,0.343754139295467,91.57937205925596,88.21844412758917,calibration,63.521599769592285
300m_roundtrip_10_e0003,30.60857754534869,300m_roundtrip_10,46.38384265645588,7.928071798641327,4.08854754387999,3,planar_frozen,0.343754139295467,91.04578296361463,87.68028001056403,calibration,63.771599769592285
300m_roundtrip_10_e0003,30.4436651325609,300m_roundtrip_10,46.38384265645625,7.917256335003833,4.08854754387999,3,planar_frozen,0.343754139295467,90.51127455185137,87.14099792523581,calibration,64.02159976959229
300m_roundtrip_10_e0003,30.2801803444478,300m_roundtrip_10,46.383842656456224,7.9079113408326895,4.08854754387999,3,planar_frozen,0.343754139295467,89.98045031122261,86.60456109526994,calibration,64.27159976959229
300m_roundtrip_10_e0003,30.056719314244024,300m_roundtrip_10,44.444080817405585,7.893462280725353,4.08854754387999,3,planar_frozen,0.343754139295467,89.44003324434343,86.05865507868631,calibration,64.52159976959229
300m_roundtrip_10_e0003,29.751866539178124,300m_roundtrip_10,39.72528744638568,7.876722410021117,4.08854754387999,3,planar_frozen,0.343754139295467,88.89329695164238,85.5097724729315,calibration,64.77159976959229
300m_roundtrip_10_e0003,29.58082584189333,300m_roundtrip_10,39.725287446385735,7.857769336629701,4.08854754387999,3,planar_frozen,0.343754139295467,88.34619664713321,84.9597075944145,calibration,65.02159976959229
300m_roundtrip_10_e0003,29.411206875825226,300m_roundtrip_10,39.72528744638569,7.840359415224877,4.08854754387999,3,planar_frozen,0.343754139295467,87.80269810403726,84.41237857129664,calibration,65.27159976959229
300m_roundtrip_10_e0003,29.30192672583704,300m_roundtrip_10,42.00270807877868,7.816822647641726,4.08854754387999,3,planar_frozen,0.343754139295467,87.25028320557183,83.85606741193278,calibration,65.52159976959229
300m_roundtrip_10_e0003,29.120258630099894,300m_roundtrip_10,41.88653571786308,7.785348631486325,4.08854754387999,3,planar_frozen,0.343754139295467,86.69156606127343,83.29613825054797,calibration,65.77159976959229
300m_roundtrip_10_e0003,28.94276395455842,300m_roundtrip_10,41.88653571786304,7.7567100571892125,4.08854754387999,3,planar_frozen,0.343754139295467,86.13360739871047,82.73537516128394,calibration,66.02159976959229
300m_roundtrip_10_e0003,28.766763776410514,300m_roundtrip_10,41.88653571786286,7.7299935658007906,4.08854754387999,3,planar_frozen,0.343754139295467,85.57915021703175,82.17713034703117,calibration,66.27159976959229
300m_roundtrip_10_e0003,28.587012066276536,300m_roundtrip_10,41.88653571786304,7.70032114246835,4.08854754387999,3,planar_frozen,0.343754139295467,85.01542647095236,81.60968770828832,calibration,66.52159976959229
300m_roundtrip_10_e0003,28.36914119145105,300m_roundtrip_10,40.687396938392936,7.663986200545667,4.08854754387999,3,planar_frozen,0.343754139295467,84.44322840741455,81.03829614239193,calibration,66.77159976959229
300m_roundtrip_10_e0003,28.185803141060084,300m_roundtrip_10,40.68739693839301,7.62859109694921,4.08854754387999,3,planar_frozen,0.343754139295467,83.87136243286625,80.46653071703865,calibration,67.02159976959229
300m_roundtrip_10_e0003,28.003825187338904,300m_roundtrip_10,40.68739693839254,7.594769271566544,4.08854754387999,3,planar_frozen,0.343754139295467,83.30288211327351,79.89725081720032,calibration,67.27159976959229
300m_roundtrip_10_e0003,27.819258997086642,300m_roundtrip_10,40.68739693839278,7.560810803340912,4.08854754387999,3,planar_frozen,0.343754139295467,82.7257929690129,79.31956188511198,calibration,67.52159976959229
300m_roundtrip_10_e0003,27.631762008407833,300m_roundtrip_10,40.68739693839274,7.522528376476441,4.08854754387999,3,planar_frozen,0.343754139295467,82.1408248177163,78.73836506214035,calibration,67.77159976959229
300m_roundtrip_10_e0003,27.444849877967535,300m_roundtrip_10,40.687396938392574,7.486558961376055,4.08854754387999,3,planar_frozen,0.343754139295467,81.55555071675401,78.15639048558735,calibration,68.02159976959229
300m_roundtrip_10_e0003,27.259303494567682,300m_roundtrip_10,40.68739693839267,7.452244340767579,4.08854754387999,3,planar_frozen,0.343754139295467,80.9735768514708,77.57683653557713,calibration,68.27159976959229
300m_roundtrip_10_e0003,27.07197122386747,300m_roundtrip_10,40.68739693839297,7.419613589395885,4.08854754387999,3,planar_frozen,0.343754139295467,80.38361431214392,76.98954103735898,calibration,68.52159976959229
300m_roundtrip_10_e0003,26.85743082385814,300m_roundtrip_10,39.779100290431685,7.3878252567804035,4.08854754387999,3,planar_frozen,0.343754139295467,79.78524924038709,76.39875879154435,calibration,68.77159976959229
300m_roundtrip_10_e0003,26.650781575132974,300m_roundtrip_10,39.12168489816408,7.358477139706978,4.08854754387999,3,planar_frozen,0.343754139295467,79.18706887933331,75.80743274151078,calibration,69.02159976959229
300m_roundtrip_10_e0003,26.45553734449039,300m_roundtrip_10,38.81699079842382,7.330857628572561,4.08854754387999,3,planar_frozen,0.343754139295467,78.59193708976946,75.21833773017146,calibration,69.27159976959229
300m_roundtrip_10_e0003,26.26782678414619,300m_roundtrip_10,38.81699079842387,7.307133479052649,4.08854754387999,3,planar_frozen,0.343754139295467,77.98830922055222,74.62113911225893,calibration,69.52159976959229
300m_roundtrip_10_e0003,26.080357648508663,300m_roundtrip_10,38.8169907984239,7.28798896797162,4.08854754387999,3,planar_frozen,0.343754139295467,77.37694530544941,74.02138291009108,calibration,69.77159976959229
300m_roundtrip_10_e0003,25.893294255709595,300m_roundtrip_10,38.816990798423944,7.270263288221607,4.08854754387999,3,planar_frozen,0.343754139295467,76.76583356382942,73.42116461648907,calibration,70.02159976959229
300m_roundtrip_10_e0003,25.70757162607743,300m_roundtrip_10,38.816990798423774,7.254312028542545,4.08854754387999,3,planar_frozen,0.343754139295467,76.15776457891455,72.82317139358415,calibration,70.27159976959229
300m_roundtrip_10_e0003,25.482179097247624,300m_roundtrip_10,37.49406477341954,7.24009331975558,4.08854754387999,3,planar_frozen,0.343754139295467,75.54119956123749,72.21717853839537,calibration,70.52159976959229
300m_roundtrip_10_e0003,25.254512074146334,300m_roundtrip_10,36.07592897031608,7.2313305953633185,4.08854754387999,3,planar_frozen,0.343754139295467,74.91637592195909,71.60845061219666,calibration,70.77159976959229
300m_roundtrip_10_e0003,25.02908669871362,300m_roundtrip_10,34.72482091685258,7.223762389855152,4.08854754387999,3,planar_frozen,0.343754139295467,74.29177664949809,70.99925248331962,calibration,71.02159976959229
300m_roundtrip_10_e0003,24.80686483111786,300m_roundtrip_10,33.44450959595358,7.217806408535162,4.08854754387999,3,planar_frozen,0.343754139295467,73.66979624682435,70.39196159948231,calibration,71.27159976959229
300m_roundtrip_10_e0003,24.603370643819037,300m_roundtrip_10,32.93456168744845,7.2095654589454385,4.08854754387999,3,planar_frozen,0.343754139295467,73.03906453201562,69.77644113759047,calibration,71.52159976959229
300m_roundtrip_10_e0003,24.371084781506827,300m_roundtrip_10,31.42905140706587,7.204289672991396,4.08854754387999,3,planar_frozen,0.343754139295467,72.40003858995752,69.15839067084602,calibration,71.77159976959229
300m_roundtrip_10_e0003,24.150652561222508,300m_roundtrip_10,30.344544445951946,7.199129581835077,4.08854754387999,3,planar_frozen,0.343754139295467,71.76070717813889,68.53942499313435,calibration,72.02159976959229
300m_roundtrip_10_e0003,23.965007212494918,300m_roundtrip_10,30.43932964839628,7.195367458581986,4.08854754387999,3,planar_frozen,0.343754139295467,71.12392432371726,67.92231913892272,calibration,72.27159976959229
300m_roundtrip_10_e0003,23.83693364671683,300m_roundtrip_10,32.67704294260072,7.188467168666538,4.08854754387999,3,planar_frozen,0.343754139295467,70.47807025429454,67.29670550019256,calibration,72.52159976959229
300m_roundtrip_10_e0003,23.598713526907485,300m_roundtrip_10,31.085265023396552,7.180518516952202,4.08854754387999,3,planar_frozen,0.343754139295467,69.83147036128817,66.66954944610683,calibration,72.77159976959229
300m_roundtrip_10_e0003,23.404680220923872,300m_roundtrip_10,31.085265023396587,7.169645840693782,4.08854754387999,3,planar_frozen,0.343754139295467,69.1844942188709,66.04099211449477,calibration,73.02159976959229
300m_roundtrip_10_e0003,23.20147036848267,300m_roundtrip_10,30.725079214429428,7.160196468992082,4.08854754387999,3,planar_frozen,0.343754139295467,68.54012841396087,65.41432982314667,calibration,73.27159976959229
300m_roundtrip_10_e0003,22.99948049422038,300m_roundtrip_10,30.530004876192088,7.147715970426161,4.08854754387999,3,planar_frozen,0.343754139295467,67.88714796815404,64.77953926828717,calibration,73.52159976959229
300m_roundtrip_10_e0003,22.79945957963198,300m_roundtrip_10,30.530004876192088,7.129529284354244,4.08854754387999,3,planar_frozen,0.343754139295467,67.22429462697245,64.14117250938915,calibration,73.77159976959229
300m_roundtrip_10_e0003,22.59838751764171,300m_roundtrip_10,30.530004876192063,7.109036716649097,4.08854754387999,3,planar_frozen,0.343754139295467,66.56100970050444,63.50160894218042,calibration,74.02159976959229
300m_roundtrip_10_e0003,22.36904920490147,300m_roundtrip_10,29.498360232545245,7.090403151605027,4.08854754387999,3,planar_frozen,0.343754139295467,65.90012325255783,62.86379435042787,calibration,74.27159976959229
300m_roundtrip_10_e0003,22.15833981486154,300m_roundtrip_10,29.377252987185294,7.0591008201144785,4.08854754387999,3,planar_frozen,0.343754139295467,65.22631449456823,62.2166233667587,calibration,74.52159976959229
300m_roundtrip_10_e0003,21.947646060572715,300m_roundtrip_10,29.377252987185344,7.021505207109063,4.08854754387999,3,planar_frozen,0.343754139295467,64.5442455460975,61.56684842455896,calibration,74.77159976959229
300m_roundtrip_10_e0003,21.739673733599748,300m_roundtrip_10,29.377252987185344,6.995715111139264,4.08854754387999,3,planar_frozen,0.343754139295467,63.85477817721847,60.914703967416635,calibration,75.02159976959229
300m_roundtrip_10_e0003,21.532631190330136,300m_roundtrip_10,29.377252987185393,6.971435727776692,4.08854754387999,3,planar_frozen,0.343754139295467,63.16699137902972,60.26385028910056,calibration,75.27159976959229
300m_roundtrip_10_e0003,21.321700384792464,300m_roundtrip_10,29.37725298718518,6.943121035337834,4.08854754387999,3,planar_frozen,0.343754139295467,62.470258709354965,59.604753750314394,calibration,75.52159976959229
300m_roundtrip_10_e0003,21.10960716049402,300m_roundtrip_10,29.377252987185308,6.912939496942051,4.08854754387999,3,planar_frozen,0.343754139295467,61.77215126931935,58.943643912832904,calibration,75.77159976959229
300m_roundtrip_10_e0003,20.897302263282658,300m_roundtrip_10,29.3772529871852,6.883005162482117,4.08854754387999,3,planar_frozen,0.343754139295467,61.07379242056476,58.281189408586656,calibration,76.02159976959229
300m_roundtrip_10_e0003,20.663905495879902,300m_roundtrip_10,28.6054206617838,6.854600295456015,4.08854754387999,3,planar_frozen,0.343754139295467,60.37722582170987,57.620092076815446,calibration,76.27159976959229
300m_roundtrip_10_e0003,20.445494477957595,300m_roundtrip_10,28.44876811060157,6.826151576825125,4.08854754387999,3,planar_frozen,0.343754139295467,59.671518486794966,56.95068412159601,calibration,76.52159976959229
300m_roundtrip_10_e0003,20.231606597114723,300m_roundtrip_10,28.448768110601552,6.799206111317361,4.08854754387999,3,planar_frozen,0.343754139295467,58.96480530938444,56.27951041526652,calibration,76.77159976959229
300m_roundtrip_10_e0003,20.01860785260639,300m_roundtrip_10,28.448768110601534,6.775235227694682,4.08854754387999,3,planar_frozen,0.343754139295467,58.25850882246342,55.60761640888982,calibration,77.02159976959229
300m_roundtrip_10_e0003,19.806513860633814,300m_roundtrip_10,28.44876811060137,6.7527974055939595,4.08854754387999,3,planar_frozen,0.343754139295467,57.553785562900174,54.93690444897648,calibration,77.27159976959229
300m_roundtrip_10_e0003,19.59292198479095,300m_roundtrip_10,28.44876811060156,6.733241619475571,4.08854754387999,3,planar_frozen,0.343754139295467,56.84026100778222,54.258300324185086,calibration,77.52159976959229
300m_roundtrip_10_e0003,19.37996101698021,300m_roundtrip_10,28.44876811060159,6.716676635048635,4.08854754387999,3,planar_frozen,0.343754139295467,56.126040555169034,53.57821401881622,calibration,77.77159976959229
300m_roundtrip_10_e0003,19.168210390203736,300m_roundtrip_10,28.448768110601502,6.703784842611402,4.08854754387999,3,planar_frozen,0.343754139295467,55.41260261636877,52.8976661750627,calibration,78.02159976959229
300m_roundtrip_10_e0003,18.957357171566404,300m_roundtrip_10,28.44876811060148,6.692432751800646,4.08854754387999,3,planar_frozen,0.343754139295467,54.70071483052526,52.21826412614905,calibration,78.27159976959229
300m_roundtrip_10_e0003,18.745115864671206,300m_roundtrip_10,28.448768110601456,6.684340269845286,4.08854754387999,3,planar_frozen,0.343754139295467,53.97989775993048,51.530953596896055,calibration,78.52159976959229
300m_roundtrip_10_e0003,18.505814221691054,300m_roundtrip_10,27.47910254411255,6.679203951280563,4.08854754387999,3,planar_frozen,0.343754139295467,53.25848487033927,50.84223601008766,calibration,78.77159976959229
300m_roundtrip_10_e0003,18.29495594336903,300m_roundtrip_10,27.47910254411252,6.676375858934124,4.08854754387999,3,planar_frozen,0.343754139295467,52.53782668970251,50.15298719603999,calibration,79.02159976959229
300m_roundtrip_10_e0003,18.085042088897968,300m_roundtrip_10,27.47910254411262,6.675137298279024,4.08854754387999,3,planar_frozen,0.343754139295467,51.81884729443312,49.46497188907785,calibration,79.27159976959229
300m_roundtrip_10_e0003,17.820590175065025,300m_roundtrip_10,25.66870627661256,6.673092263400127,4.08854754387999,3,planar_frozen,0.343754139295467,51.09069708267017,48.76882385547375,calibration,79.52159976959229
300m_roundtrip_10_e0003,17.587414856125594,300m_roundtrip_10,24.9614716426591,6.671914108408414,4.08854754387999,3,planar_frozen,0.343754139295467,50.36131587906518,48.070634973368136,calibration,79.77159976959229
300m_roundtrip_10_e0003,17.33464457492781,300m_roundtrip_10,23.554123689080612,6.672067452425073,4.08854754387999,3,planar_frozen,0.343754139295467,49.63268724117316,47.37189202061823,calibration,80.02159976959229
300m_roundtrip_10_e0003,17.08451493416162,300m_roundtrip_10,22.21731974930774,6.67295004511821,4.08854754387999,3,planar_frozen,0.343754139295467,48.90564035538735,46.67426826325441,calibration,80.27159976959229
300m_roundtrip_10_e0003,16.865685813179383,300m_roundtrip_10,22.057473508590157,6.670719181537153,4.08854754387999,3,planar_frozen,0.343754139295467,48.17386237182139,45.97256493333998,calibration,80.52159976959229
300m_roundtrip_10_e0003,16.61534454057325,300m_roundtrip_10,20.797268050705554,6.66829663453544,4.08854754387999,3,planar_frozen,0.343754139295467,47.44256016863055,45.2705766013673,calibration,80.77159976959229
300m_roundtrip_10_e0003,16.40029192305297,300m_roundtrip_10,20.784088037764256,6.665512432638973,4.08854754387999,3,planar_frozen,0.343754139295467,46.71157441135894,44.567329587887436,calibration,81.02159976959229
300m_roundtrip_10_e0003,16.18643800742646,300m_roundtrip_10,20.784088037764167,6.663728518025887,4.08854754387999,3,planar_frozen,0.343754139295467,45.98254997296193,43.86554541997521,calibration,81.27159976959229
300m_roundtrip_10_e0003,15.968038434745726,300m_roundtrip_10,20.784088037764192,6.656239817698196,4.08854754387999,3,planar_frozen,0.343754139295467,45.244205859948266,43.155200780291196,calibration,81.52159976959229
300m_roundtrip_10_e0003,15.726671129062787,300m_roundtrip_10,20.02356979027659,6.646644475361792,4.08854754387999,3,planar_frozen,0.343754139295467,44.504708786478794,42.44275048976537,calibration,81.77159976959229
300m_roundtrip_10_e0003,15.505843695384726,300m_roundtrip_10,20.023569790276486,6.634165181529062,4.08854754387999,3,planar_frozen,0.343754139295467,43.76546496476999,41.729034055284025,calibration,82.02159976959229
300m_roundtrip_10_e0003,15.28386820589149,300m_roundtrip_10,20.023569790276497,6.61816830295233,4.08854754387999,3,planar_frozen,0.343754139295467,43.026584051347875,41.015258528823466,calibration,82.27159976959229
300m_roundtrip_10_e0003,15.05474380411504,300m_roundtrip_10,20.023569790276497,6.588832079948926,4.08854754387999,3,planar_frozen,0.343754139295467,42.27836236783662,40.292641066702515,calibration,82.52159976959229
300m_roundtrip_10_e0003,14.789982236057948,300m_roundtrip_10,18.617401898613878,6.579224255814169,4.08854754387999,3,planar_frozen,0.343754139295467,41.52372872088991,39.56304421749538,calibration,82.77159976959229
300m_roundtrip_10_e0003,14.519293504290031,300m_roundtrip_10,17.077635573837973,6.564663845267516,4.08854754387999,3,planar_frozen,0.343754139295467,40.76873308001998,38.83133234782697,calibration,83.02159976959229
300m_roundtrip_10_e0003,14.239718512264535,300m_roundtrip_10,15.211259067899778,6.550593297078192,4.08854754387999,3,planar_frozen,0.343754139295467,40.015093572545894,38.100353270219436,calibration,83.27159976959229
300m_roundtrip_10_e0003,14.013506163040008,300m_roundtrip_10,15.211259067899888,6.539771238714655,4.08854754387999,3,planar_frozen,0.343754139295467,39.25815649611371,37.3657968262521,calibration,83.52159976959229
300m_roundtrip_10_e0003,13.787159644017624,300m_roundtrip_10,15.211259067899853,6.529012167754194,4.08854754387999,3,planar_frozen,0.343754139295467,38.501496096483564,36.63032621588937,calibration,83.77159976959229
300m_roundtrip_10_e0003,13.547870439178237,300m_roundtrip_10,14.791554541175675,6.516260386665087,4.08854754387999,3,planar_frozen,0.343754139295467,37.74507193368866,35.89330303110376,calibration,84.02159976959229
300m_roundtrip_10_e0003,13.306742775632342,300m_roundtrip_10,14.292062178217606,6.503956058373371,4.08854754387999,3,planar_frozen,0.343754139295467,36.99010238609591,35.15701275284133,calibration,84.27159976959229
300m_roundtrip_10_e0003,13.079939036297912,300m_roundtrip_10,14.292062178217371,6.4947678987503945,4.08854754387999,3,planar_frozen,0.343754139295467,36.23221706367555,34.41725031675102,calibration,84.52159976959229
300m_roundtrip_10_e0003,12.858277029645029,300m_roundtrip_10,14.459300731639024,6.486745868197715,4.08854754387999,3,planar_frozen,0.343754139295467,35.47514298400886,33.67695615232371,calibration,84.77159976959229
300m_roundtrip_10_e0003,12.631957753780693,300m_roundtrip_10,14.459300731638972,6.47943727444856,4.08854754387999,3,planar_frozen,0.343754139295467,34.71892889815384,32.93564780551147,calibration,85.02159976959229
300m_roundtrip_10_e0003,12.401300710147364,300m_roundtrip_10,14.292062178217503,6.4726138395759465,4.08854754387999,3,planar_frozen,0.343754139295467,33.96421071382564,32.194985292880624,calibration,85.27159976959229
300m_roundtrip_10_e0003,12.17506711164074,300m_roundtrip_10,14.292062178217773,6.46756815329966,4.08854754387999,3,planar_frozen,0.343754139295467,33.20684149045435,31.45091138916026,calibration,85.52159976959229
300m_roundtrip_10_e0003,11.94947955222193,300m_roundtrip_10,14.292062178217815,6.464329664679448,4.08854754387999,3,planar_frozen,0.343754139295467,32.45065357240735,30.706465032123408,calibration,85.77159976959229
300m_roundtrip_10_e0003,11.724822203155417,300m_roundtrip_10,14.29206217821758,6.463654541653874,4.08854754387999,3,planar_frozen,0.343754139295467,31.696096681024777,29.961581937524773,calibration,86.02159976959229
300m_roundtrip_10_e0003,11.500629823454316,300m_roundtrip_10,14.292062178217762,6.463456224049398,4.08854754387999,3,planar_frozen,0.343754139295467,30.943249704005993,29.217374056869428,calibration,86.27159976959229
300m_roundtrip_10_e0003,11.275615784917603,300m_roundtrip_10,14.292062178217712,6.463699782355949,4.08854754387999,3,planar_frozen,0.343754139295467,30.187870205356347,28.469587682999773,calibration,86.52159976959229
300m_roundtrip_10_e0003,11.051021205176003,300m_roundtrip_10,14.292062178217645,6.464856493505547,4.08854754387999,3,planar_frozen,0.343754139295467,29.434084746260027,27.721579661923954,calibration,86.77159976959229
300m_roundtrip_10_e0003,10.826896556274551,300m_roundtrip_10,14.292062178217607,6.466935316045106,4.08854754387999,3,planar_frozen,0.343754139295467,28.682490956844884,26.97328860789168,calibration,87.02159976959229
300m_roundtrip_10_e0003,10.603277985835902,300m_roundtrip_10,14.292062178217712,6.4691896917572285,4.08854754387999,3,planar_frozen,0.343754139295467,27.93330693190518,26.22603047531473,calibration,87.27159976959229
300m_roundtrip_10_e0003,10.37800194514472,300m_roundtrip_10,14.292062178217774,6.4698150717283465,4.08854754387999,3,planar_frozen,0.343754139295467,27.18132022089149,25.474601327413776,calibration,87.52159976959229
300m_roundtrip_10_e0003,10.139085154295744,300m_roundtrip_10,13.79106092194898,6.4707764888947406,4.08854754387999,3,planar_frozen,0.343754139295467,26.432288689410647,24.72450238500374,calibration,87.77159976959229
300m_roundtrip_10_e0003,9.915878239024208,300m_roundtrip_10,13.791060921949164,6.472559253940088,4.08854754387999,3,planar_frozen,0.343754139295467,25.687942539696547,23.9776696084275,calibration,88.02159976959229
300m_roundtrip_10_e0003,9.693366027865682,300m_roundtrip_10,13.791060921948862,6.474554707620691,4.08854754387999,3,planar_frozen,0.343754139295467,24.946930465845142,23.232288833426274,calibration,88.27159976959229
300m_roundtrip_10_e0003,9.456320498424663,300m_roundtrip_10,13.365632874068716,6.472701228736731,4.08854754387999,3,planar_frozen,0.343754139295467,24.203581380353818,22.48260029585156,calibration,88.52159976959229
300m_roundtrip_10_e0003,9.214922607988662,300m_roundtrip_10,12.785548574115083,6.4704423598761736,4.08854754387999,3,planar_frozen,0.343754139295467,23.46300136912543,21.732534816427677,calibration,88.77159976959229
300m_roundtrip_10_e0003,8.985561492301732,300m_roundtrip_10,12.602930433480662,6.468961684553887,4.08854754387999,3,planar_frozen,0.343754139295467,22.726429769036848,20.982571136046047,calibration,89.02159976959229
300m_roundtrip_10_e0003,8.762389852954918,300m_roundtrip_10,12.602930433480662,6.468104209314228,4.08854754387999,3,planar_frozen,0.343754139295467,21.994172838847977,20.234270529805844,calibration,89.27159976959229
300m_roundtrip_10_e0003,8.537166333162249,300m_roundtrip_10,12.60293043348066,6.463726774996208,4.08854754387999,3,planar_frozen,0.343754139295467,21.26115745855276,19.481956344853476,calibration,89.52159976959229
300m_roundtrip_10_e0003,8.29311755687742,300m_roundtrip_10,12.03982201158019,6.452105792742305,4.08854754387999,3,planar_frozen,0.343754139295467,20.531311101932804,18.726448005767306,calibration,89.77159976959229
300m_roundtrip_10_e0003,8.03334226795062,300m_roundtrip_10,10.860951573347261,6.445299728574933,4.08854754387999,3,planar_frozen,0.343754139295467,19.806303161695084,17.96982903413582,calibration,90.02159976959229
300m_roundtrip_10_e0003,7.800347732978292,300m_roundtrip_10,10.576611249248291,6.441105411089323,4.08854754387999,3,planar_frozen,0.343754139295467,19.086167569806975,17.212534730660774,calibration,90.27159976959229
300m_roundtrip_10_e0003,7.574428791005149,300m_roundtrip_10,10.576611249248291,6.435011795146031,4.08854754387999,3,planar_frozen,0.343754139295467,18.368207927986507,16.452075868277447,calibration,90.52159976959229
300m_roundtrip_10_e0003,7.334457574679199,300m_roundtrip_10,10.044212593790128,6.428767438929892,4.08854754387999,3,planar_frozen,0.343754139295467,17.658395649215723,15.693590137173059,calibration,90.77159976959229
300m_roundtrip_10_e0003,7.088983639830098,300m_roundtrip_10,9.245635264003019,6.422943354056246,4.08854754387999,3,planar_frozen,0.343754139295467,16.958791869549625,14.939811636567216,calibration,91.02159976959229
300m_roundtrip_10_e0003,6.85708978584217,300m_roundtrip_10,8.861950792642464,6.417300546404288,4.08854754387999,3,planar_frozen,0.343754139295467,16.26909425889894,14.18940791871007,calibration,91.27159976959229
300m_roundtrip_10_e0003,6.635495531565169,300m_roundtrip_10,8.800632215631811,6.412507702614348,4.08854754387999,3,planar_frozen,0.343754139295467,15.587782562481253,13.438840365232954,calibration,91.52159976959229
300m_roundtrip_10_e0003,6.4179179095721794,300m_roundtrip_10,8.800632215631811,6.407897196635321,4.08854754387999,3,planar_frozen,0.343754139295467,14.920137351797896,12.692459037241395,calibration,91.77159976959229
300m_roundtrip_10_e0003,6.194825357189558,300m_roundtrip_10,8.515877283889331,6.40255900570897,4.08854754387999,3,planar_frozen,0.343754139295467,14.268049385178388,11.952616519478504,calibration,92.02159976959229
300m_roundtrip_10_e0003,5.977293796301202,300m_roundtrip_10,8.321019662251791,6.397449734518588,4.08854754387999,3,planar_frozen,0.343754139295467,13.63262832820162,11.21902149860016,calibration,92.27159976959229
300m_roundtrip_10_e0003,5.761292236665117,300m_roundtrip_10,8.038807647087124,6.395558992603773,4.08854754387999,3,planar_frozen,0.343754139295467,13.015939638481697,10.49082528397076,calibration,92.52159976959229
300m_roundtrip_10_e0003,5.553560318582408,300m_roundtrip_10,7.8922852372666705,6.394086640511103,4.08854754387999,3,planar_frozen,0.343754139295467,12.422945450017771,9.772048480775121,calibration,92.77159976959229
300m_roundtrip_10_e0003,5.354605784036911,300m_roundtrip_10,7.892285237266648,6.391119602253347,4.08854754387999,3,planar_frozen,0.343754139295467,11.856186216036537,9.06560048880119,calibration,93.02159976959229
300m_roundtrip_10_e0003,5.1529819368942125,300m_roundtrip_10,7.591643829071485,6.388324945025172,4.08854754387999,3,planar_frozen,0.343754139295467,11.319034751333962,8.373663520085247,calibration,93.27159976959229
300m_roundtrip_10_e0003,4.963429123682826,300m_roundtrip_10,7.422495473896428,6.389090827872913,4.08854754387999,3,planar_frozen,0.343754139295467,10.817417259216505,7.699595779413441,calibration,93.52159976959229
300m_roundtrip_10_e0003,4.784892841004172,300m_roundtrip_10,7.316005445872998,6.390350011620145,4.08854754387999,3,planar_frozen,0.343754139295467,10.357360947905942,7.050056743242934,calibration,93.77159976959229
300m_roundtrip_10_e0003,4.6199404305370635,300m_roundtrip_10,7.316005445872998,6.3905347800040495,4.08854754387999,3,planar_frozen,0.343754139295467,9.94257788168675,6.4323782767104785,calibration,94.02159976959229
300m_roundtrip_10_e0003,4.468423106345345,300m_roundtrip_10,7.316005445873048,6.390881145684043,4.08854754387999,3,planar_frozen,0.343754139295467,9.578810407794581,5.8560981165646435,calibration,94.27159976959229
300m_roundtrip_10_e0003,4.334246477044614,300m_roundtrip_10,7.316005445873074,6.392555140137216,4.08854754387999,3,planar_frozen,0.343754139295467,9.274183698846347,5.3347383337798115,calibration,94.52159976959229
300m_roundtrip_10_e0003,4.2198908199045375,300m_roundtrip_10,7.257232384865152,6.394551973867804,4.08854754387999,3,planar_frozen,0.343754139295467,9.035625149855997,4.887307417929518,calibration,94.77159976959229
300m_roundtrip_10_e0003,4.133049828220144,300m_roundtrip_10,7.257232384865077,6.3962035318537875,4.08854754387999,3,planar_frozen,0.343754139295467,8.86569116578486,4.535316854899823,calibration,95.02159976959229
300m_roundtrip_10_e0003,4.077173697821138,300m_roundtrip_10,7.257232384865152,6.397981222963245,4.08854754387999,3,planar_frozen,0.343754139295467,8.768399259507113,4.301619337527895,calibration,95.27159976959229
300m_roundtrip_10_e0003,4.056671682475018,300m_roundtrip_10,7.257232384865202,6.3998757111317435,4.08854754387999,3,planar_frozen,0.343754139295467,8.747970896492948,4.206165962023538,calibration,95.52159976959229
300m_roundtrip_10_e0003,4.073822766417578,300m_roundtrip_10,7.257232384865152,6.401968324650745,4.08854754387999,3,planar_frozen,0.343754139295467,8.806002329297767,4.259417976135599,calibration,95.77159976959229
300m_roundtrip_10_e0003,4.127032249538179,300m_roundtrip_10,7.257232384865051,6.404182426315656,4.08854754387999,3,planar_frozen,0.343754139295467,8.938463045145284,4.455544864373346,calibration,96.02159976959229
300m_roundtrip_10_e0003,4.212359690621961,300m_roundtrip_10,7.257232384865176,6.406550195238333,4.08854754387999,3,planar_frozen,0.343754139295467,9.14198268551211,4.776475968071027,calibration,96.27159976959229
300m_roundtrip_10_e0003,4.32435681513212,300m_roundtrip_10,7.257232384865203,6.407583732542969,4.08854754387999,3,planar_frozen,0.343754139295467,9.414076696834297,5.198692022786332,calibration,96.52159976959229
300m_roundtrip_10_e0003,4.460543375358833,300m_roundtrip_10,7.316005445872973,6.408757881668536,4.08854754387999,3,planar_frozen,0.343754139295467,9.749891746431958,5.701364232339247,calibration,96.77159976959229
300m_roundtrip_10_e0003,4.61305207087089,300m_roundtrip_10,7.316005445872998,6.410831410335686,4.08854754387999,3,planar_frozen,0.343754139295467,10.1408861294081,6.264954637299542,calibration,97.02159976959229
300m_roundtrip_10_e0003,4.783855359069295,300m_roundtrip_10,7.472090209328606,6.412404646122981,4.08854754387999,3,planar_frozen,0.343754139295467,10.581031238838635,6.873978640580007,calibration,97.27159976959229
300m_roundtrip_10_e0003,4.955829371518792,300m_roundtrip_10,7.316005445873123,6.409962666314846,4.08854754387999,3,planar_frozen,0.343754139295467,11.066232347010178,7.517615938439396,calibration,97.52159976959229
300m_roundtrip_10_e0003,5.14929299472612,300m_roundtrip_10,7.575493635002029,6.407995811802507,4.08854754387999,3,planar_frozen,0.343754139295467,11.591610967489789,8.188453093785999,calibration,97.77159976959229
300m_roundtrip_10_e0003,5.346823942137219,300m_roundtrip_10,7.6971003122595105,6.407817748592703,4.08854754387999,3,planar_frozen,0.343754139295467,12.14962380780235,8.8800258002362,calibration,98.02159976959229
300m_roundtrip_10_e0003,5.552651592250662,300m_roundtrip_10,7.8941232811580555,6.407827589635708,4.08854754387999,3,planar_frozen,0.343754139295467,12.736073653769537,9.587776587667403,calibration,98.27159976959229
300m_roundtrip_10_e0003,5.774830586320226,300m_roundtrip_10,8.495410254926526,6.406008405393489,4.08854754387999,3,planar_frozen,0.343754139295467,13.348682797406568,10.309500820823953,calibration,98.52159976959229
300m_roundtrip_10_e0003,5.98825676221339,300m_roundtrip_10,8.635320152460626,6.404272559844262,4.08854754387999,3,planar_frozen,0.343754139295467,13.984207676493508,11.041775208442527,calibration,98.77159976959229
300m_roundtrip_10_e0003,6.2085114365520875,300m_roundtrip_10,8.884507456137465,6.403870748187732,4.08854754387999,3,planar_frozen,0.343754139295467,14.637271072693938,11.781588381890467,calibration,99.02159976959229
300m_roundtrip_10_e0003,6.43990828312135,300m_roundtrip_10,9.416412415481243,6.4036668354967246,4.08854754387999,3,planar_frozen,0.343754139295467,15.306545557241295,12.52828880418472,calibration,99.27159976959229
300m_roundtrip_10_e0003,6.659261806809915,300m_roundtrip_10,9.416412415481204,6.403570833406274,4.08854754387999,3,planar_frozen,0.343754139295467,15.991738550860985,13.282619929301788,calibration,99.52159976959229
300m_roundtrip_10_e0003,6.892244769233002,300m_roundtrip_10,9.810132410758452,6.403641482434375,4.08854754387999,3,planar_frozen,0.343754139295467,16.69032454364256,14.041878283035235,calibration,99.77159976959229
300m_roundtrip_10_e0003,7.115446426319302,300m_roundtrip_10,9.810132410758527,6.404102689318155,4.08854754387999,3,planar_frozen,0.343754139295467,17.39770102747011,14.803429648413314,calibration,100.02159976959229
300m_roundtrip_10_e0003,7.345069861303777,300m_roundtrip_10,9.974390694750188,6.404793927211954,4.08854754387999,3,planar_frozen,0.343754139295467,18.114723286786127,15.568418161379684,calibration,100.27159976959229
300m_roundtrip_10_e0003,7.594128335841139,300m_roundtrip_10,10.727099638598249,6.406942487321048,4.08854754387999,3,planar_frozen,0.343754139295467,18.842302151992406,16.33881031882705,calibration,100.52159976959229
300m_roundtrip_10_e0003,7.849487163021555,300m_roundtrip_10,11.650670691221261,6.409358239830492,4.08854754387999,3,planar_frozen,0.343754139295467,19.578021807900438,17.111779650789412,calibration,100.77159976959229
300m_roundtrip_10_e0003,8.091000036413512,300m_roundtrip_10,12.083612936355692,6.4111830898486835,4.08854754387999,3,planar_frozen,0.343754139295467,20.317778011514516,17.88457560708311,calibration,101.02159976959229
300m_roundtrip_10_e0003,8.344533242381813,300m_roundtrip_10,12.899583269018947,6.41326952831838,4.08854754387999,3,planar_frozen,0.343754139295467,21.063614107613553,18.65927900104514,calibration,101.27159976959229
300m_roundtrip_10_e0003,8.58587620073018,300m_roundtrip_10,13.212038248123857,6.417270125122064,4.08854754387999,3,planar_frozen,0.343754139295467,21.8168447256966,19.438074396819555,calibration,101.52159976959229
300m_roundtrip_10_e0003,8.819189723873697,300m_roundtrip_10,13.212038248123879,6.421529207046373,4.08854754387999,3,planar_frozen,0.343754139295467,22.57536394502775,20.218283932997714,calibration,101.77159976959229
300m_roundtrip_10_e0003,9.07140710516255,300m_roundtrip_10,13.89384538817967,6.424390419394846,4.08854754387999,3,planar_frozen,0.343754139295467,23.335189420300736,20.99728839455006,calibration,102.02159976959229
300m_roundtrip_10_e0003,9.338539406920017,300m_roundtrip_10,15.074434579925168,6.427357544260337,4.08854754387999,3,planar_frozen,0.343754139295467,24.09906750279768,21.777410055158988,calibration,102.27159976959229
300m_roundtrip_10_e0003,9.573089534656296,300m_roundtrip_10,15.074434579925134,6.43028888121217,4.08854754387999,3,planar_frozen,0.343754139295467,24.868325637657726,22.560646064823985,calibration,102.52159976959229
300m_roundtrip_10_e0003,9.813680488840355,300m_roundtrip_10,15.266693757039025,6.433266624319291,4.08854754387999,3,planar_frozen,0.343754139295467,25.641230940680565,23.344719682323763,calibration,102.77159976959229
300m_roundtrip_10_e0003,10.05571079597964,300m_roundtrip_10,15.537385813365777,6.434810537268609,4.08854754387999,3,planar_frozen,0.343754139295467,26.414198900119704,24.1271437562908,calibration,103.02159976959229
300m_roundtrip_10_e0003,10.295473746757736,300m_roundtrip_10,15.715338701976584,6.436398124705771,4.08854754387999,3,planar_frozen,0.343754139295467,27.189857279896014,24.910061500001056,calibration,103.27159976959229
300m_roundtrip_10_e0003,10.530209939375403,300m_roundtrip_10,15.715338701976691,6.437753936348267,4.08854754387999,3,planar_frozen,0.343754139295467,27.967123245190876,25.69284979437113,calibration,103.52159976959229
300m_roundtrip_10_e0003,10.765246366112269,300m_roundtrip_10,15.715338701976606,6.439078002468652,4.08854754387999,3,planar_frozen,0.343754139295467,28.746798908906484,26.475987319330358,calibration,103.77159976959229
300m_roundtrip_10_e0003,10.9996987783292,300m_roundtrip_10,15.715338701976583,6.439758126238675,4.08854754387999,3,planar_frozen,0.343754139295467,29.526082333347546,27.257474128577773,calibration,104.02159976959229
300m_roundtrip_10_e0003,11.234459870444393,300m_roundtrip_10,15.714968959565208,6.440496470378818,4.08854754387999,3,planar_frozen,0.343754139295467,30.307487998681953,28.039399003264126,calibration,104.27159976959229
300m_roundtrip_10_e0003,11.469882289669178,300m_roundtrip_10,15.714968959565148,6.441091452270103,4.08854754387999,3,planar_frozen,0.343754139295467,31.09206639122316,28.823230266631967,calibration,104.52159976959229
300m_roundtrip_10_e0003,11.715618914702711,300m_roundtrip_10,16.066388871937157,6.441778484328211,4.08854754387999,3,planar_frozen,0.343754139295467,31.878565776948044,29.60731580088244,calibration,104.77159976959229
300m_roundtrip_10_e0003,11.950909824672536,300m_roundtrip_10,16.066388871937068,6.4423973552003675,4.08854754387999,3,planar_frozen,0.343754139295467,32.66443820964592,30.38980268292905,calibration,105.02159976959229
300m_roundtrip_10_e0003,12.186319242459527,300m_roundtrip_10,16.06638887193694,6.441831402825553,4.08854754387999,3,planar_frozen,0.343754139295467,33.452939553691145,31.173542353799448,calibration,105.27159976959229
300m_roundtrip_10_e0003,12.427438176879233,300m_roundtrip_10,16.249162248155947,6.441007176114611,4.08854754387999,3,planar_frozen,0.343754139295467,34.2440633968834,31.958838333169737,calibration,105.52159976959229
300m_roundtrip_10_e0003,12.665807596851977,300m_roundtrip_10,16.31002308915894,6.4404287746090265,4.08854754387999,3,planar_frozen,0.343754139295467,35.03828749815735,32.74584297904822,calibration,105.77159976959229
300m_roundtrip_10_e0003,12.909418058653022,300m_roundtrip_10,16.562873814103572,6.4403242594091425,4.08854754387999,3,planar_frozen,0.343754139295467,35.83167878052115,33.53125230673641,calibration,106.02159976959229
300m_roundtrip_10_e0003,13.167740048840429,300m_roundtrip_10,17.32406827095741,6.440409307244874,4.08854754387999,3,planar_frozen,0.343754139295467,36.626273051580235,34.316681310486175,calibration,106.27159976959229
300m_roundtrip_10_e0003,13.40961423964434,300m_roundtrip_10,17.50364638620066,6.4411999202992325,4.08854754387999,3,planar_frozen,0.343754139295467,37.421188138620764,35.101623016098216,calibration,106.52159976959229
300m_roundtrip_10_e0003,13.646388009707458,300m_roundtrip_10,17.503646386200693,6.441391152674832,4.08854754387999,3,planar_frozen,0.343754139295467,38.21778266370442,35.88687588324597,calibration,106.77159976959229
300m_roundtrip_10_e0003,13.890221234384269,300m_roundtrip_10,17.747837049908753,6.442897121790952,4.08854754387999,3,planar_frozen,0.343754139295467,39.01357527555753,36.67075137164688,calibration,107.02159976959229
300m_roundtrip_10_e0003,14.13118690146623,300m_roundtrip_10,17.88775763490289,6.444577106824678,4.08854754387999,3,planar_frozen,0.343754139295467,39.810224442972014,37.45446649329407,calibration,107.27159976959229
300m_roundtrip_10_e0003,14.368175698078824,300m_roundtrip_10,17.88490378844204,6.446884455162795,4.08854754387999,3,planar_frozen,0.343754139295467,40.606964451969624,38.23760258364627,calibration,107.52159976959229
300m_roundtrip_10_e0003,14.599148465168893,300m_roundtrip_10,17.66562377888433,6.449099958325797,4.08854754387999,3,planar_frozen,0.343754139295467,41.40505580900449,39.02105395095861,calibration,107.77159976959229
300m_roundtrip_10_e0003,14.83635385952519,300m_roundtrip_10,17.66562377888438,6.452546015740345,4.08854754387999,3,planar_frozen,0.343754139295467,42.20199485509149,39.802867970672324,calibration,108.02159976959229
300m_roundtrip_10_e0003,15.078478101081558,300m_roundtrip_10,17.836845688154245,6.4560570886973325,4.08854754387999,3,planar_frozen,0.343754139295467,42.999529841675745,40.58440962414757,calibration,108.27159976959229
300m_roundtrip_10_e0003,15.331075922459739,300m_roundtrip_10,18.379489017517294,6.459700234856222,4.08854754387999,3,planar_frozen,0.343754139295467,43.7968271623413,41.36515768481758,calibration,108.52159976959229
300m_roundtrip_10_e0003,15.574076321434315,300m_roundtrip_10,18.57697232789787,6.4636688675471605,4.08854754387999,3,planar_frozen,0.343754139295467,44.595291338865266,42.146101302127306,calibration,108.77159976959229
300m_roundtrip_10_e0003,15.810947144440034,300m_roundtrip_10,18.57697232789785,6.467711523241171,4.08854754387999,3,planar_frozen,0.343754139295467,45.39220019878769,42.92526322770468,calibration,109.02159976959229
300m_roundtrip_10_e0003,16.047801773772562,300m_roundtrip_10,18.57697232789789,6.471791692520966,4.08854754387999,3,planar_frozen,0.343754139295467,46.18952685499336,43.704072764131496,calibration,109.27159976959229
300m_roundtrip_10_e0003,16.299224636072605,300m_roundtrip_10,19.098327146866616,6.475617795346335,4.08854754387999,3,planar_frozen,0.343754139295467,46.986381391940064,44.48190370926339,calibration,109.52159976959229
300m_roundtrip_10_e0003,16.536056679685913,300m_roundtrip_10,19.09832714686648,6.479969512287192,4.08854754387999,3,planar_frozen,0.343754139295467,47.78425927940115,45.25987212203133,calibration,109.77159976959229
300m_roundtrip_10_e0003,16.772027550958132,300m_roundtrip_10,19.098327146866584,6.483529262554414,4.08854754387999,3,planar_frozen,0.343754139295467,48.580186398946125,46.03583000150787,calibration,110.02159976959229
300m_roundtrip_10_e0003,17.00792506424564,300m_roundtrip_10,19.098327146866517,6.4870775103235285,4.08854754387999,3,planar_frozen,0.343754139295467,49.376391389457105,46.81130132640808,calibration,110.27159976959229
300m_roundtrip_10_e0003,17.26379771250337,300m_roundtrip_10,19.81334941397153,6.490110008842473,4.08854754387999,3,planar_frozen,0.343754139295467,50.171959758066954,47.5856801810357,calibration,110.52159976959229
300m_roundtrip_10_e0003,17.49946505571978,300m_roundtrip_10,19.813349413971537,6.493558318278163,4.08854754387999,3,planar_frozen,0.343754139295467,50.9683096147723,48.360094786372265,calibration,110.77159976959229
300m_roundtrip_10_e0003,17.742486721020885,300m_roundtrip_10,20.107009568928653,6.495748292047224,4.08854754387999,3,planar_frozen,0.343754139295467,51.76268016912009,49.13241642871395,calibration,111.02159976959229
300m_roundtrip_10_e0003,17.978474196816787,300m_roundtrip_10,20.15693316114639,6.497999485724551,4.08854754387999,3,planar_frozen,0.343754139295467,52.557272340243266,49.90417379092428,calibration,111.27159976959229
300m_roundtrip_10_e0003,18.21844962728947,300m_roundtrip_10,20.360614372011632,6.499937130240683,4.08854754387999,3,planar_frozen,0.343754139295467,53.35120163525522,50.67475957241693,calibration,111.52159976959229
300m_roundtrip_10_e0003,18.45271662920062,300m_roundtrip_10,20.360614372011753,6.502105977116717,4.08854754387999,3,planar_frozen,0.343754139295467,54.145767326347276,51.44519699163324,calibration,111.77159976959229
300m_roundtrip_10_e0003,18.686242621735865,300m_roundtrip_10,20.36061437201169,6.503903283149046,4.08854754387999,3,planar_frozen,0.343754139295467,54.93835859879861,52.21353580802994,calibration,112.02159976959229
300m_roundtrip_10_e0003,18.919695194065625,300m_roundtrip_10,20.360614372011753,6.505800578311217,4.08854754387999,3,planar_frozen,0.343754139295467,55.7311473981849,52.98124211138195,calibration,112.27159976959229
300m_roundtrip_10_e0003,19.152801923561118,300m_roundtrip_10,20.360614372011753,6.5076368112184335,4.08854754387999,3,planar_frozen,0.343754139295467,56.523259494058685,53.74765932274382,calibration,112.52159976959229
300m_roundtrip_10_e0003,19.38603130041496,300m_roundtrip_10,20.360614372011725,6.509601767336142,4.08854754387999,3,planar_frozen,0.343754139295467,57.31614905159614,54.514086501381485,calibration,112.77159976959229
300m_roundtrip_10_e0003,19.61906764259539,300m_roundtrip_10,20.360614372011767,6.511615112424927,4.08854754387999,3,planar_frozen,0.343754139295467,58.10827719646586,55.279848564700785,calibration,113.02159976959229
300m_roundtrip_10_e0003,19.85201950529001,300m_roundtrip_10,20.360614372011632,6.5137887470636535,4.08854754387999,3,planar_frozen,0.343754139295467,58.90054301419162,56.044852244913145,calibration,113.27159976959229
300m_roundtrip_10_e0003,20.08470869320388,300m_roundtrip_10,20.360614372011696,6.5161271976600235,4.08854754387999,3,planar_frozen,0.343754139295467,59.69223705440522,56.80855374671509,calibration,113.52159976959229
300m_roundtrip_10_e0003,20.320914619963936,300m_roundtrip_10,20.487298266642284,6.518298669312009,4.08854754387999,3,planar_frozen,0.343754139295467,60.48437569869548,57.57179723971731,calibration,113.77159976959229
300m_roundtrip_10_e0003,20.552849877773223,300m_roundtrip_10,20.487298266642256,6.520339761674113,4.08854754387999,3,planar_frozen,0.343754139295467,61.274760265100205,58.332879424957895,calibration,114.02159976959229
300m_roundtrip_10_e0003,20.78471483031901,300m_roundtrip_10,20.48729826664225,6.522655930786354,4.08854754387999,3,planar_frozen,0.343754139295467,62.065288340936895,59.09307986791473,calibration,114.27159976959229
300m_roundtrip_10_e0003,21.015306002661113,300m_roundtrip_10,20.447553252791714,6.525656846040561,4.08854754387999,3,planar_frozen,0.343754139295467,62.855133407604676,59.8517895299892,calibration,114.52159976959229
300m_roundtrip_10_e0003,21.240807305079553,300m_roundtrip_10,20.239236391509323,6.528489361008076,4.08854754387999,3,planar_frozen,0.343754139295467,63.645139127584095,60.60933187542426,calibration,114.77159976959229
300m_roundtrip_10_e0003,21.47010283144606,300m_roundtrip_10,20.181903028146394,6.5316804430596225,4.08854754387999,3,planar_frozen,0.343754139295467,64.43330796369838,61.36459709959415,calibration,115.02159976959229
300m_roundtrip_10_e0003,21.700809874866447,300m_roundtrip_10,20.181903028146394,6.536433848602589,4.08854754387999,3,planar_frozen,0.343754139295467,65.21942312281705,62.117152394565146,calibration,115.27159976959229
300m_roundtrip_10_e0003,21.931764714231015,300m_roundtrip_10,20.181903028146337,6.5444103167120735,4.08854754387999,3,planar_frozen,0.343754139295467,66.00258374360389,62.86705216747876,calibration,115.52159976959229
300m_roundtrip_10_e0003,22.16256141856461,300m_roundtrip_10,20.181903028146387,6.552020843739107,4.08854754387999,3,planar_frozen,0.343754139295467,66.78629490024962,63.61649589911214,calibration,115.77159976959229
300m_roundtrip_10_e0003,22.392403595110068,300m_roundtrip_10,20.156933161146434,6.559695041932744,4.08854754387999,3,planar_frozen,0.343754139295467,67.56934336464414,64.3649593431766,calibration,116.02159976959229
300m_roundtrip_10_e0003,22.622526791336163,300m_roundtrip_10,20.15693316114642,6.567803838676894,4.08854754387999,3,planar_frozen,0.343754139295467,68.35067156669862,65.11139656203959,calibration,116.27159976959229
300m_roundtrip_10_e0003,22.85277838887768,300m_roundtrip_10,20.181903028146422,6.576724549025657,4.08854754387999,3,planar_frozen,0.343754139295467,69.12901675265947,65.85504698232832,calibration,116.52159976959229
300m_roundtrip_10_e0003,23.082330466481693,300m_roundtrip_10,20.18190302814645,6.585701675736637,4.08854754387999,3,planar_frozen,0.343754139295467,69.90807341607837,66.5983171607873,calibration,116.77159976959229
300m_roundtrip_10_e0003,23.311650170845894,300m_roundtrip_10,20.181903028146372,6.594853774920757,4.08854754387999,3,planar_frozen,0.343754139295467,70.68636571992485,67.34051603204487,calibration,117.02159976959229
300m_roundtrip_10_e0003,23.535901083644305,300m_roundtrip_10,20.03007462625203,6.603545571167585,4.08854754387999,3,planar_frozen,0.343754139295467,71.46302741826894,68.08064319148602,calibration,117.27159976959229
300m_roundtrip_10_e0003,23.761887625859544,300m_roundtrip_10,19.98372178887919,6.61134343862386,4.08854754387999,3,planar_frozen,0.343754139295467,72.23618336720341,68.81762331624495,calibration,117.52159976959229
300m_roundtrip_10_e0003,23.983211360866658,300m_roundtrip_10,19.769315430154823,6.619579187700405,4.08854754387999,3,planar_frozen,0.343754139295467,73.01001379208265,69.55423001019776,calibration,117.77159976959229
300m_roundtrip_10_e0003,24.210427493368115,300m_roundtrip_10,19.769315430154784,6.627970225871765,4.08854754387999,3,planar_frozen,0.343754139295467,73.7831953569214,70.28973482666673,calibration,118.02159976959229
300m_roundtrip_10_e0003,24.429284509443107,300m_roundtrip_10,19.51224186401926,6.635276064353383,4.08854754387999,3,planar_frozen,0.343754139295467,74.55443984722629,71.0229460595821,calibration,118.27159976959229
300m_roundtrip_10_e0003,24.66127049432409,300m_roundtrip_10,19.769315430154812,6.640808028588626,4.08854754387999,3,planar_frozen,0.343754139295467,75.32227557890882,71.75301338259143,calibration,118.52159976959229
300m_roundtrip_10_e0003,24.88082949270682,300m_roundtrip_10,19.584104838968013,6.647062641928722,4.08854754387999,3,planar_frozen,0.343754139295467,76.09071418515371,72.48262337169963,calibration,118.77159976959229
300m_roundtrip_10_e0003,25.09841435719004,300m_roundtrip_10,19.338201378111258,6.653500472921567,4.08854754387999,3,planar_frozen,0.343754139295467,76.85850283872047,73.21105271484767,calibration,119.02159976959229
300m_roundtrip_10_e0003,25.318115761840403,300m_roundtrip_10,19.198927442763942,6.659056965385961,4.08854754387999,3,planar_frozen,0.343754139295467,77.62447376822959,73.9372097290491,calibration,119.27159976959229
300m_roundtrip_10_e0003,25.540142833806915,300m_roundtrip_10,19.198927442763903,6.662785422273038,4.08854754387999,3,planar_frozen,0.343754139295467,78.38677444516705,74.65998065560113,calibration,119.52159976959229
300m_roundtrip_10_e0003,25.762316765703165,300m_roundtrip_10,19.19892744276397,6.667066641784757,4.08854754387999,3,planar_frozen,0.343754139295467,79.14969879371046,75.38225277495782,calibration,119.77159976959229
300m_roundtrip_10_e0003,25.98424344063812,300m_roundtrip_10,19.198927442763942,6.671516980431584,4.08854754387999,3,planar_frozen,0.343754139295467,79.91203061512287,76.10330300784835,calibration,120.02159976959229
300m_roundtrip_10_e0003,26.20550655705932,300m_roundtrip_10,19.19892744276393,6.675726899246842,4.08854754387999,3,planar_frozen,0.343754139295467,80.67285469688309,76.82219001771544,calibration,120.27159976959229
300m_roundtrip_10_e0003,26.425379098020567,300m_roundtrip_10,19.198927442763924,6.679037157557036,4.08854754387999,3,planar_frozen,0.343754139295467,81.42984304427283,77.53754145164316,calibration,120.52159976959229
300m_roundtrip_10_e0003,26.645329474885063,300m_roundtrip_10,19.198927442763942,6.682742777092192,4.08854754387999,3,planar_frozen,0.343754139295467,82.18744457927195,78.25231653590751,calibration,120.77159976959229
300m_roundtrip_10_e0003,26.865051356244283,300m_roundtrip_10,19.198927442763964,6.686730901238871,4.08854754387999,3,planar_frozen,0.343754139295467,82.94446314868158,78.96576978442101,calibration,121.02159976959229
300m_roundtrip_10_e0003,27.08415375893517,300m_roundtrip_10,19.198927442763953,6.690809529549177,4.08854754387999,3,planar_frozen,0.343754139295467,83.69971519390965,79.67685806141088,calibration,121.27159976959229
300m_roundtrip_10_e0003,27.302220308909018,300m_roundtrip_10,19.19892744276396,6.694794722349238,4.08854754387999,3,planar_frozen,0.343754139295467,84.45160968767932,80.38460157639518,calibration,121.52159976959229
300m_roundtrip_10_e0003,27.520331225361176,300m_roundtrip_10,19.19892744276398,6.698999025886515,4.08854754387999,3,planar_frozen,0.343754139295467,85.20445720368578,81.09172522809061,calibration,121.77159976959229
300m_roundtrip_10_e0003,27.73837163107544,300m_roundtrip_10,19.198927442763942,6.703513918655162,4.08854754387999,3,planar_frozen,0.343754139295467,85.95780609685136,81.79772798879809,calibration,122.02159976959229
300m_roundtrip_10_e0003,27.95597567768194,300m_roundtrip_10,19.198927442763953,6.708566559988416,4.08854754387999,3,planar_frozen,0.343754139295467,86.70963865724185,82.50141087274656,calibration,122.27159976959229
300m_roundtrip_10_e0003,28.172806559526332,300m_roundtrip_10,19.19892744276396,6.714428197789089,4.08854754387999,3,planar_frozen,0.343754139295467,87.45803166076193,83.20159938387404,calibration,122.52159976959229
300m_roundtrip_10_e0003,28.39227160963874,300m_roundtrip_10,19.297570608320086,6.720039829206464,4.08854754387999,3,planar_frozen,0.343754139295467,88.20700676990032,83.90099248004418,calibration,122.77159976959229
300m_roundtrip_10_e0003,28.604263178517535,300m_roundtrip_10,19.145008807632273,6.725820359712364,4.08854754387999,3,planar_frozen,0.343754139295467,88.95545014648091,84.59888896159342,calibration,123.02159976959229
300m_roundtrip_10_e0003,28.83281610293805,300m_roundtrip_10,19.579970756558644,6.732945717619867,4.08854754387999,3,planar_frozen,0.343754139295467,89.70219980577163,85.29426573626296,calibration,123.27159976959229
300m_roundtrip_10_e0003,29.02928647922155,300m_roundtrip_10,18.900694968035488,6.7422167078654525,4.08854754387999,3,planar_frozen,0.343754139295467,90.44593689018836,85.98633682342323,calibration,123.52159976959229
300m_roundtrip_10_e0003,29.24533936174138,300m_roundtrip_10,18.91830959191475,6.751242694047411,4.08854754387999,3,planar_frozen,0.343754139295467,91.1895322294828,86.67724388123199,calibration,123.77159976959229
100m_cross_5_e0001,7.4828569068091015,100m_cross_5,163.61874197420843,1.3684291818600265,0.5604678542007929,1,full_6dof_frozen,0.6954184377501514,18.596913332407738,2.4610065684261047,calibration,90.17915320396423
100m_cross_5_e0001,7.397760859302983,100m_cross_5,163.61874197420843,1.3467291939573778,0.5604678542007929,1,full_6dof_frozen,0.6954184377501514,17.96649801883031,2.3869006341886454,calibration,90.42915320396423
100m_cross_5_e0001,7.121487132777313,100m_cross_5,156.83262738080202,1.3319787501693134,0.5604678542007929,1,full_6dof_frozen,0.6954184377501514,17.34092992286572,2.312345064437893,calibration,90.67915320396423
100m_cross_5_e0001,7.016244363387079,100m_cross_5,156.83262738080205,1.2963336297994679,0.5604678542007929,1,full_6dof_frozen,0.6954184377501514,16.645609078751693,2.1932001734934783,calibration,90.92915320396423
100m_cross_5_e0001,6.910781817618747,100m_cross_5,156.8326273808019,1.2632009794375423,0.5604678542007929,1,full_6dof_frozen,0.6954184377501514,15.928631315528781,2.0795974101998325,calibration,91.17915320396423
100m_cross_5_e0001,6.8076056143511625,100m_cross_5,156.8326273808019,1.232752424264081,0.5604678542007929,1,full_6dof_frozen,0.6954184377501514,15.213080714433156,1.9722392863654907,calibration,91.42915320396423
100m_cross_5_e0001,5.463346110815292,100m_cross_5,113.25905665214698,1.2051640547207436,0.5604678542007929,1,full_6dof_frozen,0.6954184377501514,14.512508631677433,1.8720042443488396,calibration,91.67915320396423
100m_cross_5_e0001,5.368429507856582,100m_cross_5,113.25905665214685,1.1806377503606973,0.5604678542007929,1,full_6dof_frozen,0.6954184377501514,13.829191641885876,1.7799568983844969,calibration,91.92915320396423
100m_cross_5_e0001,5.275340164435409,100m_cross_5,113.25905665214687,1.1591459217841076,0.5604678542007929,1,full_6dof_frozen,0.6954184377501514,13.13531169037379,1.6972698713289915,calibration,92.17915320396423
100m_cross_5_e0001,5.186500529656232,100m_cross_5,113.25905665214687,1.1408909047953728,0.5604678542007929,1,full_6dof_frozen,0.6954184377501514,12.45149308426334,1.6254060288028884,calibration,92.42915320396423
100m_cross_5_e0001,3.0252827023597786,100m_cross_5,40.82181532383894,1.1130756146630425,0.5604678542007929,1,full_6dof_frozen,0.6954184377501514,11.77170160274783,1.5537487825810103,calibration,92.67915320396423
100m_cross_5_e0001,2.87425539927484,100m_cross_5,39.7312458055958,1.0383885806507196,0.5604678542007929,1,full_6dof_frozen,0.6954184377501514,11.045818031419447,1.441828088304354,calibration,92.92915320396423
100m_cross_5_e0001,1.7835774596843712,100m_cross_5,5.553442362611969,0.9738259497903611,0.5604678542007929,1,full_6dof_frozen,0.6954184377501514,10.325015195591105,1.3389875420311343,calibration,93.17915320396423
100m_cross_5_e0001,1.6171626068515599,100m_cross_5,3.460251488297939,0.9215340204526865,0.5604678542007929,1,full_6dof_frozen,0.6954184377501514,9.616333676799142,1.2474345205849966,calibration,93.42915320396423
100m_cross_5_e0001,1.5172701548766196,100m_cross_5,3.460251488297939,0.8799652660642081,0.5604678542007929,1,full_6dof_frozen,0.6954184377501514,8.921635541417043,1.1646025857154763,calibration,93.67915320396423
100m_cross_5_e0001,1.3793491723377487,100m_cross_5,2.5907828954382963,0.8220201313740325,0.5604678542007929,1,full_6dof_frozen,0.6954184377501514,8.213066626679387,1.0500671538535253,calibration,93.92915320396423
100m_cross_5_e0001,1.2771671426747,100m_cross_5,2.590782895438557,0.7812389908137652,0.5604678542007929,1,full_6dof_frozen,0.6954184377501514,7.531831757991548,0.9477430074826092,calibration,94.17915320396423
100m_cross_5_e0001,1.1874647297090093,100m_cross_5,2.590782895438557,0.7602931211586463,0.5604678542007929,1,full_6dof_frozen,0.6954184377501514,6.876654425672806,0.8617293915720584,calibration,94.42915320396423
100m_cross_5_e0001,1.108072166844361,100m_cross_5,2.5907828954382963,0.7536232845969139,0.5604678542007929,1,full_6dof_frozen,0.6954184377501514,6.250045120730198,0.7891876239897114,calibration,94.67915320396423
100m_cross_5_e0001,1.0174904567663827,100m_cross_5,2.5907828954383616,0.7242338101166611,0.5604678542007929,1,full_6dof_frozen,0.6954184377501514,5.642849655333925,0.6888592637650361,calibration,94.92915320396423
100m_cross_5_e0001,0.9449552802820762,100m_cross_5,2.5907828954383616,0.7164952722468589,0.5604678542007929,1,full_6dof_frozen,0.6954184377501514,5.098048521407879,0.6114815114228631,calibration,95.17915320396423
100m_cross_5_e0001,0.8930701319639087,100m_cross_5,2.590782895438557,0.7310119386556876,0.5604678542007929,1,full_6dof_frozen,0.6954184377501514,4.622161184005849,0.5658049945182984,calibration,95.42915320396423
100m_cross_5_e0001,0.8592810875956269,100m_cross_5,2.590782895438557,0.7568321474593069,0.5604678542007929,1,full_6dof_frozen,0.6954184377501514,4.230314153330977,0.5497496066749596,calibration,95.67915320396423
100m_cross_5_e0001,0.8097516463368684,100m_cross_5,2.590782895438492,0.729912930779267,0.5604678542007929,1,full_6dof_frozen,0.6954184377501514,3.9206903006987743,0.5017796878306775,calibration,95.92915320396423
100m_cross_5_e0001,0.7910191573614264,100m_cross_5,2.5907828954383616,0.7251926481663821,0.5604678542007929,1,full_6dof_frozen,0.6954184377501514,3.7612454499783663,0.49570680600183176,calibration,96.17915320396423
100m_cross_5_e0001,0.8033077457810343,100m_cross_5,2.5907828954385907,0.7430637920170229,0.5604678542007929,1,full_6dof_frozen,0.6954184377501514,3.7524060080219943,0.5317842293269563,calibration,96.42915320396423
100m_cross_5_e0001,0.8386449379190626,100m_cross_5,2.590782895438492,0.7747358947967512,0.5604678542007929,1,full_6dof_frozen,0.6954184377501514,3.8856979036516788,0.5890374042360558,calibration,96.67915320396423
100m_cross_5_e0001,0.8695369171521943,100m_cross_5,2.590782895438416,0.7803380503185956,0.5604678542007929,1,full_6dof_frozen,0.6954184377501514,4.128681097742026,0.612668777486811,calibration,96.92915320396423
100m_cross_5_e0001,0.9200423568554343,100m_cross_5,2.5616443415476366,0.7909836999068828,0.5604678542007929,1,full_6dof_frozen,0.6954184377501514,4.500986110006271,0.6654633711129024,calibration,97.17915320396423
100m_cross_5_e0001,7.811268728826406,100m_cross_5,163.68130923480066,1.3626321270164976,0.5604678542007929,1,planar_frozen,0.6954184377501514,21.77554350639585,2.5144741695065167,calibration,90.17915320396423
100m_cross_5_e0001,7.73599279234163,100m_cross_5,163.68130923480064,1.3410831104919467,0.5604678542007929,1,planar_frozen,0.6954184377501514,21.239533872179685,2.4420143317316385,calibration,90.42915320396423
100m_cross_5_e0001,7.480602616158807,100m_cross_5,157.26543892592377,1.3263560781753099,0.5604678542007929,1,planar_frozen,0.6954184377501514,20.712993173562023,2.3694317552555386,calibration,90.67915320396423
100m_cross_5_e0001,7.387672561593739,100m_cross_5,157.26543892592377,1.2911924305593048,0.5604678542007929,1,planar_frozen,0.6954184377501514,20.134920576139436,2.252423860501497,calibration,90.92915320396423
100m_cross_5_e0001,7.295763597416877,100m_cross_5,157.26543892592377,1.2585187931824773,0.5604678542007929,1,planar_frozen,0.6954184377501514,19.546594900297567,2.1414979398328406,calibration,91.17915320396423
100m_cross_5_e0001,7.207099831741596,100m_cross_5,157.26543892592377,1.2284881381217778,0.5604678542007929,1,planar_frozen,0.6954184377501514,18.96819348801067,2.037430909367718,calibration,91.42915320396423
100m_cross_5_e0001,5.866532492333803,100m_cross_5,113.28630893552693,1.2012685592037617,0.5604678542007929,1,planar_frozen,0.6954184377501514,18.411244089515574,1.9411677322106364,calibration,91.67915320396423
100m_cross_5_e0001,5.787638260445019,100m_cross_5,113.28630893552682,1.1770589710837038,0.5604678542007929,1,planar_frozen,0.6954184377501514,17.877751714678052,1.8537920737189195,calibration,91.92915320396423
100m_cross_5_e0001,5.711922377748407,100m_cross_5,113.28630893552693,1.1557754355417809,0.5604678542007929,1,planar_frozen,0.6954184377501514,17.346485434305112,1.776318359658856,calibration,92.17915320396423
100m_cross_5_e0001,5.641448569852025,100m_cross_5,113.28630893552693,1.1376483423314685,0.5604678542007929,1,planar_frozen,0.6954184377501514,16.834436884009552,1.71018541734191,calibration,92.42915320396423
100m_cross_5_e0001,3.5144269914825594,100m_cross_5,41.3573430138827,1.1101081070190062,0.5604678542007929,1,planar_frozen,0.6954184377501514,16.338015433598866,1.6447552031222545,calibration,92.67915320396423
100m_cross_5_e0001,3.376699294645137,100m_cross_5,39.92805608109932,1.036470617866091,0.5604678542007929,1,planar_frozen,0.6954184377501514,15.823613316818895,1.540230773453802,calibration,92.92915320396423
100m_cross_5_e0001,2.3112450058421317,100m_cross_5,5.77184828545991,0.9727167909886574,0.5604678542007929,1,planar_frozen,0.6954184377501514,15.329441136046734,1.4457600544738292,calibration,93.17915320396423
100m_cross_5_e0001,2.170388153509714,100m_cross_5,3.659438722209758,0.9209407741344295,0.5604678542007929,1,planar_frozen,0.6954184377501514,14.861576969810962,1.3634740321033583,calibration,93.42915320396423
100m_cross_5_e0001,2.0956261172719546,100m_cross_5,3.572554626961046,0.8796726396517216,0.5604678542007929,1,planar_frozen,0.6954184377501514,14.422118836911109,1.2905851551092942,calibration,93.67915320396423
100m_cross_5_e0001,1.9890752373844693,100m_cross_5,2.718324634072581,0.8228477889471753,0.5604678542007929,1,planar_frozen,0.6954184377501514,13.995975666888407,1.1876432813177198,calibration,93.92915320396423
100m_cross_5_e0001,1.9190762231688712,100m_cross_5,2.7183246340727782,0.7828565950459312,0.5604678542007929,1,planar_frozen,0.6954184377501514,13.608181321406681,1.0981973728159713,calibration,94.17915320396423
100m_cross_5_e0001,1.8626206836733168,100m_cross_5,2.7183246340727782,0.7622177770286537,0.5604678542007929,1,planar_frozen,0.6954184377501514,13.257499476220714,1.0256586279599786,calibration,94.42915320396423
100m_cross_5_e0001,1.8172397343221094,100m_cross_5,2.718324634072581,0.7555444155235569,0.5604678542007929,1,planar_frozen,0.6954184377501514,12.94442796708705,0.9664119049459634,calibration,94.67915320396423
100m_cross_5_e0001,1.763051370875582,100m_cross_5,2.7183246340727782,0.7271477538389468,0.5604678542007929,1,planar_frozen,0.6954184377501514,12.66412360953068,0.8829500359658325,calibration,94.92915320396423
100m_cross_5_e0001,1.7250761555388205,100m_cross_5,2.7183246340724416,0.7198722322977794,0.5604678542007929,1,planar_frozen,0.6954184377501514,12.432293721283557,0.8211147726409141,calibration,95.17915320396423
100m_cross_5_e0001,1.704147071233046,100m_cross_5,2.718324634072581,0.734233591468546,0.5604678542007929,1,planar_frozen,0.6954184377501514,12.246110913730693,0.7856251562705101,calibration,95.42915320396423
100m_cross_5_e0001,1.6958218721928753,100m_cross_5,2.718324634072581,0.7595939249656979,0.5604678542007929,1,planar_frozen,0.6954184377501514,12.105052575845267,0.7722611075171149,calibration,95.67915320396423
100m_cross_5_e0001,1.668777771127278,100m_cross_5,2.7183246340725735,0.7337233275045748,0.5604678542007929,1,planar_frozen,0.6954184377501514,12.002668657134652,0.7313502239796416,calibration,95.92915320396423
100m_cross_5_e0001,1.660231936407132,100m_cross_5,2.718324634072376,0.7294273876997823,0.5604678542007929,1,planar_frozen,0.6954184377501514,11.953460298718337,0.7203851292617532,calibration,96.17915320396423
100m_cross_5_e0001,1.6699340038504102,100m_cross_5,2.718324634072581,0.7470536677076619,0.5604678542007929,1,planar_frozen,0.6954184377501514,11.95249982846113,0.7399985682602527,calibration,96.42915320396423
100m_cross_5_e0001,1.6920635658296856,100m_cross_5,2.7183246340727782,0.7781290073508476,0.5604678542007929,1,planar_frozen,0.6954184377501514,11.996990338650777,0.7766088903231351,calibration,96.67915320396423
100m_cross_5_e0001,1.7039594403625167,100m_cross_5,2.7183246340724416,0.7840604331811611,0.5604678542007929,1,planar_frozen,0.6954184377501514,12.08068802862084,0.7843537082851186,calibration,96.92915320396423
100m_cross_5_e0001,1.7264931278281739,100m_cross_5,2.68075875597586,0.7948706855079676,0.5604678542007929,1,planar_frozen,0.6954184377501514,12.215345638319906,0.8170428075663253,calibration,97.17915320396423
200m_cross_5_e0003,12.080705419820669,200m_cross_5,178.00336572116305,3.7057332952417243,1.3166981638217006,3,full_6dof_frozen,0.6348572454790172,41.02414470735928,8.286180340807059,calibration,106.2219409942627
200m_cross_5_e0003,12.094053518574015,200m_cross_5,178.00336572116305,3.6872121454178513,1.3166981638217006,3,full_6dof_frozen,0.6348572454790172,41.15854170340703,8.316590919589707,calibration,106.4719409942627
200m_cross_5_e0003,12.120208687770297,200m_cross_5,178.00336572116285,3.6823115866920326,1.3166981638217006,3,full_6dof_frozen,0.6348572454790172,41.3403152084432,8.364647610929428,calibration,106.7219409942627
200m_cross_5_e0003,12.159061618320347,200m_cross_5,178.00336572116285,3.6910583084693633,1.3166981638217006,3,full_6dof_frozen,0.6348572454790172,41.56884371879242,8.430070138876188,calibration,106.9719409942627
200m_cross_5_e0003,12.18920696537596,200m_cross_5,178.00336572116305,3.692304219430293,1.3166981638217006,3,full_6dof_frozen,0.6348572454790172,41.76542385094962,8.480430289807407,calibration,107.2219409942627
200m_cross_5_e0003,12.19513087228743,200m_cross_5,178.0033657211625,3.670405727642495,1.3166981638217006,3,full_6dof_frozen,0.6348572454790172,41.87340738793969,8.49255554218279,calibration,107.4719409942627
200m_cross_5_e0003,12.213768523200411,200m_cross_5,178.00336572116285,3.6619818109633515,1.3166981638217006,3,full_6dof_frozen,0.6348572454790172,42.02833582107187,8.522319441313462,calibration,107.7219409942627
200m_cross_5_e0003,12.245049719364273,200m_cross_5,178.00336572116342,3.667098951034232,1.3166981638217006,3,full_6dof_frozen,0.6348572454790172,42.22969247208371,8.569518529841972,calibration,107.9719409942627
200m_cross_5_e0003,12.270595861883407,200m_cross_5,178.00336572116342,3.6678753584378208,1.3166981638217006,3,full_6dof_frozen,0.6348572454790172,42.409300868346456,8.60615103196695,calibration,108.2219409942627
200m_cross_5_e0003,12.270387880493248,200m_cross_5,178.00336572116305,3.6448888050830637,1.3166981638217006,3,full_6dof_frozen,0.6348572454790172,42.49278476425038,8.601680099322179,calibration,108.4719409942627
200m_cross_5_e0003,12.283067495175782,200m_cross_5,178.00336572116305,3.636068554191075,1.3166981638217006,3,full_6dof_frozen,0.6348572454790172,42.62285784962527,8.614742048200716,calibration,108.7219409942627
200m_cross_5_e0003,12.308589703351512,200m_cross_5,178.00336572116285,3.641490290102321,1.3166981638217006,3,full_6dof_frozen,0.6348572454790172,42.799095351272236,8.64519811173717,calibration,108.9719409942627
200m_cross_5_e0003,12.326495569320757,200m_cross_5,178.00336572116325,3.641057719489666,1.3166981638217006,3,full_6dof_frozen,0.6348572454790172,42.94585161388619,8.66207026129745,calibration,109.2219409942627
200m_cross_5_e0003,12.321288615491785,200m_cross_5,178.00336572116285,3.6192653816723013,1.3166981638217006,3,full_6dof_frozen,0.6348572454790172,43.00649993699298,8.64203189362819,calibration,109.4719409942627
200m_cross_5_e0003,12.328827713826911,200m_cross_5,178.00336572116285,3.6114081452539866,1.3166981638217006,3,full_6dof_frozen,0.6348572454790172,43.113470618504344,8.639337438578668,calibration,109.7219409942627
200m_cross_5_e0003,12.349083606208692,200m_cross_5,178.00336572116285,3.617550335194785,1.3166981638217006,3,full_6dof_frozen,0.6348572454790172,43.26642008149172,8.653905185759227,calibration,109.9719409942627
200m_cross_5_e0003,12.361767683691099,200m_cross_5,178.00336572116342,3.617066660178476,1.3166981638217006,3,full_6dof_frozen,0.6348572454790172,43.392109410703405,8.65528703359252,calibration,110.2219409942627
200m_cross_5_e0003,12.350453307363635,200m_cross_5,178.00336572116285,3.5933194090756935,1.3166981638217006,3,full_6dof_frozen,0.6348572454790172,43.4314400488897,8.618628584700096,calibration,110.4719409942627
200m_cross_5_e0003,12.33989078915238,200m_cross_5,178.00336572116285,3.5806350715124773,1.3166981638217006,3,full_6dof_frozen,0.6348572454790172,43.41726826592461,8.594042447731717,calibration,110.7219409942627
200m_cross_5_e0003,12.33203533371671,200m_cross_5,178.00336572116285,3.580056867030048,1.3166981638217006,3,full_6dof_frozen,0.6348572454790172,43.363597994741006,8.582563980282556,calibration,110.9719409942627
200m_cross_5_e0003,12.305149175427553,200m_cross_5,177.6639572005269,3.5719154149433026,1.3166981638217006,3,full_6dof_frozen,0.6348572454790172,43.2744151642644,8.554780622405744,calibration,111.2219409942627
200m_cross_5_e0003,12.266013791402118,200m_cross_5,177.6639572005269,3.5431585761161455,1.3166981638217006,3,full_6dof_frozen,0.6348572454790172,43.10493891316601,8.491769892539688,calibration,111.4719409942627
200m_cross_5_e0003,12.229734667974398,200m_cross_5,177.6639572005269,3.5266038630418457,1.3166981638217006,3,full_6dof_frozen,0.6348572454790172,42.89660243250127,8.44213370419063,calibration,111.7219409942627
200m_cross_5_e0003,12.19705512175979,200m_cross_5,177.66395720052722,3.522713055462587,1.3166981638217006,3,full_6dof_frozen,0.6348572454790172,42.65411067739282,8.406466529970531,calibration,111.9719409942627
200m_cross_5_e0003,12.15708299157481,200m_cross_5,177.6639572005269,3.512354424710419,1.3166981638217006,3,full_6dof_frozen,0.6348572454790172,42.384568579798234,8.358641312429913,calibration,112.2219409942627
200m_cross_5_e0003,12.090047436390467,200m_cross_5,177.6639572005269,3.4747335909637673,1.3166981638217006,3,full_6dof_frozen,0.6348572454790172,42.01836274441214,8.269267843779005,calibration,112.4719409942627
200m_cross_5_e0003,12.02850428870627,200m_cross_5,177.6639572005269,3.4513063863114444,1.3166981638217006,3,full_6dof_frozen,0.6348572454790172,41.6309933231754,8.194282157063585,calibration,112.7219409942627
200m_cross_5_e0003,11.976112698259076,200m_cross_5,177.84234933899555,3.442313776871237,1.3166981638217006,3,full_6dof_frozen,0.6348572454790172,41.20759221110732,8.133527852052207,calibration,112.9719409942627
200m_cross_5_e0003,11.908343986361507,200m_cross_5,177.6639572005269,3.4269136665453575,1.3166981638217006,3,full_6dof_frozen,0.6348572454790172,40.768678588985345,8.06529254537827,calibration,113.2219409942627
200m_cross_5_e0003,11.811438643501875,200m_cross_5,177.6639572005269,3.370857059610076,1.3166981638217006,3,full_6dof_frozen,0.6348572454790172,40.22067081283523,7.948197397380648,calibration,113.4719409942627
200m_cross_5_e0003,11.711473141136247,200m_cross_5,177.3341160150344,3.3310976037693267,1.3166981638217006,3,full_6dof_frozen,0.6348572454790172,39.65287523423813,7.845653603941703,calibration,113.7219409942627
200m_cross_5_e0003,11.627324409001643,200m_cross_5,177.3341160150344,3.3082056121637304,1.3166981638217006,3,full_6dof_frozen,0.6348572454790172,39.06276716117401,7.758117299143407,calibration,113.9719409942627
200m_cross_5_e0003,10.355133747811259,200m_cross_5,136.1939037893372,3.2693671611912816,1.3166981638217006,3,full_6dof_frozen,0.6348572454790172,38.43657075731172,7.652166121842983,calibration,114.2219409942627
200m_cross_5_e0003,10.231303893933841,200m_cross_5,136.19390378933747,3.195543032321023,1.3166981638217006,3,full_6dof_frozen,0.6348572454790172,37.73307056943003,7.50780716118047,calibration,114.4719409942627
200m_cross_5_e0003,9.659256556844104,200m_cross_5,120.28494492059397,3.136678433840532,1.3166981638217006,3,full_6dof_frozen,0.6348572454790172,37.013864228901845,7.377989719950526,calibration,114.7219409942627
200m_cross_5_e0003,9.548724539572593,200m_cross_5,120.28494492059396,3.0936099808342403,1.3166981638217006,3,full_6dof_frozen,0.6348572454790172,36.28121706026647,7.263433972921145,calibration,114.9719409942627
200m_cross_5_e0003,8.403758565561372,200m_cross_5,84.40665309336488,3.0375312522935083,1.3166981638217006,3,full_6dof_frozen,0.6348572454790172,35.52588883528055,7.135203023958611,calibration,115.2219409942627
200m_cross_5_e0003,8.255603322390362,200m_cross_5,84.40665309336512,2.9428365323901926,1.3166981638217006,3,full_6dof_frozen,0.6348572454790172,34.697824667826055,6.96628342500297,calibration,115.4719409942627
200m_cross_5_e0003,7.727698897614756,200m_cross_5,70.84464521640987,2.8634169322839607,1.3166981638217006,3,full_6dof_frozen,0.6348572454790172,33.86707437957455,6.81193214213564,calibration,115.7219409942627
200m_cross_5_e0003,7.594605585154268,200m_cross_5,70.84464521641004,2.8006102648700995,1.3166981638217006,3,full_6dof_frozen,0.6348572454790172,33.02405992605893,6.672650585614079,calibration,115.9719409942627
200m_cross_5_e0003,6.971854715398794,200m_cross_5,53.88203742428256,2.7319450386346884,1.3166981638217006,3,full_6dof_frozen,0.6348572454790172,32.16841125841792,6.524392298972548,calibration,116.2219409942627
200m_cross_5_e0003,6.808174854517157,200m_cross_5,53.882037424283105,2.630014184788738,1.3166981638217006,3,full_6dof_frozen,0.6348572454790172,31.247389547358107,6.336388606504103,calibration,116.4719409942627
200m_cross_5_e0003,5.257056902738838,200m_cross_5,5.017084112570574,2.5456390697026916,1.3166981638217006,3,full_6dof_frozen,0.6348572454790172,30.32664788211442,6.1625024880033665,calibration,116.7219409942627
200m_cross_5_e0003,5.111157915142981,200m_cross_5,5.0170841125707195,2.4806250553075504,1.3166981638217006,3,full_6dof_frozen,0.6348572454790172,29.40241097463275,6.003482694423458,calibration,116.9719409942627
200m_cross_5_e0003,4.962072993555163,200m_cross_5,5.0170841125707195,2.414689413192595,1.3166981638217006,3,full_6dof_frozen,0.6348572454790172,28.466884691954718,5.835713964681644,calibration,117.2219409942627
200m_cross_5_e0003,4.748377806703346,200m_cross_5,3.446663834913848,2.326545658919202,1.3166981638217006,3,full_6dof_frozen,0.6348572454790172,27.477897955601915,5.632983409672269,calibration,117.4719409942627
200m_cross_5_e0003,4.577997983279892,200m_cross_5,3.0339602358876134,2.25897482991668,1.3166981638217006,3,full_6dof_frozen,0.6348572454790172,26.495739190742302,5.443739380326087,calibration,117.7219409942627
200m_cross_5_e0003,4.430573813779571,200m_cross_5,3.0339602358876134,2.2137753849382813,1.3166981638217006,3,full_6dof_frozen,0.6348572454790172,25.521904975108065,5.268868048938931,calibration,117.9719409942627
200m_cross_5_e0003,4.280904641992641,200m_cross_5,3.0339602358876134,2.170821656009904,1.3166981638217006,3,full_6dof_frozen,0.6348572454790172,24.537597491571546,5.084265479986502,calibration,118.2219409942627
200m_cross_5_e0003,4.106855150275961,200m_cross_5,2.7749315013822353,2.1116471730137976,1.3166981638217006,3,full_6dof_frozen,0.6348572454790172,23.5059705926292,4.865459714130462,calibration,118.4719409942627
200m_cross_5_e0003,3.938721197685929,200m_cross_5,2.3100551749983382,2.0763903395461885,1.3166981638217006,3,full_6dof_frozen,0.6348572454790172,22.48861921936674,4.6586379306933425,calibration,118.7219409942627
200m_cross_5_e0003,3.796415598212314,200m_cross_5,2.310055174997549,2.0662878601135612,1.3166981638217006,3,full_6dof_frozen,0.6348572454790172,21.487155612313874,4.464679202572859,calibration,118.9719409942627
200m_cross_5_e0003,3.6532535275647358,200m_cross_5,2.3100551749983382,2.068766067305251,1.3166981638217006,3,full_6dof_frozen,0.6348572454790172,20.468421993505302,4.254105313419657,calibration,119.2219409942627
200m_cross_5_e0003,3.4923093030375405,200m_cross_5,2.3100551749983382,2.058358331034992,1.3166981638217006,3,full_6dof_frozen,0.6348572454790172,19.397256594441586,4.002313117432638,calibration,119.4719409942627
200m_cross_5_e0003,3.3347287687261895,200m_cross_5,2.310055174997865,2.0482168423860294,1.3166981638217006,3,full_6dof_frozen,0.6348572454790172,18.34441561314705,3.7577334176048236,calibration,119.7219409942627
200m_cross_5_e0003,3.180777427502153,200m_cross_5,2.310055174997865,2.038459722901223,1.3166981638217006,3,full_6dof_frozen,0.6348572454790172,17.311393295108534,3.520749736311911,calibration,119.9719409942627
200m_cross_5_e0003,3.0319187710549604,200m_cross_5,2.310055174997865,2.0297370559382917,1.3166981638217006,3,full_6dof_frozen,0.6348572454790172,16.30951097583176,3.291935391985883,calibration,120.2219409942627
200m_cross_5_e0003,2.8888810324521863,200m_cross_5,2.310055174997865,2.0220074280596227,1.3166981638217006,3,full_6dof_frozen,0.6348572454790172,15.344869355795021,3.0719502221214974,calibration,120.4719409942627
200m_cross_5_e0003,2.7513288729560688,200m_cross_5,2.310055174997391,2.0143044959353036,1.3166981638217006,3,full_6dof_frozen,0.6348572454790172,14.4159088628675,2.861507891311935,calibration,120.7219409942627
200m_cross_5_e0003,2.619790519860869,200m_cross_5,2.310055174997865,2.0066187828535353,1.3166981638217006,3,full_6dof_frozen,0.6348572454790172,13.52588875265848,2.6616357027433284,calibration,120.9719409942627
200m_cross_5_e0003,2.4968055658239856,200m_cross_5,2.310055174997391,2.000016505652435,1.3166981638217006,3,full_6dof_frozen,0.6348572454790172,12.69365093587651,2.4738336362851294,calibration,121.2219409942627
200m_cross_5_e0003,2.383908767516552,200m_cross_5,2.310055174997865,1.9944495443857069,1.3166981638217006,3,full_6dof_frozen,0.6348572454790172,11.931292928273027,2.2998069173275164,calibration,121.4719409942627
200m_cross_5_e0003,2.2812057133588586,200m_cross_5,2.310055174997391,1.98874298204689,1.3166981638217006,3,full_6dof_frozen,0.6348572454790172,11.240322614669774,2.1412877405721042,calibration,121.7219409942627
200m_cross_5_e0003,2.1903076105494135,200m_cross_5,2.3100551749983382,1.983039376984459,1.3166981638217006,3,full_6dof_frozen,0.6348572454790172,10.631495657060585,2.0007167137667223,calibration,121.9719409942627
200m_cross_5_e0003,2.1149411283564303,200m_cross_5,2.310055174997391,1.9784304503088497,1.3166981638217006,3,full_6dof_frozen,0.6348572454790172,10.13208908168177,1.881269134950698,calibration,122.2219409942627
200m_cross_5_e0003,12.065177702639161,200m_cross_5,178.02931090005754,3.701052664166278,1.3166981638217006,3,planar_frozen,0.6348572454790172,40.99149366595978,8.228961873263898,calibration,106.2219409942627
200m_cross_5_e0003,12.07852383253279,200m_cross_5,178.02931090005737,3.682553094770668,1.3166981638217006,3,planar_frozen,0.6348572454790172,41.12548913618244,8.259527403280092,calibration,106.4719409942627
200m_cross_5_e0003,12.104646954708473,200m_cross_5,178.02931090005774,3.677632845907262,1.3166981638217006,3,planar_frozen,0.6348572454790172,41.306902094150125,8.307636949946952,calibration,106.7219409942627
200m_cross_5_e0003,12.14343752683083,200m_cross_5,178.02931090005774,3.686318774349248,1.3166981638217006,3,planar_frozen,0.6348572454790172,41.535111228245796,8.373008696107584,calibration,106.9719409942627
200m_cross_5_e0003,12.173546469876877,200m_cross_5,178.02931090005754,3.6875256545740602,1.3166981638217006,3,planar_frozen,0.6348572454790172,41.731460527916454,8.423367294461178,calibration,107.2219409942627
200m_cross_5_e0003,12.179501591005588,200m_cross_5,178.02931090005754,3.66565592968584,1.3166981638217006,3,planar_frozen,0.6348572454790172,41.83933539628651,8.435655007400065,calibration,107.4719409942627
200m_cross_5_e0003,12.19814022831385,200m_cross_5,178.02931090005754,3.6572203784591966,1.3166981638217006,3,planar_frozen,0.6348572454790172,41.994193929618376,8.46547817931984,calibration,107.7219409942627
200m_cross_5_e0003,12.229391875246751,200m_cross_5,178.02931090005754,3.6622854954429407,1.3166981638217006,3,planar_frozen,0.6348572454790172,42.19551883766072,8.512632098323609,calibration,107.9719409942627
200m_cross_5_e0003,12.254927529202353,200m_cross_5,178.02931090005794,3.6630241920270854,1.3166981638217006,3,planar_frozen,0.6348572454790172,42.37517449365082,8.549251379132937,calibration,108.2219409942627
200m_cross_5_e0003,12.254783031103186,200m_cross_5,178.0293109000581,3.640073168737132,1.3166981638217006,3,planar_frozen,0.6348572454790172,42.45883077881258,8.544952451539453,calibration,108.4719409942627
200m_cross_5_e0003,12.267494946030265,200m_cross_5,178.02931090005737,3.6312464121264045,1.3166981638217006,3,planar_frozen,0.6348572454790172,42.589112531371306,8.558082410913476,calibration,108.7219409942627
200m_cross_5_e0003,12.293017913302258,200m_cross_5,178.02931090005774,3.636619554620201,1.3166981638217006,3,planar_frozen,0.6348572454790172,42.76559363185842,8.588501459540167,calibration,108.9719409942627
200m_cross_5_e0003,12.310949473870375,200m_cross_5,178.02931090005774,3.6361579013592094,1.3166981638217006,3,planar_frozen,0.6348572454790172,42.91267563191569,8.605387684453765,calibration,109.2219409942627
200m_cross_5_e0003,12.3058367382189,200m_cross_5,178.02931090005737,3.6144031888519588,1.3166981638217006,3,planar_frozen,0.6348572454790172,42.97376976796201,8.585534792352043,calibration,109.4719409942627
200m_cross_5_e0003,12.313438853602767,200m_cross_5,178.02931090005754,3.60654264002306,1.3166981638217006,3,planar_frozen,0.6348572454790172,43.08121971582298,8.582921310055687,calibration,109.7219409942627
200m_cross_5_e0003,12.333726161641449,200m_cross_5,178.02931090005774,3.612640511011405,1.3166981638217006,3,planar_frozen,0.6348572454790172,43.23467985644898,8.597464661622162,calibration,109.9719409942627
200m_cross_5_e0003,12.346465946734767,200m_cross_5,178.02931090005737,3.612132384058484,1.3166981638217006,3,planar_frozen,0.6348572454790172,43.360960403943636,8.598870191596347,calibration,110.2219409942627
200m_cross_5_e0003,12.335277605077483,200m_cross_5,178.02931090005754,3.588429386293299,1.3166981638217006,3,planar_frozen,0.6348572454790172,43.40100651756727,8.562410422773395,calibration,110.4719409942627
200m_cross_5_e0003,12.324812249804179,200m_cross_5,178.02931090005754,3.5758042598725033,1.3166981638217006,3,planar_frozen,0.6348572454790172,43.38737174964936,8.53794290773382,calibration,110.7219409942627
200m_cross_5_e0003,12.317023223312841,200m_cross_5,178.02931090005754,3.5752848807651745,1.3166981638217006,3,planar_frozen,0.6348572454790172,43.334092462537,8.526503050678865,calibration,110.9719409942627
200m_cross_5_e0003,12.289871562450454,200m_cross_5,177.67726463519855,3.56721928923799,1.3166981638217006,3,planar_frozen,0.6348572454790172,43.245392532004715,8.498829687729664,calibration,111.2219409942627
200m_cross_5_e0003,12.250897185754399,200m_cross_5,177.67726463519855,3.5385958130582673,1.3166981638217006,3,planar_frozen,0.6348572454790172,43.076526933856634,8.43609639695629,calibration,111.4719409942627
200m_cross_5_e0003,12.214743770718899,200m_cross_5,177.67726463519855,3.5221680782962568,1.3166981638217006,3,planar_frozen,0.6348572454790172,42.868644374269884,8.386650159508859,calibration,111.7219409942627
200m_cross_5_e0003,12.182154629914875,200m_cross_5,177.67726463519855,3.5183930689708984,1.3166981638217006,3,planar_frozen,0.6348572454790172,42.626461830412495,8.351087409626361,calibration,111.9719409942627
200m_cross_5_e0003,12.142295970079779,200m_cross_5,177.67726463519855,3.508161759284451,1.3166981638217006,3,planar_frozen,0.6348572454790172,42.35731581410352,8.303419301416113,calibration,112.2219409942627
200m_cross_5_e0003,12.07545279353428,200m_cross_5,177.67726463519855,3.470743081483509,1.3166981638217006,3,planar_frozen,0.6348572454790172,41.99164954888037,8.214401014301771,calibration,112.4719409942627
200m_cross_5_e0003,12.014058964199625,200m_cross_5,177.67726463519855,3.447482252942162,1.3166981638217006,3,planar_frozen,0.6348572454790172,41.60469362106418,8.139677879105495,calibration,112.7219409942627
200m_cross_5_e0003,11.961903821893742,200m_cross_5,177.86034014211853,3.4386193568659644,1.3166981638217006,3,planar_frozen,0.6348572454790172,41.181542108582576,8.079095773431506,calibration,112.9719409942627
200m_cross_5_e0003,11.894120250931167,200m_cross_5,177.67726463519855,3.42335430181413,1.3166981638217006,3,planar_frozen,0.6348572454790172,40.742959593800975,8.01106457827486,calibration,113.2219409942627
200m_cross_5_e0003,11.797431821101437,200m_cross_5,177.6772646351984,3.3675361837381255,1.3166981638217006,3,planar_frozen,0.6348572454790172,40.19544948947509,7.894407678082517,calibration,113.4719409942627
200m_cross_5_e0003,11.698074658031452,200m_cross_5,177.36290402225333,3.327963363237445,1.3166981638217006,3,planar_frozen,0.6348572454790172,39.628012548138464,7.792203693227517,calibration,113.7219409942627
200m_cross_5_e0003,11.614038747996254,200m_cross_5,177.36290402225322,3.305201196457385,1.3166981638217006,3,planar_frozen,0.6348572454790172,39.03811533609251,7.704909693707973,calibration,113.9719409942627
200m_cross_5_e0003,10.342159370485916,200m_cross_5,136.22815598686532,3.266525349110645,1.3166981638217006,3,planar_frozen,0.6348572454790172,38.41224446885732,7.599300561835756,calibration,114.2219409942627
200m_cross_5_e0003,10.218572172246029,200m_cross_5,136.22815598686532,3.192956030527909,1.3166981638217006,3,planar_frozen,0.6348572454790172,37.70923459427829,7.455485038897049,calibration,114.4719409942627
200m_cross_5_e0003,9.645614702668427,200m_cross_5,120.2806590931066,3.134298873383615,1.3166981638217006,3,planar_frozen,0.6348572454790172,36.99036992614183,7.326105795616628,calibration,114.7219409942627
200m_cross_5_e0003,9.535220623834277,200m_cross_5,120.28065909310658,3.0913840860919577,1.3166981638217006,3,planar_frozen,0.6348572454790172,36.257921742471545,7.211884138767122,calibration,114.9719409942627
200m_cross_5_e0003,8.391247924515962,200m_cross_5,84.4308273147914,3.0354888968646767,1.3166981638217006,3,planar_frozen,0.6348572454790172,35.50291277927934,7.084088312243099,calibration,115.2219409942627
200m_cross_5_e0003,8.243384431870146,200m_cross_5,84.43082731479164,2.941093793499892,1.3166981638217006,3,planar_frozen,0.6348572454790172,34.6753709480231,6.915866936916741,calibration,115.4719409942627
200m_cross_5_e0003,7.715373124787905,200m_cross_5,70.85666821672804,2.8619214093635037,1.3166981638217006,3,planar_frozen,0.6348572454790172,33.845018647376754,6.762106110827014,calibration,115.7219409942627
200m_cross_5_e0003,7.58245950693067,200m_cross_5,70.856668216728,2.799301458151748,1.3166981638217006,3,planar_frozen,0.6348572454790172,33.00222766885327,6.623300096155513,calibration,115.9719409942627
200m_cross_5_e0003,6.9587592827644595,200m_cross_5,53.853071543463045,2.7308412332877863,1.3166981638217006,3,planar_frozen,0.6348572454790172,32.14693218750088,6.475632329811775,calibration,116.2219409942627
200m_cross_5_e0003,6.795441380307675,200m_cross_5,53.853071543462775,2.6292467747977635,1.3166981638217006,3,planar_frozen,0.6348572454790172,31.226515647970142,6.288575184776637,calibration,116.4719409942627
200m_cross_5_e0003,5.24458491184073,200m_cross_5,4.986669441590699,2.545138353722872,1.3166981638217006,3,planar_frozen,0.6348572454790172,30.306239166133928,6.115526371133231,calibration,116.7219409942627
200m_cross_5_e0003,5.098920537336199,200m_cross_5,4.986669441590699,2.480307387880605,1.3166981638217006,3,planar_frozen,0.6348572454790172,29.38229656190386,5.957227410462719,calibration,116.9719409942627
200m_cross_5_e0003,4.9501258726086,200m_cross_5,4.986669441590699,2.4145678841861784,1.3166981638217006,3,planar_frozen,0.6348572454790172,28.44722630938857,5.790355052573084,calibration,117.2219409942627
200m_cross_5_e0003,4.736871730347626,200m_cross_5,3.41585497749227,2.3267455183506383,1.3166981638217006,3,planar_frozen,0.6348572454790172,27.458996268851664,5.588972037562337,calibration,117.4719409942627
200m_cross_5_e0003,4.567505683382234,200m_cross_5,3.0251057843519025,2.2594088290645855,1.3166981638217006,3,planar_frozen,0.6348572454790172,26.477433090454987,5.400972520716238,calibration,117.7219409942627
200m_cross_5_e0003,4.420396517160192,200m_cross_5,3.025105784352264,2.2143396936361563,1.3166981638217006,3,planar_frozen,0.6348572454790172,25.504039064142866,5.227238928476088,calibration,117.9719409942627
200m_cross_5_e0003,4.27111675649013,200m_cross_5,3.0251057843519025,2.1715224810147107,1.3166981638217006,3,planar_frozen,0.6348572454790172,24.52038005323682,5.044031651614595,calibration,118.2219409942627
200m_cross_5_e0003,4.097111007398555,200m_cross_5,2.7471576776196156,2.112603633397466,1.3166981638217006,3,planar_frozen,0.6348572454790172,23.48977523882583,4.827210265114613,calibration,118.4719409942627
200m_cross_5_e0003,3.9294077528507008,200m_cross_5,2.2791977593217774,2.077495877525711,1.3166981638217006,3,planar_frozen,0.6348572454790172,22.473287275141224,4.622302317570263,calibration,118.7219409942627
200m_cross_5_e0003,3.787550021315316,200m_cross_5,2.2791977593212978,2.0674216387769433,1.3166981638217006,3,planar_frozen,0.6348572454790172,21.47253410785002,4.430180641453621,calibration,118.9719409942627
200m_cross_5_e0003,3.6449266501651336,200m_cross_5,2.2791977593217774,2.0698674999660445,1.3166981638217006,3,planar_frozen,0.6348572454790172,20.454802779630157,4.2218530144974045,calibration,119.2219409942627
200m_cross_5_e0003,3.484754279414246,200m_cross_5,2.2791977593212978,2.059502009711594,1.3166981638217006,3,planar_frozen,0.6348572454790172,19.385119973560304,3.9731083808687124,calibration,119.4719409942627
200m_cross_5_e0003,3.327945171387469,200m_cross_5,2.2791977593212978,2.049413854010156,1.3166981638217006,3,planar_frozen,0.6348572454790172,18.333634313931572,3.7316192633849234,calibration,119.7219409942627
200m_cross_5_e0003,3.1747634830181264,200m_cross_5,2.2791977593217774,2.039718663696041,1.3166981638217006,3,planar_frozen,0.6348572454790172,17.301827817695585,3.497772720179661,calibration,119.9719409942627
200m_cross_5_e0003,3.026708634585617,200m_cross_5,2.2791977593212978,2.0310429509900483,1.3166981638217006,3,planar_frozen,0.6348572454790172,16.301331274843562,3.272206270619848,calibration,120.2219409942627
200m_cross_5_e0003,2.884512800946239,200m_cross_5,2.2791977593217774,2.0233458309851717,1.3166981638217006,3,planar_frozen,0.6348572454790172,15.338272838034712,3.0555848541687762,calibration,120.4719409942627
200m_cross_5_e0003,2.7478023526274784,200m_cross_5,2.2791977593212978,2.0156897098969204,1.3166981638217006,3,planar_frozen,0.6348572454790172,14.410758136521125,2.848550165145585,calibration,120.7219409942627
200m_cross_5_e0003,2.617092265478323,200m_cross_5,2.2791977593216175,2.008067109532382,1.3166981638217006,3,planar_frozen,0.6348572454790172,13.52195366551094,2.6521062988457533,calibration,120.9719409942627
200m_cross_5_e0003,2.4949662225601497,200m_cross_5,2.2791977593212978,2.0015117708489223,1.3166981638217006,3,planar_frozen,0.6348572454790172,12.69111425844609,2.467821352259792,calibration,121.2219409942627
200m_cross_5_e0003,2.3829554163682176,200m_cross_5,2.2791977593217774,1.995976184062043,1.3166981638217006,3,planar_frozen,0.6348572454790172,11.93035626607339,2.297372295464544,calibration,121.4719409942627
200m_cross_5_e0003,2.281096506871525,200m_cross_5,2.2791977593212978,1.990319204619789,1.3166981638217006,3,planar_frozen,0.6348572454790172,11.240695002500354,2.142336678838091,calibration,121.7219409942627
200m_cross_5_e0003,2.1909750692107854,200m_cross_5,2.2791977593217774,1.984681016602685,1.3166981638217006,3,planar_frozen,0.6348572454790172,10.632818343814408,2.0050647999058038,calibration,121.9719409942627
200m_cross_5_e0003,2.1163468848523506,200m_cross_5,2.2791977593212978,1.9801212102473666,1.3166981638217006,3,planar_frozen,0.6348572454790172,10.134451615882899,1.8887069193383168,calibration,122.2219409942627
300m_cross_5_e0001,5.646626501571567,300m_cross_5,6.059646208025576,2.6404246156132563,1.2031481017119887,1,full_6dof_frozen,0.2979240433196302,33.88407109485396,6.024725523738441,calibration,69.14805221557617
300m_cross_5_e0001,6.268771529331653,300m_cross_5,24.11996992899308,2.6483614652865173,1.2031481017119887,1,full_6dof_frozen,0.2979240433196302,34.72202051577353,6.123201623437815,calibration,69.39805221557617
300m_cross_5_e0001,6.381702051633952,300m_cross_5,24.11996992899311,2.656997728365302,1.2031481017119887,1,full_6dof_frozen,0.2979240433196302,35.62671382690713,6.221113807584531,calibration,69.64805221557617
300m_cross_5_e0001,6.500853563593847,300m_cross_5,24.119969928993005,2.6663234925937034,1.2031481017119887,1,full_6dof_frozen,0.2979240433196302,36.59320103763445,6.318084821639697,calibration,69.89805221557617
300m_cross_5_e0001,6.625684667137845,300m_cross_5,24.11996992899307,2.6763281860971753,1.2031481017119887,1,full_6dof_frozen,0.2979240433196302,37.61671943334484,6.413806652332031,calibration,70.14805221557617
300m_cross_5_e0001,6.735980687669377,300m_cross_5,24.119969928993036,2.6816784132596503,1.2031481017119887,1,full_6dof_frozen,0.2979240433196302,38.51090082451341,6.509279014134614,calibration,70.39805221557617
300m_cross_5_e0001,6.846360788845559,300m_cross_5,24.11996992899302,2.6869222385761846,1.2031481017119887,1,full_6dof_frozen,0.2979240433196302,39.40904336625691,6.603368540282889,calibration,70.64805221557617
300m_cross_5_e0001,7.2411108853012625,300m_cross_5,33.86924988900234,2.6937701851819824,1.2031481017119887,1,full_6dof_frozen,0.2979240433196302,40.36395250390128,6.695496929394888,calibration,70.89805221557617
300m_cross_5_e0001,7.362698826864352,300m_cross_5,33.86924988900251,2.7021936733020713,1.2031481017119887,1,full_6dof_frozen,0.2979240433196302,41.37169769778065,6.785524893403816,calibration,71.14805221557617
300m_cross_5_e0001,7.4674891891231585,300m_cross_5,33.8692498890021,2.702076490950028,1.2031481017119887,1,full_6dof_frozen,0.2979240433196302,42.24067076207748,6.875185476469565,calibration,71.39805221557617
300m_cross_5_e0001,7.5721185761464875,300m_cross_5,33.86924988900228,2.7008907608295085,1.2031481017119887,1,full_6dof_frozen,0.2979240433196302,43.1152825365974,6.963002741193755,calibration,71.64805221557617
300m_cross_5_e0001,8.139584354179886,300m_cross_5,49.879607792706395,2.7013159657464967,1.2031481017119887,1,full_6dof_frozen,0.2979240433196302,44.04328333869417,7.048428569207273,calibration,71.89805221557617
300m_cross_5_e0001,8.25467090746046,300m_cross_5,49.87960779270651,2.703335840240236,1.2031481017119887,1,full_6dof_frozen,0.2979240433196302,45.02137185333042,7.131450620802433,calibration,72.14805221557617
300m_cross_5_e0001,8.355811631790734,300m_cross_5,49.87960779270648,2.705217446244706,1.2031481017119887,1,full_6dof_frozen,0.2979240433196302,45.858809510565806,7.215299403828667,calibration,72.39805221557617
300m_cross_5_e0001,8.455668510026298,300m_cross_5,49.87960779270655,2.707404383562924,1.2031481017119887,1,full_6dof_frozen,0.2979240433196302,46.68507145157059,7.297807928973717,calibration,72.64805221557617
300m_cross_5_e0001,8.560464229692212,300m_cross_5,49.87960779270648,2.71037985028507,1.2031481017119887,1,full_6dof_frozen,0.2979240433196302,47.56288922792049,7.37791852792477,calibration,72.89805221557617
300m_cross_5_e0001,8.66993487105502,300m_cross_5,49.87960779270654,2.714137424395807,1.2031481017119887,1,full_6dof_frozen,0.2979240433196302,48.489462933032314,7.455722258664995,calibration,73.14805221557617
300m_cross_5_e0001,10.290647185914226,300m_cross_5,102.61822973315893,2.718669753831387,1.2031481017119887,1,full_6dof_frozen,0.2979240433196302,49.46205260518095,7.531346265858019,calibration,73.39805221557617
300m_cross_5_e0001,10.408729249399931,300m_cross_5,102.61822973315891,2.7239685870882577,1.2031481017119887,1,full_6dof_frozen,0.2979240433196302,50.47799846327859,7.60495226547627,calibration,73.64805221557617
300m_cross_5_e0001,10.530778376468987,300m_cross_5,102.61822973315884,2.7300248074299382,1.2031481017119887,1,full_6dof_frozen,0.2979240433196302,51.53473642464,7.676735219571394,calibration,73.89805221557617
300m_cross_5_e0001,10.656590947930285,300m_cross_5,102.61822973315887,2.736828470349764,1.2031481017119887,1,full_6dof_frozen,0.2979240433196302,52.62980938985789,7.746922156069227,calibration,74.14805221557617
300m_cross_5_e0001,10.761278180899712,300m_cross_5,102.61822973315884,2.731607206771051,1.2031481017119887,1,full_6dof_frozen,0.2979240433196302,53.539573100200975,7.824178571709337,calibration,74.39805221557617
300m_cross_5_e0001,10.863092065760066,300m_cross_5,102.618229733159,2.7240787282143577,1.2031481017119887,1,full_6dof_frozen,0.2979240433196302,54.425794606201,7.902684707272232,calibration,74.64805221557617
300m_cross_5_e0001,12.028163012546342,300m_cross_5,139.67042089222684,2.718224295415324,1.2031481017119887,1,full_6dof_frozen,0.2979240433196302,55.354787951306434,7.980129991068164,calibration,74.89805221557617
300m_cross_5_e0001,12.139069184853652,300m_cross_5,139.67042089222727,2.714037927739378,1.2031481017119887,1,full_6dof_frozen,0.2979240433196302,56.32443678906099,8.056813713187282,calibration,75.14805221557617
300m_cross_5_e0001,12.232054471060428,300m_cross_5,139.6704208922265,2.709075253052822,1.2031481017119887,1,full_6dof_frozen,0.2979240433196302,57.09606211047172,8.14419860799351,calibration,75.39805221557617
300m_cross_5_e0001,12.323683113200932,300m_cross_5,139.6704208922265,2.7050935041469146,1.2031481017119887,1,full_6dof_frozen,0.2979240433196302,57.84534230767469,8.234337968271056,calibration,75.64805221557617
300m_cross_5_e0001,13.419260582326917,300m_cross_5,174.6342744441294,2.70278195809116,1.2031481017119887,1,full_6dof_frozen,0.2979240433196302,58.63913621473455,8.32434471543022,calibration,75.89805221557617
300m_cross_5_e0001,13.520740976774011,300m_cross_5,174.6342744441292,2.702127566952317,1.2031481017119887,1,full_6dof_frozen,0.2979240433196302,59.475661547201355,8.41457467333039,calibration,76.14805221557617
300m_cross_5_e0001,13.605484219917269,300m_cross_5,174.6342744441293,2.7017090453004795,1.2031481017119887,1,full_6dof_frozen,0.2979240433196302,60.11721694493014,8.518210726268668,calibration,76.39805221557617
300m_cross_5_e0001,13.688257038188581,300m_cross_5,174.6342744441292,2.7024986403484537,1.2031481017119887,1,full_6dof_frozen,0.2979240433196302,60.7252550166957,8.626739789995844,calibration,76.64805221557617
300m_cross_5_e0001,13.838309441240453,300m_cross_5,176.80260256761864,2.704961397848224,1.2031481017119887,1,full_6dof_frozen,0.2979240433196302,61.37924667936539,8.736140217588922,calibration,76.89805221557617
300m_cross_5_e0001,13.931662199793548,300m_cross_5,176.80260256761864,2.7090743989089767,1.2031481017119887,1,full_6dof_frozen,0.2979240433196302,62.07773958074488,8.846802557896726,calibration,77.14805221557617
300m_cross_5_e0001,14.009660759724532,300m_cross_5,176.80260256761886,2.716176484283485,1.2031481017119887,1,full_6dof_frozen,0.2979240433196302,62.58151497890841,8.973070849512332,calibration,77.39805221557617
300m_cross_5_e0001,14.085806811478484,300m_cross_5,176.80260256761886,2.725395213975224,1.2031481017119887,1,full_6dof_frozen,0.2979240433196302,63.04653629765616,9.105925899421981,calibration,77.64805221557617
300m_cross_5_e0001,14.155654888221171,300m_cross_5,177.10346175725732,2.719898930830837,1.2031481017119887,1,full_6dof_frozen,0.2979240433196302,63.4716881486396,9.208770945316953,calibration,77.89805221557617
300m_cross_5_e0001,14.204912575429086,300m_cross_5,177.13319667077252,2.7096115090614625,1.2031481017119887,1,full_6dof_frozen,0.2979240433196302,63.84909561553267,9.279253506071065,calibration,78.14805221557617
300m_cross_5_e0001,14.244454342533091,300m_cross_5,177.13632381904753,2.719694166280897,1.2031481017119887,1,full_6dof_frozen,0.2979240433196302,64.03475979913354,9.366879085623726,calibration,78.39805221557617
300m_cross_5_e0001,14.287443356539852,300m_cross_5,177.1363238190483,2.748374011243996,1.2031481017119887,1,full_6dof_frozen,0.2979240433196302,64.17752785013938,9.46264038854934,calibration,78.64805221557617
300m_cross_5_e0001,14.316387388673274,300m_cross_5,177.13632381904753,2.762630580768126,1.2031481017119887,1,full_6dof_frozen,0.2979240433196302,64.28327852397177,9.530724263093477,calibration,78.89805221557617
300m_cross_5_e0001,14.328340343746103,300m_cross_5,177.1363238190478,2.758323950119109,1.2031481017119887,1,full_6dof_frozen,0.2979240433196302,64.34250348422479,9.568054276079438,calibration,79.14805221557617
300m_cross_5_e0001,14.328702370706724,300m_cross_5,177.1363238190483,2.770091903045255,1.2031481017119887,1,full_6dof_frozen,0.2979240433196302,64.195551939632,9.623726928301965,calibration,79.39805221557617
300m_cross_5_e0001,14.332684199192514,300m_cross_5,177.13632381904804,2.797343232484809,1.2031481017119887,1,full_6dof_frozen,0.2979240433196302,64.01764963756045,9.68716833936746,calibration,79.64805221557617
300m_cross_5_e0001,14.327744233109804,300m_cross_5,177.13632381904816,2.816211506719246,1.2031481017119887,1,full_6dof_frozen,0.2979240433196302,63.81901012068858,9.73034114366577,calibration,79.89805221557617
300m_cross_5_e0001,14.30094307623791,300m_cross_5,177.1363238190478,2.8114397077840048,1.2031481017119887,1,full_6dof_frozen,0.2979240433196302,63.55304214075039,9.737272347500857,calibration,80.14805221557617
300m_cross_5_e0001,14.284691674575209,300m_cross_5,177.1363238190483,2.8228802471655494,1.2031481017119887,1,full_6dof_frozen,0.2979240433196302,63.33243517739819,9.747251255227468,calibration,80.39805221557617
300m_cross_5_e0001,14.279132640123319,300m_cross_5,177.13632381904816,2.850626127872462,1.2031481017119887,1,full_6dof_frozen,0.2979240433196302,63.15766456456884,9.760598254871185,calibration,80.64805221557617
300m_cross_5_e0001,14.264360786607241,300m_cross_5,177.13632381904816,2.8747324377268484,1.2031481017119887,1,full_6dof_frozen,0.2979240433196302,62.94978247300788,9.750502849980641,calibration,80.89805221557617
300m_cross_5_e0001,14.230863014552314,300m_cross_5,177.13632381904816,2.880165390907784,1.2031481017119887,1,full_6dof_frozen,0.2979240433196302,62.68228913912879,9.707705734677322,calibration,81.14805221557617
300m_cross_5_e0001,14.18120414392135,300m_cross_5,177.1363238190479,2.891069207368006,1.2031481017119887,1,full_6dof_frozen,0.2979240433196302,62.19902571360853,9.682870066848972,calibration,81.39805221557617
300m_cross_5_e0001,14.130555297796537,300m_cross_5,177.13632381904816,2.906281338130539,1.2031481017119887,1,full_6dof_frozen,0.2979240433196302,61.675498362872204,9.666035960322136,calibration,81.64805221557617
300m_cross_5_e0001,14.08611851399176,300m_cross_5,177.13632381904753,2.925295366837907,1.2031481017119887,1,full_6dof_frozen,0.2979240433196302,61.1942479830264,9.652787183375633,calibration,81.89805221557617
300m_cross_5_e0001,14.048061542477305,300m_cross_5,177.1363238190479,2.9481011705885187,1.2031481017119887,1,full_6dof_frozen,0.2979240433196302,60.75627920981149,9.643477039493073,calibration,82.14805221557617
300m_cross_5_e0001,14.016545665022585,300m_cross_5,177.13632381904816,2.974673659898689,1.2031481017119887,1,full_6dof_frozen,0.2979240433196302,60.36253415775363,9.638482696064747,calibration,82.39805221557617
300m_cross_5_e0001,13.99172472560856,300m_cross_5,177.1363238190483,3.0049736388212382,1.2031481017119887,1,full_6dof_frozen,0.2979240433196302,60.013883275325036,9.638203475337985,calibration,82.64805221557617
300m_cross_5_e0001,13.879593109055522,300m_cross_5,174.6342744441293,3.0174755114522696,1.2031481017119887,1,full_6dof_frozen,0.2979240433196302,59.617654352746044,9.612259024465661,calibration,82.89805221557617
300m_cross_5_e0001,13.82389403002161,300m_cross_5,174.6342744441294,3.0186960298443264,1.2031481017119887,1,full_6dof_frozen,0.2979240433196302,59.16549248829992,9.55781036419906,calibration,83.14805221557617
300m_cross_5_e0001,13.778249182319437,300m_cross_5,174.634274444129,3.0344523931659824,1.2031481017119887,1,full_6dof_frozen,0.2979240433196302,58.75683153452759,9.507655997038315,calibration,83.39805221557617
300m_cross_5_e0001,13.742854518718307,300m_cross_5,174.63427444412886,3.064782815159911,1.2031481017119887,1,full_6dof_frozen,0.2979240433196302,58.392584822945146,9.462255331500703,calibration,83.64805221557617
300m_cross_5_e0001,13.694091207522344,300m_cross_5,174.60849723433736,3.088852535169631,1.2031481017119887,1,full_6dof_frozen,0.2979240433196302,57.97605464917279,9.390270120932511,calibration,83.89805221557617
300m_cross_5_e0001,13.627260701468513,300m_cross_5,174.53246842537501,3.0977006541497336,1.2031481017119887,1,full_6dof_frozen,0.2979240433196302,57.501682971434725,9.28941782298874,calibration,84.14805221557617
300m_cross_5_e0001,13.546170058954083,300m_cross_5,174.39042738791858,3.1249899656047475,1.2031481017119887,1,full_6dof_frozen,0.2979240433196302,56.80984763900065,9.204691667654759,calibration,84.39805221557617
300m_cross_5_e0001,13.464977249618956,300m_cross_5,174.22377043311485,3.160458605491845,1.2031481017119887,1,full_6dof_frozen,0.2979240433196302,56.08057800020229,9.128056176967009,calibration,84.64805221557617
300m_cross_5_e0001,13.311955166312629,300m_cross_5,171.32816401251125,3.1997040429049237,1.2031481017119887,1,full_6dof_frozen,0.2979240433196302,55.39005461595377,9.056456450290733,calibration,84.89805221557617
300m_cross_5_e0001,12.8043975097973,300m_cross_5,155.80127207814172,3.242630517564507,1.2031481017119887,1,full_6dof_frozen,0.2979240433196302,54.739743818647675,8.990406861130136,calibration,85.14805221557617
300m_cross_5_e0001,12.715227954178793,300m_cross_5,155.80127207814178,3.2672952584192907,1.2031481017119887,1,full_6dof_frozen,0.2979240433196302,53.86494302256279,8.940851579655412,calibration,85.39805221557617
300m_cross_5_e0001,12.626010350857717,300m_cross_5,155.80127207814178,3.2911732667228164,1.2031481017119887,1,full_6dof_frozen,0.2979240433196302,52.97490884425613,8.899983971697475,calibration,85.64805221557617
300m_cross_5_e0001,12.51844531523555,300m_cross_5,155.80127207814158,3.2941758061944855,1.2031481017119887,1,full_6dof_frozen,0.2979240433196302,52.02064682701991,8.834285569751994,calibration,85.89805221557617
300m_cross_5_e0001,12.390555956555652,300m_cross_5,155.80127207814175,3.2799073922745237,1.2031481017119887,1,full_6dof_frozen,0.2979240433196302,50.98224369288895,8.737821033284565,calibration,86.14805221557617
300m_cross_5_e0001,11.99530034623616,300m_cross_5,146.1407581168465,3.2789984445750404,1.2031481017119887,1,full_6dof_frozen,0.2979240433196302,49.97419985141348,8.64715323829949,calibration,86.39805221557617
300m_cross_5_e0001,11.885096165986328,300m_cross_5,146.14075811684668,3.2917088679928352,1.2031481017119887,1,full_6dof_frozen,0.2979240433196302,48.998389083573336,8.562853681940716,calibration,86.64805221557617
300m_cross_5_e0001,11.754234882847681,300m_cross_5,146.14075811684668,3.2805487743503075,1.2031481017119887,1,full_6dof_frozen,0.2979240433196302,47.94992286868114,8.451380529764462,calibration,86.89805221557617
300m_cross_5_e0001,11.600014480097132,300m_cross_5,146.14075811684634,3.2427145305150793,1.2031481017119887,1,full_6dof_frozen,0.2979240433196302,46.81774436983793,8.309424838492088,calibration,87.14805221557617
300m_cross_5_e0001,10.991363432652351,300m_cross_5,129.9621380685969,3.217479048824716,1.2031481017119887,1,full_6dof_frozen,0.2979240433196302,45.712095185367296,8.172284765118313,calibration,87.39805221557617
300m_cross_5_e0001,10.85327861316976,300m_cross_5,129.96213806859674,3.2053887767976335,1.2031481017119887,1,full_6dof_frozen,0.2979240433196302,44.634946826250804,8.040585300642089,calibration,87.64805221557617
300m_cross_5_e0001,10.70314883182315,300m_cross_5,129.96213806859683,3.190613657856646,1.2031481017119887,1,full_6dof_frozen,0.2979240433196302,43.49463005961278,7.884719975463029,calibration,87.89805221557617
300m_cross_5_e0001,10.531961113350976,300m_cross_5,129.96213806859714,3.1613562245284577,1.2031481017119887,1,full_6dof_frozen,0.2979240433196302,42.26030444029101,7.6947065816433105,calibration,88.14805221557617
300m_cross_5_e0001,10.36444573973001,300m_cross_5,129.962138068597,3.134946932430074,1.2031481017119887,1,full_6dof_frozen,0.2979240433196302,41.047174845053604,7.5077099979878446,calibration,88.39805221557617
300m_cross_5_e0001,10.200962357949743,300m_cross_5,129.962138068597,3.1115236231676597,1.2031481017119887,1,full_6dof_frozen,0.2979240433196302,39.85717674579494,7.324330987486531,calibration,88.64805221557617
300m_cross_5_e0001,10.041905278060222,300m_cross_5,129.96213806859703,3.0912193504974095,1.2031481017119887,1,full_6dof_frozen,0.2979240433196302,38.69244445032499,7.145252190224309,calibration,88.89805221557617
300m_cross_5_e0001,8.387986154080465,300m_cross_5,77.47194169621139,3.0741608519969557,1.2031481017119887,1,full_6dof_frozen,0.2979240433196302,37.55532879563494,6.971244710274018,calibration,89.14805221557617
300m_cross_5_e0001,8.239115999723436,300m_cross_5,77.47194169621153,3.060466997646422,1.2031481017119887,1,full_6dof_frozen,0.2979240433196302,36.44841462074616,6.803174116517464,calibration,89.39805221557617
300m_cross_5_e0001,8.096087908385025,300m_cross_5,77.4719416962114,3.0502472584773597,1.2031481017119887,1,full_6dof_frozen,0.2979240433196302,35.37453716720844,6.642005285209393,calibration,89.64805221557617
300m_cross_5_e0001,7.9328668192839285,300m_cross_5,77.47194169621181,3.0027829524799095,1.2031481017119887,1,full_6dof_frozen,0.2979240433196302,34.25738707331253,6.463582063314224,calibration,89.89805221557617
300m_cross_5_e0001,7.746403884988769,300m_cross_5,77.47194169621183,2.9179885131824714,1.2031481017119887,1,full_6dof_frozen,0.2979240433196302,33.07871066005594,6.261929663962448,calibration,90.14805221557617
300m_cross_5_e0001,6.520156603288841,300m_cross_5,40.79960553157015,2.8455583392771504,1.2031481017119887,1,full_6dof_frozen,0.2979240433196302,31.9283376204383,6.065501898157881,calibration,90.39805221557617
300m_cross_5_e0001,6.350630992744716,300m_cross_5,40.79960553157074,2.7867549699334964,1.2031481017119887,1,full_6dof_frozen,0.2979240433196302,30.80943851987164,5.8753290112932595,calibration,90.64805221557617
300m_cross_5_e0001,6.170670989575577,300m_cross_5,40.79960553156954,2.714149015448647,1.2031481017119887,1,full_6dof_frozen,0.2979240433196302,29.65832349752355,5.672096430763195,calibration,90.89805221557617
300m_cross_5_e0001,5.918087418208182,300m_cross_5,7.104229661107634,2.6394728718038025,1.2031481017119887,1,planar_frozen,0.2979240433196302,35.92945428938144,6.211698541757047,calibration,69.14805221557617
300m_cross_5_e0001,6.4495412154908,300m_cross_5,22.143701663231255,2.6473797752328663,1.2031481017119887,1,planar_frozen,0.2979240433196302,36.719728618760435,6.312156190795488,calibration,69.39805221557617
300m_cross_5_e0001,6.557871288876103,300m_cross_5,22.14370166323121,2.655978435648017,1.2031481017119887,1,planar_frozen,0.2979240433196302,37.57534895124641,6.41166529078711,calibration,69.64805221557617
300m_cross_5_e0001,6.6722675833699485,300m_cross_5,22.14370166323121,2.6652591376624377,1.2031481017119887,1,planar_frozen,0.2979240433196302,38.491957893179624,6.509874455599028,calibration,69.89805221557617
300m_cross_5_e0001,6.792244580255165,300m_cross_5,22.14370166323121,2.6752115173950233,1.2031481017119887,1,planar_frozen,0.2979240433196302,39.4653061658281,6.606498004146562,calibration,70.14805221557617
300m_cross_5_e0001,6.898597567735532,300m_cross_5,22.14370166323124,2.6806499356618625,1.2031481017119887,1,planar_frozen,0.2979240433196302,40.3176009969603,6.703051495537559,calibration,70.39805221557617
300m_cross_5_e0001,7.005164679626187,300m_cross_5,22.14370166323121,2.6859872900772,1.2031481017119887,1,planar_frozen,0.2979240433196302,41.17547240972471,6.798055757916408,calibration,70.64805221557617
300m_cross_5_e0001,7.425517640744916,300m_cross_5,32.92743103586147,2.692885208187751,1.2031481017119887,1,planar_frozen,0.2979240433196302,42.08946248342425,6.890796228957423,calibration,70.89805221557617
300m_cross_5_e0001,7.543051729605889,300m_cross_5,32.92743103586127,2.701315672408995,1.2031481017119887,1,planar_frozen,0.2979240433196302,43.055997515895776,6.981148383324483,calibration,71.14805221557617
300m_cross_5_e0001,7.644606247716107,300m_cross_5,32.92743103586148,2.701424100825219,1.2031481017119887,1,planar_frozen,0.2979240433196302,43.890844657272496,7.0713166891601364,calibration,71.39805221557617
300m_cross_5_e0001,7.746088345730065,300m_cross_5,32.92743103586127,2.7004918724860545,1.2031481017119887,1,planar_frozen,0.2979240433196302,44.732435751808886,7.159485345860374,calibration,71.64805221557617
300m_cross_5_e0001,8.281496660827713,300m_cross_5,47.93043935527847,2.7011289393367823,1.2031481017119887,1,planar_frozen,0.2979240433196302,45.6268042833604,7.244993974714421,calibration,71.89805221557617
300m_cross_5_e0001,8.393206350235355,300m_cross_5,47.93043935527827,2.7033189806656597,1.2031481017119887,1,planar_frozen,0.2979240433196302,46.57090966682875,7.327839661137021,calibration,72.14805221557617
300m_cross_5_e0001,8.491600069005687,300m_cross_5,47.93043935527827,2.705423854303741,1.2031481017119887,1,planar_frozen,0.2979240433196302,47.38029623906027,7.4116068461427895,calibration,72.39805221557617
300m_cross_5_e0001,8.588821839476955,300m_cross_5,47.93043935527849,2.707853491112556,1.2031481017119887,1,planar_frozen,0.2979240433196302,48.179830521782236,7.493899162456763,calibration,72.64805221557617
300m_cross_5_e0001,8.690864293667902,300m_cross_5,47.93043935527838,2.7110626938429694,1.2031481017119887,1,planar_frozen,0.2979240433196302,49.030263257211914,7.5735463944793135,calibration,72.89805221557617
300m_cross_5_e0001,8.797484542545224,300m_cross_5,47.93043935527859,2.715044914193168,1.2031481017119887,1,planar_frozen,0.2979240433196302,49.92899367694731,7.650645395081199,calibration,73.14805221557617
300m_cross_5_e0001,10.416361830993553,300m_cross_5,100.70733849917062,2.7197926959995615,1.2031481017119887,1,planar_frozen,0.2979240433196302,50.873462165170935,7.7253276029777,calibration,73.39805221557617
300m_cross_5_e0001,10.531453629571297,300m_cross_5,100.70733849917053,2.7252977060767507,1.2031481017119887,1,planar_frozen,0.2979240433196302,51.86116990877478,7.797757707269193,calibration,73.64805221557617
300m_cross_5_e0001,10.650465400433514,300m_cross_5,100.70733849917062,2.7315507684879146,1.2031481017119887,1,planar_frozen,0.2979240433196302,52.889694501857626,7.868132494353578,calibration,73.89805221557617
300m_cross_5_e0001,10.77320597989929,300m_cross_5,100.70733849917062,2.7385419019074972,1.2031481017119887,1,planar_frozen,0.2979240433196302,53.95670183814191,7.9366798345076734,calibration,74.14805221557617
300m_cross_5_e0001,10.875450557989232,300m_cross_5,100.70733849917062,2.733790950281923,1.2031481017119887,1,planar_frozen,0.2979240433196302,54.8439751885504,8.012184302462428,calibration,74.39805221557617
300m_cross_5_e0001,10.97492989554941,300m_cross_5,100.70733849917069,2.7267837224633182,1.2031481017119887,1,planar_frozen,0.2979240433196302,55.70899747744492,8.088748558847056,calibration,74.64805221557617
300m_cross_5_e0001,12.16260444394282,300m_cross_5,138.63547066513172,2.721408093360583,1.2031481017119887,1,planar_frozen,0.2979240433196302,56.61649393290531,8.164027859784515,calibration,74.89805221557617
300m_cross_5_e0001,12.271009234980625,300m_cross_5,138.63547066513206,2.7176572179925906,1.2031481017119887,1,planar_frozen,0.2979240433196302,57.56445579018835,8.238322345278625,calibration,75.14805221557617
300m_cross_5_e0001,12.361974214266082,300m_cross_5,138.6354706651317,2.7132137779978627,1.2031481017119887,1,planar_frozen,0.2979240433196302,58.319336657750036,8.323112541249664,calibration,75.39805221557617
300m_cross_5_e0001,12.45163077921527,300m_cross_5,138.6354706651317,2.7097439663452407,1.2031481017119887,1,planar_frozen,0.2979240433196302,59.05278784291568,8.410452792833821,calibration,75.64805221557617
300m_cross_5_e0001,13.545957191051606,300m_cross_5,173.62824844142173,2.7078998467368174,1.2031481017119887,1,planar_frozen,0.2979240433196302,59.830258456651755,8.497454824072436,calibration,75.89805221557617
300m_cross_5_e0001,13.645263893169666,300m_cross_5,173.6282484414214,2.707667696642272,1.2031481017119887,1,planar_frozen,0.2979240433196302,60.65005567275275,8.584476643436536,calibration,76.14805221557617
300m_cross_5_e0001,13.728224448978956,300m_cross_5,173.6282484414214,2.707730888050065,1.2031481017119887,1,planar_frozen,0.2979240433196302,61.27910667186292,8.684648603914917,calibration,76.39805221557617
300m_cross_5_e0001,13.809262091852517,300m_cross_5,173.6282484414212,2.708990457213661,1.2031481017119887,1,planar_frozen,0.2979240433196302,61.87554928151745,8.789516231516162,calibration,76.64805221557617
300m_cross_5_e0001,13.979010023736299,300m_cross_5,176.5505624069058,2.711875165954386,1.2031481017119887,1,planar_frozen,0.2979240433196302,62.517331882624084,8.895083318839877,calibration,76.89805221557617
300m_cross_5_e0001,14.070412007011866,300m_cross_5,176.5505624069056,2.716361785296129,1.2031481017119887,1,planar_frozen,0.2979240433196302,63.203073303436504,9.001744825908629,calibration,77.14805221557617
300m_cross_5_e0001,14.146786599798302,300m_cross_5,176.5505624069058,2.7238359464778283,1.2031481017119887,1,planar_frozen,0.2979240433196302,63.69787027577562,9.123762368368396,calibration,77.39805221557617
300m_cross_5_e0001,14.221349025675257,300m_cross_5,176.5505624069058,2.733393411994264,1.2031481017119887,1,planar_frozen,0.2979240433196302,64.15475592780915,9.252202562542342,calibration,77.64805221557617
300m_cross_5_e0001,14.292634395722835,300m_cross_5,176.95191564841517,2.728056039803009,1.2031481017119887,1,planar_frozen,0.2979240433196302,64.57258629087468,9.351273674207755,calibration,77.89805221557617
300m_cross_5_e0001,14.339798034279571,300m_cross_5,176.95191564841517,2.717833068149613,1.2031481017119887,1,planar_frozen,0.2979240433196302,64.94359157391145,9.418627511562047,calibration,78.14805221557617
300m_cross_5_e0001,14.378312148239374,300m_cross_5,176.95191564841517,2.728069723950359,1.2031481017119887,1,planar_frozen,0.2979240433196302,65.12621551035005,9.502825020140502,calibration,78.39805221557617
300m_cross_5_e0001,14.420422645629415,300m_cross_5,176.95191564841528,2.756982290318084,1.2031481017119887,1,planar_frozen,0.2979240433196302,65.2667081973264,9.594943552989648,calibration,78.64805221557617
300m_cross_5_e0001,14.44859861126227,300m_cross_5,176.95191564841502,2.771305462705957,1.2031481017119887,1,planar_frozen,0.2979240433196302,65.37082218230734,9.659894434683698,calibration,78.89805221557617
300m_cross_5_e0001,14.459906932946591,300m_cross_5,176.95191564841517,2.766873094824224,1.2031481017119887,1,planar_frozen,0.2979240433196302,65.42920253548732,9.694633146318195,calibration,79.14805221557617
300m_cross_5_e0001,14.459962596615572,300m_cross_5,176.95191564841517,2.7786526765209953,1.2031481017119887,1,planar_frozen,0.2979240433196302,65.28492979354002,9.747415199475459,calibration,79.39805221557617
300m_cross_5_e0001,14.463690938592766,300m_cross_5,176.95191564841517,2.806038471975272,1.2031481017119887,1,planar_frozen,0.2979240433196302,65.11026591055914,9.807745858428072,calibration,79.64805221557617
300m_cross_5_e0001,14.45856950135262,300m_cross_5,176.9519156484154,2.8249612003305895,1.2031481017119887,1,planar_frozen,0.2979240433196302,64.91523999983546,9.848113746996948,calibration,79.89805221557617
300m_cross_5_e0001,14.431762156587274,300m_cross_5,176.95191564841528,2.8200481274877385,1.2031481017119887,1,planar_frozen,0.2979240433196302,64.65406555453963,9.852852700556236,calibration,80.14805221557617
300m_cross_5_e0001,14.415427131745695,300m_cross_5,176.95191564841528,2.8314629928166783,1.2031481017119887,1,planar_frozen,0.2979240433196302,64.43751290064728,9.86042912774628,calibration,80.39805221557617
300m_cross_5_e0001,14.40970546830039,300m_cross_5,176.95191564841528,2.859299145820931,1.2031481017119887,1,planar_frozen,0.2979240433196302,64.26603311631553,9.871167114345218,calibration,80.64805221557617
300m_cross_5_e0001,14.394882853060432,300m_cross_5,176.95191564841528,2.8834510221964265,1.2031481017119887,1,planar_frozen,0.2979240433196302,64.06204077330838,9.858797082356503,calibration,80.89805221557617
300m_cross_5_e0001,14.3614874067122,300m_cross_5,176.95191564841517,2.888767540259979,1.2031481017119887,1,planar_frozen,0.2979240433196302,63.799513828167086,9.814222459746754,calibration,81.14805221557617
300m_cross_5_e0001,14.312279744856363,300m_cross_5,176.95191564841528,2.899574300158776,1.2031481017119887,1,planar_frozen,0.2979240433196302,63.32517137751848,9.787344109293862,calibration,81.39805221557617
300m_cross_5_e0001,14.262134929866336,300m_cross_5,176.95191564841528,2.9147145064965,1.2031481017119887,1,planar_frozen,0.2979240433196302,62.811456963257235,9.768243564244809,calibration,81.64805221557617
300m_cross_5_e0001,14.218108784183016,300m_cross_5,176.95191564841528,2.9336828685151115,1.2031481017119887,1,planar_frozen,0.2979240433196302,62.33940576405192,9.75252449873318,calibration,81.89805221557617
300m_cross_5_e0001,14.168336032447302,300m_cross_5,176.53091729582107,2.9564693359815473,1.2031481017119887,1,planar_frozen,0.2979240433196302,61.90997080839292,9.740543393905895,calibration,82.14805221557617
300m_cross_5_e0001,14.136202814146142,300m_cross_5,176.50193899511035,2.983048719374169,1.2031481017119887,1,planar_frozen,0.2979240433196302,61.52404448091802,9.732681251060894,calibration,82.39805221557617
300m_cross_5_e0001,14.081484969710036,300m_cross_5,175.45188640515306,3.013381557022213,1.2031481017119887,1,planar_frozen,0.2979240433196302,61.18245011763469,9.729341993959665,calibration,82.64805221557617
300m_cross_5_e0001,13.988965555859206,300m_cross_5,173.62824844142156,3.0257675249458784,1.2031481017119887,1,planar_frozen,0.2979240433196302,60.79428609055649,9.700703367476331,calibration,82.89805221557617
300m_cross_5_e0001,13.933663750704369,300m_cross_5,173.6282484414215,3.026777691493059,1.2031481017119887,1,planar_frozen,0.2979240433196302,60.351400712735234,9.643953419700825,calibration,83.14805221557617
300m_cross_5_e0001,13.88834229249831,300m_cross_5,173.62824844142116,3.042440560638519,1.2031481017119887,1,planar_frozen,0.2979240433196302,59.95128751288047,9.591297946688856,calibration,83.39805221557617
300m_cross_5_e0001,13.853192375338077,300m_cross_5,173.62824844142116,3.07279518708175,1.2031481017119887,1,planar_frozen,0.2979240433196302,59.59480800077455,9.543197072868594,calibration,83.64805221557617
300m_cross_5_e0001,13.804888774256508,300m_cross_5,173.60414255359024,3.096829330839855,1.2031481017119887,1,planar_frozen,0.2979240433196302,59.18721470892951,9.46886250538133,calibration,83.89805221557617
300m_cross_5_e0001,13.738771697135393,300m_cross_5,173.53297368172164,3.1055085147922648,1.2031481017119887,1,planar_frozen,0.2979240433196302,58.72311361205348,9.366029343321937,calibration,84.14805221557617
300m_cross_5_e0001,13.65963756859993,300m_cross_5,173.42598429418766,3.132386403418745,1.2031481017119887,1,planar_frozen,0.2979240433196302,58.04638995079155,9.279208248450589,calibration,84.39805221557617
300m_cross_5_e0001,13.584220526349547,300m_cross_5,173.42598429418842,3.167366460199157,1.2031481017119887,1,planar_frozen,0.2979240433196302,57.33342769241868,9.20030407175097,calibration,84.64805221557617
300m_cross_5_e0001,13.43035179207422,300m_cross_5,170.4682285551903,3.2061231994772497,1.2031481017119887,1,planar_frozen,0.2979240433196302,56.658758873236124,9.126236778644712,calibration,84.89805221557617
300m_cross_5_e0001,13.002741256236765,300m_cross_5,157.71020541976014,3.2485633740184885,1.2031481017119887,1,planar_frozen,0.2979240433196302,56.02376696189297,9.057521164526515,calibration,85.14805221557617
300m_cross_5_e0001,12.915138482497575,300m_cross_5,157.71020541976014,3.2732235731590955,1.2031481017119887,1,planar_frozen,0.2979240433196302,55.1699913523606,9.005294768695734,calibration,85.39805221557617
300m_cross_5_e0001,12.82760197666229,300m_cross_5,157.71020541976014,3.2972140662450884,1.2031481017119887,1,planar_frozen,0.2979240433196302,54.30203565812207,8.961605931495248,calibration,85.64805221557617
300m_cross_5_e0001,12.721963159853962,300m_cross_5,157.7102054197602,3.3001664704652174,1.2031481017119887,1,planar_frozen,0.2979240433196302,53.37220580972518,8.893406097951827,calibration,85.89805221557617
300m_cross_5_e0001,12.596346224970931,300m_cross_5,157.71020541976014,3.285724915033977,1.2031481017119887,1,planar_frozen,0.2979240433196302,52.36132843222388,8.79482937133941,calibration,86.14805221557617
300m_cross_5_e0001,12.17568144093822,300m_cross_5,147.07977384862684,3.284764978995592,1.2031481017119887,1,planar_frozen,0.2979240433196302,51.38107706682581,8.70186410886266,calibration,86.39805221557617
300m_cross_5_e0001,12.067802189138366,300m_cross_5,147.07977384862704,3.2975481180755386,1.2031481017119887,1,planar_frozen,0.2979240433196302,50.4332375430657,8.615082379943503,calibration,86.64805221557617
300m_cross_5_e0001,11.93960478165975,300m_cross_5,147.07977384862667,3.2863025235846157,1.2031481017119887,1,planar_frozen,0.2979240433196302,49.41598204169497,8.501465750720719,calibration,86.89805221557617
300m_cross_5_e0001,11.78845500112173,300m_cross_5,147.07977384862684,3.2482047141705275,1.2031481017119887,1,planar_frozen,0.2979240433196302,48.31894247425812,8.357732980772488,calibration,87.14805221557617
300m_cross_5_e0001,11.209923809598052,300m_cross_5,131.84497476978788,3.2228233955948706,1.2031481017119887,1,planar_frozen,0.2979240433196302,47.24922746570339,8.218636593463133,calibration,87.39805221557617
300m_cross_5_e0001,11.075068864342734,300m_cross_5,131.84497476978774,3.2107099082023596,1.2031481017119887,1,planar_frozen,0.2979240433196302,46.20873471509972,8.084797388142588,calibration,87.64805221557617
300m_cross_5_e0001,10.928613413041022,300m_cross_5,131.84497476978774,3.1958740313086227,1.2031481017119887,1,planar_frozen,0.2979240433196302,45.10903744792534,7.927095226710771,calibration,87.89805221557617
300m_cross_5_e0001,10.76169867901166,300m_cross_5,131.84497476978822,3.166406786185055,1.2031481017119887,1,planar_frozen,0.2979240433196302,43.92093003698891,7.73568733723805,calibration,88.14805221557617
300m_cross_5_e0001,10.598608853944818,300m_cross_5,131.84497476978802,3.1398151448966973,1.2031481017119887,1,planar_frozen,0.2979240433196302,42.75579113009877,7.547127067496207,calibration,88.39805221557617
300m_cross_5_e0001,10.43970150588591,300m_cross_5,131.84497476978774,3.116238314363381,1.2031481017119887,1,planar_frozen,0.2979240433196302,41.615549966545004,7.3620056265341205,calibration,88.64805221557617
300m_cross_5_e0001,10.285366242922075,300m_cross_5,131.84497476978808,3.095810615816146,1.2031481017119887,1,planar_frozen,0.2979240433196302,40.502309401887054,7.1809957582892565,calibration,88.89805221557617
300m_cross_5_e0001,8.635163174324934,300m_cross_5,79.31475190109201,3.078659928284084,1.2031481017119887,1,planar_frozen,0.2979240433196302,39.41835712920042,7.004858583537835,calibration,89.14805221557617
300m_cross_5_e0001,8.49127869788404,300m_cross_5,79.31475190109188,3.0649061092625933,1.2031481017119887,1,planar_frozen,0.2979240433196302,38.366175658449436,6.8344499684113655,calibration,89.39805221557617
300m_cross_5_e0001,8.353345778365755,300m_cross_5,79.31475190109201,3.0546594369018445,1.2031481017119887,1,planar_frozen,0.2979240433196302,37.348450229636335,6.670725872494384,calibration,89.64805221557617
300m_cross_5_e0001,8.195775292856363,300m_cross_5,79.31475190109214,3.0069264004592235,1.2031481017119887,1,planar_frozen,0.2979240433196302,36.29306981379506,6.490118713605749,calibration,89.89805221557617
300m_cross_5_e0001,8.01572859816896,300m_cross_5,79.31475190109214,2.9216402377779547,1.2031481017119887,1,planar_frozen,0.2979240433196302,35.183599581139426,6.28676396096534,calibration,90.14805221557617
300m_cross_5_e0001,6.771484909268631,300m_cross_5,41.77797457388441,2.848843489947078,1.2031481017119887,1,planar_frozen,0.2979240433196302,34.10527168774596,6.088434137241555,calibration,90.39805221557617
300m_cross_5_e0001,6.6089366519259025,300m_cross_5,41.77797457388551,2.7898135414354535,1.2031481017119887,1,planar_frozen,0.2979240433196302,33.061133506521465,5.896145188659385,calibration,90.64805221557617
300m_cross_5_e0001,6.43673253929464,300m_cross_5,41.77797457388497,2.7168368473537687,1.2031481017119887,1,planar_frozen,0.2979240433196302,31.992117659135246,5.691260372665728,calibration,90.89805221557617
300m_roundtrip_13_e0007,6.325686101563588,300m_roundtrip_13,42.503313972201326,4.854832492180366,1.00744826105989,7,full_6dof_frozen,0.010955615567432174,12.311584550562552,11.309348749540627,validation,71.87580728530884
300m_roundtrip_13_e0007,6.739768876582403,300m_roundtrip_13,42.50331397220131,5.022158829023825,1.00744826105989,7,full_6dof_frozen,0.010955615567432174,13.294703764234402,12.609325789726347,validation,72.12580728530884
300m_roundtrip_13_e0007,7.154358157124258,300m_roundtrip_13,42.50331397220132,5.134717139441594,1.00744826105989,7,full_6dof_frozen,0.010955615567432174,14.422247422974625,13.930903179035896,validation,72.37580728530884
300m_roundtrip_13_e0007,7.575785835945122,300m_roundtrip_13,42.50331397220131,5.209373054414138,1.00744826105989,7,full_6dof_frozen,0.010955615567432174,15.663056272576563,15.293210623385006,validation,72.62580728530884
300m_roundtrip_13_e0007,8.0074297259984,300m_roundtrip_13,42.503313972201305,5.260309010334083,1.00744826105989,7,full_6dof_frozen,0.010955615567432174,16.992335960189642,16.701896969978275,validation,72.87580728530884
300m_roundtrip_13_e0007,8.44987327936916,300m_roundtrip_13,42.50331397220131,5.296446411354502,1.00744826105989,7,full_6dof_frozen,0.010955615567432174,18.390912687728687,18.15459737136186,validation,73.12580728530884
300m_roundtrip_13_e0007,8.902352802779326,300m_roundtrip_13,42.503313972201305,5.323056250842446,1.00744826105989,7,full_6dof_frozen,0.010955615567432174,19.844140094975597,19.646031552309328,validation,73.37580728530884
300m_roundtrip_13_e0007,9.36365895607744,300m_roundtrip_13,42.50331397220131,5.34328791482006,1.00744826105989,7,full_6dof_frozen,0.010955615567432174,21.34085661935875,21.170484616645634,validation,73.62580728530884
300m_roundtrip_13_e0007,9.832544032917273,300m_roundtrip_13,42.50331397220131,5.359087521298939,1.00744826105989,7,full_6dof_frozen,0.010955615567432174,22.872526421554095,22.72274242228233,validation,73.87580728530884
300m_roundtrip_13_e0007,10.307875608576127,300m_roundtrip_13,42.50331397220131,5.371704125181449,1.00744826105989,7,full_6dof_frozen,0.010955615567432174,24.43257675888903,24.298347458771616,validation,74.12580728530884
300m_roundtrip_13_e0007,10.788678760670612,300m_roundtrip_13,42.50331397220131,5.381968834704866,1.00744826105989,7,full_6dof_frozen,0.010955615567432174,26.015902593816932,25.893592452574392,validation,74.37580728530884
300m_roundtrip_13_e0007,11.274133672094848,300m_roundtrip_13,42.50331397220131,5.390452885445537,1.00744826105989,7,full_6dof_frozen,0.010955615567432174,27.618501171870076,27.50542763610122,validation,74.62580728530884
300m_roundtrip_13_e0007,11.763557722533044,300m_roundtrip_13,42.50331397220132,5.397560270996397,1.00744826105989,7,full_6dof_frozen,0.010955615567432174,29.23720343514166,29.131351114071638,validation,74.87580728530884
300m_roundtrip_13_e0007,12.256384152370568,300m_roundtrip_13,42.503313972201305,5.40358393749497,1.00744826105989,7,full_6dof_frozen,0.010955615567432174,30.86947620146447,30.769307435933566,validation,75.12580728530884
300m_roundtrip_13_e0007,12.75214196151365,300m_roundtrip_13,42.50331397220131,5.408741006222637,1.00744826105989,7,full_6dof_frozen,0.010955615567432174,32.513275684177934,32.41760162574614,validation,75.37580728530884
300m_roundtrip_13_e0007,13.250438546058806,300m_roundtrip_13,42.50331397220131,5.413195521262449,1.00744826105989,7,full_6dof_frozen,0.010955615567432174,34.16693824438447,34.07482907663563,validation,75.62580728530884
300m_roundtrip_13_e0007,13.750945282798117,300m_roundtrip_13,42.50331397220131,5.417073543110065,1.00744826105989,7,full_6dof_frozen,0.010955615567432174,35.82909824142188,35.73981939206744,validation,75.87580728530884
300m_roundtrip_13_e0007,14.253385788426735,300m_roundtrip_13,42.503313972201305,5.420473410262758,1.00744826105989,7,full_6dof_frozen,0.010955615567432174,37.498625722938044,37.41159173419796,validation,76.12580728530884
300m_roundtrip_13_e0007,14.757526441323972,300m_roundtrip_13,42.50331397220131,5.423472869982445,1.00744826105989,7,full_6dof_frozen,0.010955615567432174,39.174578746199344,39.08931938752069,validation,76.37580728530884
300m_roundtrip_13_e0007,15.263168753844726,300m_roundtrip_13,42.50331397220131,5.426134132013497,1.00744826105989,7,full_6dof_frozen,0.010955615567432174,40.85616657608748,40.772301598461965,validation,76.62580728530884
300m_roundtrip_13_e0007,15.77014323273957,300m_roundtrip_13,42.50331397220131,5.428507514494156,1.00744826105989,7,full_6dof_frozen,0.010955615567432174,42.54272103617133,42.459941125426504,validation,76.87580728530884
300m_roundtrip_13_e0007,16.278304426695605,300m_roundtrip_13,42.50331397220131,5.430634116899811,1.00744826105989,7,full_6dof_frozen,0.010955615567432174,44.233674022712975,44.151726264593094,validation,77.12580728530884
300m_roundtrip_13_e0007,16.78752691804073,300m_roundtrip_13,42.503313972201305,5.4325478085171595,1.00744826105989,7,full_6dof_frozen,0.010955615567432174,45.92853971607876,45.8472163886069,validation,77.37580728530884
300m_roundtrip_13_e0007,17.297702065395605,300m_roundtrip_13,42.50331397220131,5.434276727551449,1.00744826105989,7,full_6dof_frozen,0.010955615567432174,47.62690040169387,47.54603025084991,validation,77.62580728530884
300m_roundtrip_13_e0007,17.80873534472414,300m_roundtrip_13,42.50331397220132,5.435844425140833,1.00744826105989,7,full_6dof_frozen,0.010955615567432174,49.328395086521525,49.24783647576312,validation,77.87580728530884
300m_roundtrip_13_e0007,18.32054416867538,300m_roundtrip_13,42.5033139722013,5.437270748187484,1.00744826105989,7,full_6dof_frozen,0.010955615567432174,51.032710297109524,50.95234578514757,validation,78.12580728530884
300m_roundtrip_13_e0007,18.833056089656928,300m_roundtrip_13,42.50331397220131,5.438572527665761,1.00744826105989,7,full_6dof_frozen,0.010955615567432174,52.73957259253346,52.659304609879555,validation,78.37580728530884
300m_roundtrip_13_e0007,19.346207312067737,300m_roundtrip_13,42.50331397220131,5.439764120376119,1.00744826105989,7,full_6dof_frozen,0.010955615567432174,54.448742434836426,54.3684898129315,validation,78.62580728530884
300m_roundtrip_13_e0007,19.859941454716747,300m_roundtrip_13,42.50331397220131,5.440857839102614,1.00744826105989,7,full_6dof_frozen,0.010955615567432174,56.16000914124623,56.07970430842751,validation,78.87580728530884
300m_roundtrip_13_e0007,20.374208516626364,300m_roundtrip_13,42.50331397220131,5.44186429695003,1.00744826105989,7,full_6dof_frozen,0.010955615567432174,57.873186703966944,57.792773406869536,validation,79.12580728530884
300m_roundtrip_13_e0007,20.888964008933254,300m_roundtrip_13,42.50331397220131,5.442792685074823,1.00744826105989,7,full_6dof_frozen,0.010955615567432174,59.58811031000415,59.507541751844066,validation,79.37580728530884
300m_roundtrip_13_e0007,21.404168223053958,300m_roundtrip_13,42.503313972201326,5.443650998278577,1.00744826105989,7,full_6dof_frozen,0.010955615567432174,61.304633429129,61.223870740878894,validation,79.62580728530884
300m_roundtrip_13_e0007,21.919785611142817,300m_roundtrip_13,42.503313972201326,5.444446219462587,1.00744826105989,7,full_6dof_frozen,0.010955615567432174,63.022625365500225,62.94163634449757,validation,79.87580728530884
300m_roundtrip_13_e0007,22.435784259494504,300m_roundtrip_13,42.5033139722013,5.445184471379081,1.00744826105989,7,full_6dof_frozen,0.010955615567432174,64.74196918968526,64.66072725430266,validation,80.12580728530884
300m_roundtrip_13_e0007,22.952135439206447,300m_roundtrip_13,42.50331397220131,5.445871142202007,1.00744826105989,7,full_6dof_frozen,0.010955615567432174,66.46255998435338,66.38104330415678,validation,80.37580728530884
300m_roundtrip_13_e0007,23.46881322133104,300m_roundtrip_13,42.503313972201326,5.446510990001316,1.00744826105989,7,full_6dof_frozen,0.010955615567432174,68.18430334986961,68.10249411902278,validation,80.62580728530884
300m_roundtrip_13_e0007,23.985794146075342,300m_roundtrip_13,42.503313972201305,5.447108230111866,1.00744826105989,7,full_6dof_frozen,0.010955615567432174,69.9071141262315,69.8249979543791,validation,80.87580728530884
300m_roundtrip_13_e0007,24.503056937473975,300m_roundtrip_13,42.5033139722013,5.447666608551976,1.00744826105989,7,full_6dof_frozen,0.010955615567432174,71.63091529588692,71.54848069581102,validation,81.12580728530884
300m_roundtrip_13_e0007,25.020582256465318,300m_roundtrip_13,42.50331397220131,5.448189464001794,1.00744826105989,7,full_6dof_frozen,0.010955615567432174,73.35563703842229,73.27287499375036,validation,81.37580728530884
300m_roundtrip_13_e0007,25.538352486518985,300m_roundtrip_13,42.50331397220131,5.4486797803512905,1.00744826105989,7,full_6dof_frozen,0.010955615567432174,75.08121591328039,74.99811951267382,validation,81.62580728530884
300m_roundtrip_13_e0007,26.030895540544254,300m_roundtrip_13,42.5033139722013,5.412740144205476,1.00744826105989,7,full_6dof_frozen,0.010955615567432174,76.76314615075923,76.67976905763712,validation,81.87580728530884
300m_roundtrip_13_e0007,26.506956309660456,300m_roundtrip_13,42.503313972201326,5.3545195939116255,1.00744826105989,7,full_6dof_frozen,0.010955615567432174,78.4148699454491,78.33124525636292,validation,82.12580728530884
300m_roundtrip_13_e0007,26.98490389899872,300m_roundtrip_13,42.5033139722013,5.300806830423602,1.00744826105989,7,full_6dof_frozen,0.010955615567432174,80.06787990473374,79.98399949589196,validation,82.37580728530884
300m_roundtrip_13_e0007,27.464761450067574,300m_roundtrip_13,42.5033139722013,5.251740631033002,1.00744826105989,7,full_6dof_frozen,0.010955615567432174,81.72209798209003,81.63795521154242,validation,82.62580728530884
300m_roundtrip_13_e0007,27.928842094718455,300m_roundtrip_13,42.51722721454759,5.190846614741289,1.00744826105989,7,full_6dof_frozen,0.010955615567432174,83.33553854320229,83.25114057534408,validation,82.87580728530884
300m_roundtrip_13_e0007,28.38239466369729,300m_roundtrip_13,42.5452064784219,5.122683451508665,1.00744826105989,7,full_6dof_frozen,0.010955615567432174,84.92062098643409,84.8359704329804,validation,83.12580728530884
300m_roundtrip_13_e0007,28.83802802878487,300m_roundtrip_13,42.579665815756215,5.05905749888149,1.00744826105989,7,full_6dof_frozen,0.010955615567432174,86.50698468445518,86.42207590131005,validation,83.37580728530884
300m_roundtrip_13_e0007,29.29582802750726,300m_roundtrip_13,42.622311551723314,5.000141698831155,1.00744826105989,7,full_6dof_frozen,0.010955615567432174,88.09456042066654,88.00938877890492,validation,83.62580728530884
300m_roundtrip_13_e0007,29.730731274654794,300m_roundtrip_13,42.537933877887994,4.919109321039075,1.00744826105989,7,full_6dof_frozen,0.010955615567432174,89.64247677339596,89.55705475466971,validation,83.87580728530884
300m_roundtrip_13_e0007,30.150612705804384,300m_roundtrip_13,42.353623265906265,4.824511794559257,1.00744826105989,7,full_6dof_frozen,0.010955615567432174,91.16490654069986,91.07923965832474,validation,84.12580728530884
300m_roundtrip_13_e0007,30.57163716178089,300m_roundtrip_13,42.151696631111705,4.733907626734745,1.00744826105989,7,full_6dof_frozen,0.010955615567432174,92.68839019467231,92.60247371970873,validation,84.37580728530884
300m_roundtrip_13_e0007,30.993797337674458,300m_roundtrip_13,41.92971491580128,4.647529513993284,1.00744826105989,7,full_6dof_frozen,0.010955615567432174,94.21287660922302,94.12670658675275,validation,84.62580728530884
300m_roundtrip_13_e0007,31.413903203360377,300m_roundtrip_13,41.844539284204046,4.57980836234912,1.00744826105989,7,full_6dof_frozen,0.010955615567432174,95.69679625454111,95.61031262596792,validation,84.87580728530884
300m_roundtrip_13_e0007,31.832804076189866,300m_roundtrip_13,41.84453928420401,4.5214330115486545,1.00744826105989,7,full_6dof_frozen,0.010955615567432174,97.1582254355422,97.07139465094893,validation,85.12580728530884
300m_roundtrip_13_e0007,32.25216177332496,300m_roundtrip_13,41.844539284204046,4.463772997408207,1.00744826105989,7,full_6dof_frozen,0.010955615567432174,98.62038318595373,98.53320428498603,validation,85.37580728530884
300m_roundtrip_13_e0007,32.67197630616954,300m_roundtrip_13,41.844539284204046,4.406856804211288,1.00744826105989,7,full_6dof_frozen,0.010955615567432174,100.08323757385779,99.9957100772518,validation,85.62580728530884
300m_roundtrip_13_e0007,33.09224857418879,300m_roundtrip_13,41.844539284204025,4.350713968097351,1.00744826105989,7,full_6dof_frozen,0.010955615567432174,101.54675849256041,101.45888235151996,validation,85.87580728530884
300m_roundtrip_13_e0007,33.51298033618241,300m_roundtrip_13,41.84453928420403,4.295375102668001,1.00744826105989,7,full_6dof_frozen,0.010955615567432174,103.01091753298647,102.92269308365726,validation,86.12580728530884
300m_roundtrip_13_e0007,33.93417418324632,300m_roundtrip_13,41.844539284204046,4.2408719205568275,1.00744826105989,7,full_6dof_frozen,0.010955615567432174,104.47568786655248,104.38711578904577,validation,86.37580728530884
300m_roundtrip_13_e0007,34.35583351293725,300m_roundtrip_13,41.844539284204046,4.1872372503524415,1.00744826105989,7,full_6dof_frozen,0.010955615567432174,105.9410441375347,105.85212541901664,validation,86.62580728530884
300m_roundtrip_13_e0007,34.77805013647585,300m_roundtrip_13,41.844539284204046,4.161923079642736,1.00744826105989,7,full_6dof_frozen,0.010955615567432174,107.3767901051277,107.28752583742927,validation,86.87580728530884
300m_roundtrip_13_e0007,35.2004953334548,300m_roundtrip_13,41.844539284204046,4.162206951219694,1.00744826105989,7,full_6dof_frozen,0.010955615567432174,108.78485560585588,108.69524595266505,validation,87.12580728530884
300m_roundtrip_13_e0007,35.62298391550562,300m_roundtrip_13,41.84453928420404,4.1624809223642565,1.00744826105989,7,full_6dof_frozen,0.010955615567432174,110.19307656297664,110.10312176578446,validation,87.37580728530884
300m_roundtrip_13_e0007,36.045514325727034,300m_roundtrip_13,41.844539284204046,4.162745449429308,1.00744826105989,7,full_6dof_frozen,0.010955615567432174,111.60144709170223,111.511147674087,validation,87.62580728530884
300m_roundtrip_13_e0007,36.468085080931864,300m_roundtrip_13,41.84453928420403,4.163000962704657,1.00744826105989,7,full_6dof_frozen,0.010955615567432174,113.00996159998836,112.91931834050921,validation,87.87580728530884
300m_roundtrip_13_e0007,36.890694767332,300m_roundtrip_13,41.84453928420402,4.163247868187563,1.00744826105989,7,full_6dof_frozen,0.010955615567432174,114.41861477058934,114.32762867807116,validation,88.12580728530884
300m_roundtrip_13_e0007,37.313342036522904,300m_roundtrip_13,41.844539284204046,4.163486549214037,1.00744826105989,7,full_6dof_frozen,0.010955615567432174,115.82740154441467,115.73607383540225,validation,88.37580728530884
300m_roundtrip_13_e0007,37.73602560174401,300m_roundtrip_13,41.84453928420402,4.163717367963609,1.00744826105989,7,full_6dof_frozen,0.010955615567432174,117.23631710507829,117.14464918326001,validation,88.62580728530884
300m_roundtrip_13_e0007,38.15874423439284,300m_roundtrip_13,41.84453928420401,4.163940666848425,1.00744826105989,7,full_6dof_frozen,0.010955615567432174,118.64535686454283,118.55335030196389,validation,88.87580728530884
300m_roundtrip_13_e0007,38.58149676077325,300m_roundtrip_13,41.844539284204046,4.164156769796938,1.00744826105989,7,full_6dof_frozen,0.010955615567432174,120.05451644976893,119.962172969672,validation,89.12580728530884
300m_roundtrip_13_e0007,39.004282059059285,300m_roundtrip_13,41.84453928420402,4.164365983441059,1.00744826105989,7,full_6dof_frozen,0.010955615567432174,121.46379169028852,121.37111315143554,validation,89.37580728530884
300m_roundtrip_13_e0007,39.427099056458715,300m_roundtrip_13,41.84453928420403,4.164568598215236,1.00744826105989,7,full_6dof_frozen,0.010955615567432174,122.8731786066293,122.780166988972,validation,89.62580728530884
300m_roundtrip_13_e0007,39.84994672656048,300m_roundtrip_13,41.84453928420406,4.164764889374665,1.00744826105989,7,full_6dof_frozen,0.010955615567432174,124.28267339952218,124.18933079110204,validation,89.87580728530884
300m_roundtrip_13_e0007,40.272824086852786,300m_roundtrip_13,41.84453928420406,4.164955117939454,1.00744826105989,7,full_6dof_frozen,0.010955615567432174,125.69227243983154,125.59860102480086,validation,90.12580728530884
300m_roundtrip_13_e0007,40.695730196398735,300m_roundtrip_13,41.84453928420402,4.165139531570818,1.00744826105989,7,full_6dof_frozen,0.010955615567432174,127.10197225915194,127.00797430681816,validation,90.37580728530884
300m_roundtrip_13_e0007,41.11866415365843,300m_roundtrip_13,41.84453928420404,4.1653183653849135,1.00744826105989,7,full_6dof_frozen,0.010955615567432174,128.5117695410209,128.41744739582526,validation,90.62580728530884
300m_roundtrip_13_e0007,41.54162509444643,300m_roundtrip_13,41.84453928420406,4.16549184270929,1.00744826105989,7,full_6dof_frozen,0.010955615567432174,129.92166111270117,129.82701718505123,validation,90.87580728530884
300m_roundtrip_13_e0007,41.964612190015174,300m_roundtrip_13,41.84453928420403,4.165660175786505,1.00744826105989,7,full_6dof_frozen,0.010955615567432174,131.33164393748953,131.23668069537206,validation,91.12580728530884
300m_roundtrip_13_e0007,42.387624645255165,300m_roundtrip_13,41.844539284204046,4.16582356642917,1.00744826105989,7,full_6dof_frozen,0.010955615567432174,132.74171510751376,132.64643506882211,validation,91.37580728530884
300m_roundtrip_13_e0007,42.81066169700389,300m_roundtrip_13,41.84453928420402,4.16598220663024,1.00744826105989,7,full_6dof_frozen,0.010955615567432174,134.15187183698185,134.05627756249658,validation,91.62580728530884
300m_roundtrip_13_e0007,43.233722612455814,300m_roundtrip_13,41.84453928420402,4.166136279131833,1.00744826105989,7,full_6dof_frozen,0.010955615567432174,135.56211145585087,135.46620554281904,validation,91.87580728530884
300m_roundtrip_13_e0007,43.65680668766635,300m_roundtrip_13,41.84453928420403,4.166285957956062,1.00744826105989,7,full_6dof_frozen,0.010955615567432174,136.97243140388477,136.87621648014772,validation,92.12580728530884
300m_roundtrip_13_e0007,44.0799132461436,300m_roundtrip_13,41.84453928420406,4.166431408900507,1.00744826105989,7,full_6dof_frozen,0.010955615567432174,138.38282922507454,138.28630794369832,validation,92.37580728530884
300m_roundtrip_13_e0007,44.503041637521775,300m_roundtrip_13,41.844539284204025,4.166572790001144,1.00744826105989,7,full_6dof_frozen,0.010955615567432174,139.79330256239476,139.6964775967614,validation,92.62580728530884
300m_roundtrip_13_e0007,44.92619123631081,300m_roundtrip_13,41.84453928420406,4.166710251964998,1.00744826105989,7,full_6dof_frozen,0.010955615567432174,141.20384915287258,141.10672319219458,validation,92.87580728530884
300m_roundtrip_13_e0007,45.3493614407172,300m_roundtrip_13,41.84453928420404,4.166843938575083,1.00744826105989,7,full_6dof_frozen,0.010955615567432174,142.6144668229489,142.51704256817155,validation,93.12580728530884
300m_roundtrip_13_e0007,45.77255167153133,300m_roundtrip_13,41.844539284204025,4.1669739870692055,1.00744826105989,7,full_6dof_frozen,0.010955615567432174,144.02515348411072,143.92743364417106,validation,93.37580728530884
300m_roundtrip_13_e0007,46.19576137107689,300m_roundtrip_13,41.84453928420402,4.167100528494898,1.00744826105989,7,full_6dof_frozen,0.010955615567432174,145.43590712877673,145.33789441718974,validation,93.62580728530884
300m_roundtrip_13_e0007,46.618844396909005,300m_roundtrip_13,41.844539284204075,4.1670165576193785,1.00744826105989,7,full_6dof_frozen,0.010955615567432174,146.84647192497434,146.74816709971068,validation,93.87580728530884
300m_roundtrip_13_e0007,47.041062828665524,300m_roundtrip_13,41.844539284204046,4.165673899169493,1.00744826105989,7,full_6dof_frozen,0.010955615567432174,148.2555593168236,148.1569533266518,validation,94.12580728530884
300m_roundtrip_13_e0007,47.46330125311572,300m_roundtrip_13,41.84453928420404,4.1643322832709755,1.00744826105989,7,full_6dof_frozen,0.010955615567432174,149.66471024906969,149.56580600927728,validation,94.37580728530884
300m_roundtrip_13_e0007,47.885559169101775,300m_roundtrip_13,41.844539284204046,4.1629918132374195,1.00744826105989,7,full_6dof_frozen,0.010955615567432174,151.07392294368222,150.9747233586239,validation,94.62580728530884
300m_roundtrip_13_e0007,48.308119244938815,300m_roundtrip_13,41.85747577970084,4.1616173936453285,1.00744826105989,7,full_6dof_frozen,0.010955615567432174,152.48294802103462,152.38345382766775,validation,94.87580728530884
300m_roundtrip_13_e0007,48.732428837334524,300m_roundtrip_13,41.94936784425333,4.160030520257629,1.00744826105989,7,full_6dof_frozen,0.010955615567432174,153.89052801934002,153.79072914167992,validation,95.12580728530884
300m_roundtrip_13_e0007,49.15677616049897,300m_roundtrip_13,42.04193360058367,4.158445002446871,1.00744826105989,7,full_6dof_frozen,0.010955615567432174,155.29816606051682,155.19806558712258,validation,95.37580728530884
300m_roundtrip_13_e0007,49.58116063392173,300m_roundtrip_13,42.13516831169055,4.156860926230987,1.00744826105989,7,full_6dof_frozen,0.010955615567432174,156.70586058042403,156.6054615768654,validation,95.62580728530884
300m_roundtrip_13_e0007,50.00490596945476,300m_roundtrip_13,42.20963812065722,4.155166082303505,1.00744826105989,7,full_6dof_frozen,0.010955615567432174,158.11333171656747,158.01263888219987,validation,95.87580728530884
300m_roundtrip_13_e0007,50.42517195233032,300m_roundtrip_13,42.18369674771294,4.152888177230514,1.00744826105989,7,full_6dof_frozen,0.010955615567432174,159.51940814954122,159.41843299896635,validation,96.12580728530884
300m_roundtrip_13_e0007,50.84547597740899,300m_roundtrip_13,42.15849833446127,4.1506115005140645,1.00744826105989,7,full_6dof_frozen,0.010955615567432174,160.92553741961032,160.8242827238409,validation,96.37580728530884
300m_roundtrip_13_e0007,51.265817983889605,300m_roundtrip_13,42.13405449978683,4.148336121761352,1.00744826105989,7,full_6dof_frozen,0.010955615567432174,162.33171815373834,162.23018666348324,validation,96.62580728530884
300m_roundtrip_13_e0007,51.68629483708082,300m_roundtrip_13,42.11496753507879,4.14625711692642,1.00744826105989,7,full_6dof_frozen,0.010955615567432174,163.73761840587034,163.63581252067556,validation,96.87580728530884
300m_roundtrip_13_e0007,52.1071920666814,300m_roundtrip_13,42.11496753507881,4.144975489074694,1.00744826105989,7,full_6dof_frozen,0.010955615567432174,165.142215229275,165.04013630339566,validation,97.12580728530884
300m_roundtrip_13_e0007,52.52810367941502,300m_roundtrip_13,42.11496753507879,4.143692604990053,1.00744826105989,7,full_6dof_frozen,0.010955615567432174,166.54685960630673,166.44451031868897,validation,97.37580728530884
300m_roundtrip_13_e0007,52.94902933337352,300m_roundtrip_13,42.11496753507876,4.142408526335639,1.00744826105989,7,full_6dof_frozen,0.010955615567432174,167.9515503438368,167.8489333508071,validation,97.62580728530884
300m_roundtrip_13_e0007,53.369968697571835,300m_roundtrip_13,42.11496753507879,4.141123312322643,1.00744826105989,7,full_6dof_frozen,0.010955615567432174,169.35628628828258,169.25340422293078,validation,97.87580728530884
300m_roundtrip_13_e0007,53.79092145151519,300m_roundtrip_13,42.114967535078804,4.13983701982659,1.00744826105989,7,full_6dof_frozen,0.010955615567432174,170.76106632398375,170.65792179562374,validation,98.12580728530884
300m_roundtrip_13_e0007,54.21188728478675,300m_roundtrip_13,42.11496753507882,4.1385497034972385,1.00744826105989,7,full_6dof_frozen,0.010955615567432174,172.1658893716583,172.06248496535983,validation,98.37580728530884
300m_roundtrip_13_e0007,54.63286589665446,300m_roundtrip_13,42.114967535078804,4.137261415862352,1.00744826105989,7,full_6dof_frozen,0.010955615567432174,173.57075438693312,173.46709266311913,validation,98.62580728530884
300m_roundtrip_13_e0007,55.053855708733174,300m_roundtrip_13,42.114967535078804,4.136074933057429,1.00744826105989,7,full_6dof_frozen,0.010955615567432174,174.97554210233503,174.8716253371533,validation,98.87580728530884
300m_roundtrip_13_e0007,55.474841393372465,300m_roundtrip_13,42.114967535078826,4.136154596271598,1.00744826105989,7,full_6dof_frozen,0.010955615567432174,176.37890968171357,176.27473719863687,validation,99.12580728530884
300m_roundtrip_13_e0007,55.895838177832836,300m_roundtrip_13,42.11496753507878,4.1362324907402845,1.00744826105989,7,full_6dof_frozen,0.010955615567432174,177.78231455361356,177.67788886087425,validation,99.37580728530884
300m_roundtrip_13_e0007,56.31684581146481,300m_roundtrip_13,42.11496753507879,4.136308668497911,1.00744826105989,7,full_6dof_frozen,0.010955615567432174,179.18575584179615,179.08107942201343,validation,99.62580728530884
300m_roundtrip_13_e0007,56.737864051116745,300m_roundtrip_13,42.11496753507879,4.136383179677367,1.00744826105989,7,full_6dof_frozen,0.010955615567432174,180.5892326972387,180.48430800725274,validation,99.87580728530884
300m_roundtrip_13_e0007,57.1588926608563,300m_roundtrip_13,42.1149675350788,4.136456072592773,1.00744826105989,7,full_6dof_frozen,0.010955615567432174,181.9927442970872,181.8875737678339,validation,100.12580728530884
300m_roundtrip_13_e0007,57.57993141170425,300m_roundtrip_13,42.11496753507882,4.136527393818252,1.00744826105989,7,full_6dof_frozen,0.010955615567432174,183.3962898436562,183.29087588008008,validation,100.37580728530884
300m_roundtrip_13_e0007,58.000980081380085,300m_roundtrip_13,42.11496753507879,4.136597188262649,1.00744826105989,7,full_6dof_frozen,0.010955615567432174,184.79986856347494,184.69421354447587,validation,100.62580728530884
300m_roundtrip_13_e0007,58.42203845405851,300m_roundtrip_13,42.11496753507874,4.136665499240545,1.00744826105989,7,full_6dof_frozen,0.010955615567432174,186.2034797063759,186.09758598478766,validation,100.87580728530884
300m_roundtrip_13_e0007,58.843106320136684,300m_roundtrip_13,42.11496753507879,4.136732368539721,1.00744826105989,7,full_6dof_frozen,0.010955615567432174,187.60712254462445,187.50099244722233,validation,101.12580728530884
300m_roundtrip_13_e0007,59.26418347601143,300m_roundtrip_13,42.11496753507885,4.136797836485434,1.00744826105989,7,full_6dof_frozen,0.010955615567432174,189.0107963720871,188.90443219962185,validation,101.37580728530884
300m_roundtrip_13_e0007,59.68526972386583,300m_roundtrip_13,42.11496753507883,4.136861942001368,1.00744826105989,7,full_6dof_frozen,0.010955615567432174,190.41450050343676,190.30790453069247,validation,101.62580728530884
300m_roundtrip_13_e0007,60.10636487146501,300m_roundtrip_13,42.11496753507879,4.136924722667851,1.00744826105989,7,full_6dof_frozen,0.010955615567432174,191.81823427339202,191.7114087492666,validation,101.87580728530884
300m_roundtrip_13_e0007,60.52746873196052,300m_roundtrip_13,42.11496753507879,4.136986214777126,1.00744826105989,7,full_6dof_frozen,0.010955615567432174,193.22199703599065,193.11494418359604,validation,102.12580728530884
300m_roundtrip_13_e0007,60.94858112370268,300m_roundtrip_13,42.114967535078826,4.1370464533859295,1.00744826105989,7,full_6dof_frozen,0.010955615567432174,194.62578816389336,194.51851018067418,validation,102.37580728530884
300m_roundtrip_13_e0007,61.369701870061135,300m_roundtrip_13,42.114967535078804,4.1371054723658,1.00744826105989,7,full_6dof_frozen,0.010955615567432174,196.0296070477184,195.92210610558743,validation,102.62580728530884
300m_roundtrip_13_e0007,61.790830799252255,300m_roundtrip_13,42.11496753507879,4.137163304450828,1.00744826105989,7,full_6dof_frozen,0.010955615567432174,197.43345309540365,197.32573134089205,validation,102.87580728530884
300m_roundtrip_13_e0007,62.21196774417413,300m_roundtrip_13,42.11496753507876,4.137219981283235,1.00744826105989,7,full_6dof_frozen,0.010955615567432174,198.83732573159614,198.72938528601787,validation,103.12580728530884
300m_roundtrip_13_e0007,62.633112542247936,300m_roundtrip_13,42.11496753507879,4.137275533456781,1.00744826105989,7,full_6dof_frozen,0.010955615567432174,200.24122439706736,200.13306735669534,validation,103.37580728530884
300m_roundtrip_13_e0007,63.054265035265786,300m_roundtrip_13,42.11496753507885,4.137329990558279,1.00744826105989,7,full_6dof_frozen,0.010955615567432174,201.64514854815212,201.53677698440634,validation,103.62580728530884
300m_roundtrip_13_e0007,63.47542506924474,300m_roundtrip_13,42.11496753507883,4.137383381207087,1.00744826105989,7,full_6dof_frozen,0.010955615567432174,203.04909765621187,202.9405136158566,validation,103.87580728530884
300m_roundtrip_13_e0007,63.896592494286665,300m_roundtrip_13,42.114967535078804,4.13743573309293,1.00744826105989,7,full_6dof_frozen,0.010955615567432174,204.453071207119,204.3442767124696,validation,104.12580728530884
300m_roundtrip_13_e0007,64.31776716444348,300m_roundtrip_13,42.11496753507879,4.137487073011857,1.00744826105989,7,full_6dof_frozen,0.010955615567432174,205.85706870076268,205.74806574990026,validation,104.37580728530884
300m_roundtrip_13_e0007,64.73894893758782,300m_roundtrip_13,42.114967535078776,4.137537426900672,1.00744826105989,7,full_6dof_frozen,0.010955615567432174,207.26108965057495,207.15188021756782,validation,104.62580728530884
300m_roundtrip_13_e0007,65.1601376752888,300m_roundtrip_13,42.114967535078804,4.137586819869865,1.00744826105989,7,full_6dof_frozen,0.010955615567432174,208.6651335830753,208.55571961820718,validation,104.87580728530884
300m_roundtrip_13_e0007,65.58133324269242,300m_roundtrip_13,42.11496753507882,4.137635276234965,1.00744826105989,7,full_6dof_frozen,0.010955615567432174,210.06920003743414,209.95958346743743,validation,105.12580728530884
300m_roundtrip_13_e0007,66.00253550840684,300m_roundtrip_13,42.11496753507877,4.137682819546617,1.00744826105989,7,full_6dof_frozen,0.010955615567432174,211.4732885650532,211.36347129334723,validation,105.37580728530884
300m_roundtrip_13_e0007,66.42374434439175,300m_roundtrip_13,42.11496753507879,4.137729472619268,1.00744826105989,7,full_6dof_frozen,0.010955615567432174,212.87739872916256,212.767382636096,validation,105.62580728530884
300m_roundtrip_13_e0007,66.8449596258522,300m_roundtrip_13,42.11496753507879,4.137775257558668,1.00744826105989,7,full_6dof_frozen,0.010955615567432174,214.28153010443373,214.1713170475303,validation,105.87580728530884
300m_roundtrip_13_e0007,67.2661812311363,300m_roundtrip_13,42.11496753507879,4.137820195788077,1.00744826105989,7,full_6dof_frozen,0.010955615567432174,215.68568227660745,215.57527409081496,validation,106.12580728530884
300m_roundtrip_13_e0007,67.68740904163693,300m_roundtrip_13,42.11496753507878,4.137864308073544,1.00744826105989,7,full_6dof_frozen,0.010955615567432174,217.08985484213642,216.9792533400779,validation,106.37580728530884
300m_roundtrip_13_e0007,68.1086429416969,300m_roundtrip_13,42.114967535078776,4.137907614547846,1.00744826105989,7,full_6dof_frozen,0.010955615567432174,218.49404740784115,218.3832543800682,validation,106.62580728530884
300m_roundtrip_13_e0007,68.52777833844722,300m_roundtrip_13,42.114967535078826,4.134940569307822,1.00744826105989,7,full_6dof_frozen,0.010955615567432174,219.89459020935638,219.7836050384622,validation,106.87580728530884
300m_roundtrip_13_e0007,68.93591609023619,300m_roundtrip_13,42.11496753507882,4.116432969986833,1.00744826105989,7,full_6dof_frozen,0.010955615567432174,221.27574864814892,221.16456057687913,validation,107.12580728530884
300m_roundtrip_13_e0007,69.3442880780545,300m_roundtrip_13,42.11496753507879,4.0985931977312555,1.00744826105989,7,full_6dof_frozen,0.010955615567432174,222.65694455650532,222.5455555155517,validation,107.37580728530884
300m_roundtrip_13_e0007,69.75289704234429,300m_roundtrip_13,42.11496753507876,4.0814301127898425,1.00744826105989,7,full_6dof_frozen,0.010955615567432174,224.0381772414257,223.92658913610953,validation,107.62580728530884
300m_roundtrip_13_e0007,70.16026105130875,300m_roundtrip_13,42.11231251851643,4.063979726093972,1.00744826105989,7,full_6dof_frozen,0.010955615567432174,225.41583183131877,225.30404515189207,validation,107.87580728530884
300m_roundtrip_13_e0007,70.55999282088321,300m_roundtrip_13,42.09523919409133,4.042047335832147,1.00744826105989,7,full_6dof_frozen,0.010955615567432174,226.77440242228002,226.66241173439985,validation,108.12580728530884
300m_roundtrip_13_e0007,70.95993731299176,300m_roundtrip_13,42.077502751454716,4.020768947018494,1.00744826105989,7,full_6dof_frozen,0.010955615567432174,228.13301727872917,228.0208245255937,validation,108.37580728530884
300m_roundtrip_13_e0007,71.36009668628783,300m_roundtrip_13,42.05906420335144,4.0001551006408675,1.00744826105989,7,full_6dof_frozen,0.010955615567432174,229.49167561449724,229.37928271311986,validation,108.62580728530884
300m_roundtrip_13_e0007,71.75880813095564,300m_roundtrip_13,42.04923879262062,3.978010214880315,1.00744826105989,7,full_6dof_frozen,0.010955615567432174,230.84638880793662,230.73379511277784,validation,108.87580728530884
300m_roundtrip_13_e0007,72.15009552221366,300m_roundtrip_13,42.08289305367368,3.94632455530337,1.00744826105989,7,full_6dof_frozen,0.010955615567432174,232.18282155700882,232.0700173755811,validation,109.12580728530884
300m_roundtrip_13_e0007,72.54161781970824,300m_roundtrip_13,42.11797368264112,3.9151830338842135,1.00744826105989,7,full_6dof_frozen,0.010955615567432174,233.5192955487331,233.4062828844665,validation,109.37580728530884
300m_roundtrip_13_e0007,72.93338184399784,300m_roundtrip_13,42.15457302597848,3.8845988470646455,1.00744826105989,7,full_6dof_frozen,0.010955615567432174,234.85581007902124,234.74259090785006,validation,109.62580728530884
300m_roundtrip_13_e0007,73.32450501616555,300m_roundtrip_13,42.18447010262163,3.8568801537014625,1.00744826105989,7,full_6dof_frozen,0.010955615567432174,236.18763926620633,236.07421898641908,validation,109.87580728530884
300m_roundtrip_13_e0007,73.71248666722607,300m_roundtrip_13,42.18447010262159,3.8378760635036935,1.00744826105989,7,full_6dof_frozen,0.010955615567432174,237.50215151447347,237.38854460125106,validation,110.12580728530884
300m_roundtrip_13_e0007,74.10051164151871,300m_roundtrip_13,42.18447010262157,3.8189722303300937,1.00744826105989,7,full_6dof_frozen,0.010955615567432174,238.81669563645303,238.70290380034717,validation,110.37580728530884
300m_roundtrip_13_e0007,74.4885802905651,300m_roundtrip_13,42.18447010262162,3.8001701934413257,1.00744826105989,7,full_6dof_frozen,0.010955615567432174,240.13127110868876,240.01729603760913,validation,110.62580728530884
300m_roundtrip_13_e0007,74.876692976488,300m_roundtrip_13,42.18447010262166,3.7814715134258434,1.00744826105989,7,full_6dof_frozen,0.010955615567432174,241.4458774191121,241.33172077870438,validation,110.87580728530884
300m_roundtrip_13_e0007,75.26485007196581,300m_roundtrip_13,42.184470102621546,3.7628777723444022,1.00744826105989,7,full_6dof_frozen,0.010955615567432174,242.7605140667346,242.64617750075143,validation,111.12580728530884
300m_roundtrip_13_e0007,75.65305196018572,300m_roundtrip_13,42.184470102621596,3.74439057386147,1.00744826105989,7,full_6dof_frozen,0.010955615567432174,244.07518056134998,243.9606656920148,validation,111.37580728530884
300m_roundtrip_13_e0007,76.04129903479516,300m_roundtrip_13,42.1844701026216,3.7260115433638052,1.00744826105989,7,full_6dof_frozen,0.010955615567432174,245.389876423246,245.27518485161005,validation,111.62580728530884
300m_roundtrip_13_e0007,76.42956628285152,300m_roundtrip_13,42.184470102621574,3.7094300492244097,1.00744826105989,7,full_6dof_frozen,0.010955615567432174,246.70263798448033,246.58777613484042,validation,111.87580728530884
300m_roundtrip_13_e0007,76.81760660729911,300m_roundtrip_13,42.1844701026216,3.7094495217015075,1.00744826105989,7,full_6dof_frozen,0.010955615567432174,247.99616510878406,247.881181740798,validation,112.12580728530884
300m_roundtrip_13_e0007,77.20564969643041,300m_roundtrip_13,42.18447010262163,3.7094687052967092,1.00744826105989,7,full_6dof_frozen,0.010955615567432174,249.2897011102365,249.17459721306955,validation,112.37580728530884
300m_roundtrip_13_e0007,77.5936955086313,300m_roundtrip_13,42.18447010262163,3.7094876056990533,1.00744826105989,7,full_6dof_frozen,0.010955615567432174,250.58324585136344,250.46802240283998,validation,112.62580728530884
300m_roundtrip_13_e0007,77.98174400311933,300m_roundtrip_13,42.18447010262161,3.7095062284581166,1.00744826105989,7,full_6dof_frozen,0.010955615567432174,251.87679919751383,251.76145716427314,validation,112.87580728530884
300m_roundtrip_13_e0007,78.3697951399229,300m_roundtrip_13,42.1844701026216,3.7095245789881695,1.00744826105989,7,full_6dof_frozen,0.010955615567432174,253.1703610167876,253.05490135443736,validation,113.12580728530884
300m_roundtrip_13_e0007,78.75784887986138,300m_roundtrip_13,42.184470102621574,3.7095426625720895,1.00744826105989,7,full_6dof_frozen,0.010955615567432174,254.4639311799661,254.34835483323403,validation,113.37580728530884
300m_roundtrip_13_e0007,79.1459051845254,300m_roundtrip_13,42.18447010262161,3.709560484365111,1.00744826105989,7,full_6dof_frozen,0.010955615567432174,255.75750956044374,255.64181746332696,validation,113.62580728530884
300m_roundtrip_13_e0007,79.53396401625818,300m_roundtrip_13,42.18447010262159,3.709578049398559,1.00744826105989,7,full_6dof_frozen,0.010955615567432174,257.0510960341629,256.9352891100755,validation,113.87580728530884
300m_roundtrip_13_e0007,79.92202533813698,300m_roundtrip_13,42.18447010262159,3.709595362583478,1.00744826105989,7,full_6dof_frozen,0.010955615567432174,258.34469047955,258.22876964146764,validation,114.12580728530884
300m_roundtrip_13_e0007,80.3100891139554,300m_roundtrip_13,42.18447010262162,3.7096124287139354,1.00744826105989,7,full_6dof_frozen,0.010955615567432174,259.63829277745333,259.52225892805734,validation,114.37580728530884
300m_roundtrip_13_e0007,80.69815530820607,300m_roundtrip_13,42.184470102621596,3.70962925247039,1.00744826105989,7,full_6dof_frozen,0.010955615567432174,260.9319028110834,260.81575684290164,validation,114.62580728530884
300m_roundtrip_13_e0007,81.08622388606385,300m_roundtrip_13,42.184470102621574,3.709645838423042,1.00744826105989,7,full_6dof_frozen,0.010955615567432174,262.22552046595473,262.1092632615004,validation,114.87580728530884
300m_roundtrip_13_e0007,81.47429481336947,300m_roundtrip_13,42.184470102621674,3.7096621910346994,1.00744826105989,7,full_6dof_frozen,0.010955615567432174,263.519145629829,263.4027780617386,validation,115.12580728530884
300m_roundtrip_13_e0007,81.8623680566137,300m_roundtrip_13,42.1844701026216,3.7096783146639853,1.00744826105989,7,full_6dof_frozen,0.010955615567432174,264.8127781926606,264.6963011238285,validation,115.37580728530884
300m_roundtrip_13_e0007,82.250443582922,300m_roundtrip_13,42.184470102621546,3.7096942135681976,1.00744826105989,7,full_6dof_frozen,0.010955615567432174,266.106418046543,265.9898323302551,validation,115.62580728530884
300m_roundtrip_13_e0007,82.63852136003952,300m_roundtrip_13,42.18447010262161,3.7097098919061158,1.00744826105989,7,full_6dof_frozen,0.010955615567432174,267.4000650856574,267.2833715657223,validation,115.87580728530884
300m_roundtrip_13_e0007,83.02660135631649,300m_roundtrip_13,42.1844701026216,3.7097253537405748,1.00744826105989,7,full_6dof_frozen,0.010955615567432174,268.69371920622217,268.5769187171006,validation,116.12580728530884
300m_roundtrip_13_e0007,83.41468354069423,300m_roundtrip_13,42.18447010262152,3.709740603041453,1.00744826105989,7,full_6dof_frozen,0.010955615567432174,269.98738030644427,269.8704736733768,validation,116.37580728530884
300m_roundtrip_13_e0007,83.80276788269124,300m_roundtrip_13,42.18447010262166,3.7097556436878976,1.00744826105989,7,full_6dof_frozen,0.010955615567432174,271.2810482864716,271.16403632560406,validation,116.62580728530884
300m_roundtrip_13_e0007,84.19085435239,300m_roundtrip_13,42.184470102621546,3.7097704794708926,1.00744826105989,7,full_6dof_frozen,0.010955615567432174,272.5747230483476,272.45760656685496,validation,116.87580728530884
300m_roundtrip_13_e0007,84.57894292042394,300m_roundtrip_13,42.184470102621574,3.7097851140957663,1.00744826105989,7,full_6dof_frozen,0.010955615567432174,273.86840449596576,273.7511842921742,validation,117.12580728530884
300m_roundtrip_13_e0007,84.96703355796473,300m_roundtrip_13,42.18447010262163,3.7097995511843904,1.00744826105989,7,full_6dof_frozen,0.010955615567432174,275.1620925350264,275.0447693985334,validation,117.37580728530884
300m_roundtrip_13_e0007,85.35512623671003,300m_roundtrip_13,42.1844701026216,3.709813794277361,1.00744826105989,7,full_6dof_frozen,0.010955615567432174,276.4557870729948,276.3383617847875,validation,117.62580728530884
300m_roundtrip_13_e0007,85.74322092887165,300m_roundtrip_13,42.18447010262153,3.709827846836412,1.00744826105989,7,full_6dof_frozen,0.010955615567432174,277.7494880190594,277.63196135163145,validation,117.87580728530884
300m_roundtrip_13_e0007,86.13131760716372,300m_roundtrip_13,42.18447010262163,3.709841712246277,1.00744826105989,7,full_6dof_frozen,0.010955615567432174,279.0431952840927,278.9255680015588,validation,118.12580728530884
300m_roundtrip_13_e0007,86.51673179601619,300m_roundtrip_13,42.184470102621646,3.706119197694019,1.00744826105989,7,full_6dof_frozen,0.010955615567432174,280.33211766940514,280.21438194408523,validation,118.37580728530884
300m_roundtrip_13_e0007,86.89514694535357,300m_roundtrip_13,42.18447010262157,3.6928006574733145,1.00744826105989,7,full_6dof_frozen,0.010955615567432174,281.60838681252466,281.49052068624695,validation,118.62580728530884
300m_roundtrip_13_e0007,87.27371689008696,300m_roundtrip_13,42.18447010262152,3.6799289006305242,1.00744826105989,7,full_6dof_frozen,0.010955615567432174,282.88467503073514,282.76667922888004,validation,118.87580728530884
300m_roundtrip_13_e0007,87.65244297509436,300m_roundtrip_13,42.184470102621574,3.6675081957044537,1.00744826105989,7,full_6dof_frozen,0.010955615567432174,284.16098206701355,284.04285731065454,validation,119.12580728530884
300m_roundtrip_13_e0007,88.03163059189012,300m_roundtrip_13,42.259653466655564,3.6542824183378473,1.00744826105989,7,full_6dof_frozen,0.010955615567432174,285.4325670447432,285.3143053874698,validation,119.37580728530884
300m_roundtrip_13_e0007,88.41200510009017,300m_roundtrip_13,42.541626733891235,3.6381658433385873,1.00744826105989,7,full_6dof_frozen,0.010955615567432174,286.69164083937113,286.5732200941689,validation,119.62580728530884
300m_roundtrip_13_e0007,88.79290325464858,300m_roundtrip_13,42.836542348143425,3.6224859700366925,1.00744826105989,7,full_6dof_frozen,0.010955615567432174,287.95074181132054,287.83216270111996,validation,119.87580728530884
300m_roundtrip_13_e0007,89.17434231426503,300m_roundtrip_13,43.14494695292447,3.6072480397604667,1.00744826105989,7,full_6dof_frozen,0.010955615567432174,289.20986960563465,289.0911328518227,validation,120.12580728530884
300m_roundtrip_13_e0007,89.55060077114317,300m_roundtrip_13,43.353071961371725,3.5895612316037497,1.00744826105989,7,full_6dof_frozen,0.010955615567432174,290.4639988168399,290.3451064001413,validation,120.37580728530884
300m_roundtrip_13_e0007,89.91347646720457,300m_roundtrip_13,43.29556026252827,3.5653155660951223,1.00744826105989,7,full_6dof_frozen,0.010955615567432174,291.70610280545776,291.58705828563143,validation,120.62580728530884
300m_roundtrip_13_e0007,90.27665498174157,300m_roundtrip_13,43.24411709544917,3.5414299645772984,1.00744826105989,7,full_6dof_frozen,0.010955615567432174,292.94823787057305,292.8290416854902,validation,120.87580728530884
300m_roundtrip_13_e0007,90.6401617943374,300m_roundtrip_13,43.19955851000097,3.517911270324135,1.00744826105989,7,full_6dof_frozen,0.010955615567432174,294.1904036185508,294.07105621044263,validation,121.12580728530884
300m_roundtrip_13_e0007,91.003581240679,300m_roundtrip_13,43.17397547218195,3.4974984997211003,1.00744826105989,7,full_6dof_frozen,0.010955615567432174,295.4270204007098,295.30752105509794,validation,121.37580728530884
300m_roundtrip_13_e0007,91.36624484851426,300m_roundtrip_13,43.173975472181965,3.482816611174491,1.00744826105989,7,full_6dof_frozen,0.010955615567432174,296.65231494650374,296.5326616356217,validation,121.62580728530884
300m_roundtrip_13_e0007,91.72894052700433,300m_roundtrip_13,43.173975472182036,3.4682023245415747,1.00744826105989,7,full_6dof_frozen,0.010955615567432174,297.87764109243096,297.75783409949656,validation,121.87580728530884
300m_roundtrip_13_e0007,92.09166840164445,300m_roundtrip_13,43.17397547218199,3.453656361152021,1.00744826105989,7,full_6dof_frozen,0.010955615567432174,299.10299845012554,298.9830380661659,validation,122.12580728530884
300m_roundtrip_13_e0007,92.45442860318622,300m_roundtrip_13,43.173975472181986,3.4391794525880224,1.00744826105989,7,full_6dof_frozen,0.010955615567432174,300.32838663755007,300.2082731611024,validation,122.37580728530884
300m_roundtrip_13_e0007,92.81722126761116,300m_roundtrip_13,43.173975472182036,3.4247723407155046,1.00744826105989,7,full_6dof_frozen,0.010955615567432174,301.5538052788671,301.4335390156894,validation,122.62580728530884
300m_roundtrip_13_e0007,93.18004653610458,300m_roundtrip_13,43.17397547218202,3.4104357777123595,1.00744826105989,7,full_6dof_frozen,0.010955615567432174,302.77925400431474,302.6588352671047,validation,122.87580728530884
300m_roundtrip_13_e0007,93.54290455502904,300m_roundtrip_13,43.173975472181965,3.3961705260935653,1.00744826105989,7,full_6dof_frozen,0.010955615567432174,304.00473245008374,303.8841615582071,validation,123.12580728530884
300m_roundtrip_13_e0007,93.90575906137981,300m_roundtrip_13,43.173975472182086,3.3849423906914597,1.00744826105989,7,full_6dof_frozen,0.010955615567432174,305.22682329738245,305.10610222531506,validation,123.37580728530884
300m_roundtrip_13_e0007,94.26849232854148,300m_roundtrip_13,43.17397547218204,3.3850322799389043,1.00744826105989,7,full_6dof_frozen,0.010955615567432174,306.43593012603696,306.31506533138383,validation,123.62580728530884
300m_roundtrip_13_e0007,94.63123273790457,300m_roundtrip_13,43.17397547218197,3.3851211507077936,1.00744826105989,7,full_6dof_frozen,0.010955615567432174,307.6450618338402,307.5240534063495,validation,123.87580728530884
300m_roundtrip_13_e0007,94.9939802090354,300m_roundtrip_13,43.17397547218199,3.3852090183133408,1.00744826105989,7,full_6dof_frozen,0.010955615567432174,308.8542181285943,308.7330661686173,validation,124.12580728530884
300m_roundtrip_13_e0007,95.35673466270276,300m_roundtrip_13,43.173975472182036,3.3852958977841205,1.00744826105989,7,full_6dof_frozen,0.010955615567432174,310.0633987226537,309.9421033408064,validation,124.37580728530884
300m_roundtrip_13_e0007,95.71949602085544,300m_roundtrip_13,43.17397547218211,3.3853818038686496,1.00744826105989,7,full_6dof_frozen,0.010955615567432174,311.2726033328364,311.15116464967093,validation,124.62580728530884
300m_roundtrip_13_e0007,96.08226420660046,300m_roundtrip_13,43.17397547218202,3.3854667510414185,1.00744826105989,7,full_6dof_frozen,0.010955615567432174,312.48183168033853,312.36024982602373,validation,124.87580728530884
300m_roundtrip_13_e0007,96.44503914418158,300m_roundtrip_13,43.17397547218202,3.385550753509206,1.00744826105989,7,full_6dof_frozen,0.010955615567432174,313.6910834906493,313.569358604661,validation,125.12580728530884
300m_roundtrip_13_e0007,96.80782075895848,300m_roundtrip_13,43.17397547218208,3.385633825216855,1.00744826105989,7,full_6dof_frozen,0.010955615567432174,314.90035849346964,314.7784907242892,validation,125.37580728530884
300m_roundtrip_13_e0007,97.17060897738617,300m_roundtrip_13,43.173975472182036,3.3857159798530003,1.00744826105989,7,full_6dof_frozen,0.010955615567432174,316.1096564226311,315.9876459274533,validation,125.62580728530884
300m_roundtrip_13_e0007,97.5334037269951,300m_roundtrip_13,43.17397547218198,3.3857972308558018,1.00744826105989,7,full_6dof_frozen,0.010955615567432174,317.3189770160179,317.19682396046665,validation,125.87580728530884
300m_roundtrip_13_e0007,97.89620493637162,300m_roundtrip_13,43.17397547218205,3.385877591418416,1.00744826105989,7,full_6dof_frozen,0.010955615567432174,318.52832001548995,318.4060245733421,validation,126.12580728530884
300m_roundtrip_13_e0007,98.25901253513865,300m_roundtrip_13,43.17397547218201,3.385957074494237,1.00744826105989,7,full_6dof_frozen,0.010955615567432174,319.7376851668078,319.6152475197254,validation,126.37580728530884
300m_roundtrip_13_e0007,98.62182645393719,300m_roundtrip_13,43.17397547218198,3.386035692802158,1.00744826105989,7,full_6dof_frozen,0.010955615567432174,320.9470722195594,320.824492556829,validation,126.62580728530884
300m_roundtrip_13_e0007,98.98464662440773,300m_roundtrip_13,43.17397547218204,3.386113458831648,1.00744826105989,7,full_6dof_frozen,0.010955615567432174,322.1564809270884,322.03375944536805,validation,126.87580728530884
300m_roundtrip_13_e0007,99.34747297917254,300m_roundtrip_13,43.17397547218201,3.3861903848477395,1.00744826105989,7,full_6dof_frozen,0.010955615567432174,323.3659110464242,323.24304794949745,validation,127.12580728530884
300m_roundtrip_13_e0007,99.71030545181809,300m_roundtrip_13,43.17397547218209,3.38626648289575,1.00744826105989,7,full_6dof_frozen,0.010955615567432174,324.5753623382132,324.4523578367506,validation,127.37580728530884
300m_roundtrip_13_e0007,100.07314397687769,300m_roundtrip_13,43.173975472182015,3.3863417648060117,1.00744826105989,7,full_6dof_frozen,0.010955615567432174,325.7848345666522,325.6616888779787,validation,127.62580728530884
300m_roundtrip_13_e0007,100.43598848981492,300m_roundtrip_13,43.17397547218199,3.3864162421985156,1.00744826105989,7,full_6dof_frozen,0.010955615567432174,326.99432749942235,326.87104084729225,validation,127.87580728530884
300m_roundtrip_13_e0007,100.79883892700708,300m_roundtrip_13,43.17397547218208,3.3864899264873793,1.00744826105989,7,full_6dof_frozen,0.010955615567432174,328.2038409076257,328.08041352200325,validation,128.12580728530884
300m_roundtrip_13_e0007,101.16169522572896,300m_roundtrip_13,43.17397547218204,3.3865628288850402,1.00744826105989,7,full_6dof_frozen,0.010955615567432174,329.41337456572205,329.28980668256844,validation,128.37580728530884
300m_roundtrip_13_e0007,101.52455732413738,300m_roundtrip_13,43.173975472182,3.3866349604067834,1.00744826105989,7,full_6dof_frozen,0.010955615567432174,330.62292825146807,330.4992201125346,validation,128.62580728530884
300m_roundtrip_13_e0007,101.88742516125545,300m_roundtrip_13,43.173975472182036,3.3867063318746644,1.00744826105989,7,full_6dof_frozen,0.010955615567432174,331.8325017458569,331.708653598484,validation,128.87580728530884
300m_roundtrip_13_e0007,102.25029867695757,300m_roundtrip_13,43.17397547218194,3.38677695392162,1.00744826105989,7,full_6dof_frozen,0.010955615567432174,333.04209483305993,332.91810692998155,validation,129.12580728530884
300m_roundtrip_13_e0007,102.61317781195473,300m_roundtrip_13,43.173975472182,3.386846836995491,1.00744826105989,7,full_6dof_frozen,0.010955615567432174,334.2517073003692,334.12757989952297,validation,129.37580728530884
300m_roundtrip_13_e0007,102.97382024075786,300m_roundtrip_13,43.17397547218205,3.3838868971129243,1.00744826105989,7,full_6dof_frozen,0.010955615567432174,335.4572337243132,335.3329620647041,validation,129.62580728530884
300m_roundtrip_13_e0007,103.33277890739679,300m_roundtrip_13,43.17397547218201,3.378680128407345,1.00744826105989,7,full_6dof_frozen,0.010955615567432174,336.65964651793115,336.5352269489325,validation,129.87580728530884
300m_roundtrip_13_e0007,103.6917735192818,300m_roundtrip_13,43.17397547218201,3.373559854347111,1.00744826105989,7,full_6dof_frozen,0.010955615567432174,337.86208290888777,337.73751560297967,validation,130.12580728530884
300m_roundtrip_13_e0007,104.0508040921716,300m_roundtrip_13,43.173975472182036,3.36852634392029,1.00744826105989,7,full_6dof_frozen,0.010955615567432174,339.06454264613086,338.9398277828518,validation,130.37580728530884
300m_roundtrip_13_e0007,104.4116676285344,300m_roundtrip_13,43.28993341356656,3.3626988023797626,1.00744826105989,7,full_6dof_frozen,0.010955615567432174,340.26295707470746,340.13808539941397,validation,130.62580728530884
300m_roundtrip_13_e0007,104.77400463520003,300m_roundtrip_13,43.496743839348724,3.356282775443215,1.00744826105989,7,full_6dof_frozen,0.010955615567432174,341.45828902080865,341.3332534913787,validation,130.87580728530884
300m_roundtrip_13_e0007,105.13646089544166,300m_roundtrip_13,43.706463541584455,3.349951067161185,1.00744826105989,7,full_6dof_frozen,0.010955615567432174,342.65364760200623,342.52844839166255,validation,131.12580728530884
300m_roundtrip_13_e0007,105.49903753775372,300m_roundtrip_13,43.919130832444395,3.3437040244486433,1.00744826105989,7,full_6dof_frozen,0.010955615567432174,343.8490325405172,343.7236698302702,validation,131.37580728530884
300m_roundtrip_13_e0007,105.85365556527793,300m_roundtrip_13,43.9224338590475,3.335261985382066,1.00744826105989,7,full_6dof_frozen,0.010955615567432174,345.04026547463536,344.9147417049998,validation,131.62580728530884
300m_roundtrip_13_e0007,106.20260669817519,300m_roundtrip_13,43.77588467911265,3.325286304550394,1.00744826105989,7,full_6dof_frozen,0.010955615567432174,346.2285833411271,346.1029001680933,validation,131.87580728530884
300m_roundtrip_13_e0007,106.55155933420131,300m_roundtrip_13,43.628270516634686,3.3153804281851134,1.00744826105989,7,full_6dof_frozen,0.010955615567432174,347.4169300537217,347.29108752336566,validation,132.12580728530884
300m_roundtrip_13_e0007,106.90051467371119,300m_roundtrip_13,43.479630822313126,3.305544835552517,1.00744826105989,7,full_6dof_frozen,0.010955615567432174,348.60530531742234,348.4793034854982,validation,132.37580728530884
300m_roundtrip_13_e0007,107.25159461771625,300m_roundtrip_13,43.42318119644152,3.2981100322154715,1.00744826105989,7,full_6dof_frozen,0.010955615567432174,349.789325718258,349.66314857626804,validation,132.62580728530884
300m_roundtrip_13_e0007,107.6039755165288,300m_roundtrip_13,43.4231811964416,3.2921160515886077,1.00744826105989,7,full_6dof_frozen,0.010955615567432174,350.9707119947644,350.84434989978917,validation,132.87580728530884
300m_roundtrip_13_e0007,107.95637010237935,300m_roundtrip_13,43.42318119644152,3.286135892856149,1.00744826105989,7,full_6dof_frozen,0.010955615567432174,352.1521284381878,352.0255815385509,validation,133.12580728530884
300m_roundtrip_13_e0007,108.30877829826368,300m_roundtrip_13,43.42318119644165,3.2801695919574936,1.00744826105989,7,full_6dof_frozen,0.010955615567432174,353.33357474592736,353.2068431989339,validation,133.37580728530884
300m_roundtrip_13_e0007,108.66120002851322,300m_roundtrip_13,43.42318119644153,3.2742171853668682,1.00744826105989,7,full_6dof_frozen,0.010955615567432174,354.5150506194082,354.3881345910922,validation,133.62580728530884
300m_roundtrip_13_e0007,109.01363521877543,300m_roundtrip_13,43.42318119644173,3.2682787100905597,1.00744826105989,7,full_6dof_frozen,0.010955615567432174,355.69655576401516,355.56945542889366,validation,133.87580728530884
300m_roundtrip_13_e0007,109.36608379599443,300m_roundtrip_13,43.42318119644148,3.262354203664123,1.00744826105989,7,full_6dof_frozen,0.010955615567432174,356.8780898890271,356.7508054298601,validation,134.12580728530884
300m_roundtrip_13_e0007,109.71854568839221,300m_roundtrip_13,43.42318119644156,3.2564437041497576,1.00744826105989,7,full_6dof_frozen,0.010955615567432174,358.0596527075534,357.93218431510974,validation,134.37580728530884
300m_roundtrip_13_e0007,110.07098850560303,300m_roundtrip_13,43.423181196441604,3.253551327477507,1.00744826105989,7,full_6dof_frozen,0.010955615567432174,359.23781053779146,359.1101401138319,validation,134.62580728530884
300m_roundtrip_13_e0007,110.42340868966866,300m_roundtrip_13,43.42318119644145,3.2536601427664653,1.00744826105989,7,full_6dof_frozen,0.010955615567432174,360.41257023605834,360.28467982621163,validation,134.87580728530884
300m_roundtrip_13_e0007,110.77583724092416,300m_roundtrip_13,43.42318119644157,3.253767933325401,1.00744826105989,7,full_6dof_frozen,0.010955615567432174,361.5873587307733,361.45924868420013,validation,135.12580728530884
300m_roundtrip_13_e0007,111.12827408105076,300m_roundtrip_13,43.423181196441604,3.2538747119595715,1.00744826105989,7,full_6dof_frozen,0.010955615567432174,362.7621757421686,362.6338464147452,validation,135.37580728530884
300m_roundtrip_13_e0007,111.48071913270255,300m_roundtrip_13,43.423181196441625,3.253980491275062,1.00744826105989,7,full_6dof_frozen,0.010955615567432174,363.9370209940819,363.80847274818836,validation,135.62580728530884
300m_roundtrip_13_e0007,111.83317231949172,300m_roundtrip_13,43.42318119644157,3.254085283682706,1.00744826105989,7,full_6dof_frozen,0.010955615567432174,365.1118942138991,364.98312741821286,validation,135.87580728530884
300m_roundtrip_13_e0007,112.18563356597349,300m_roundtrip_13,43.42318119644161,3.2541891014014337,1.00744826105989,7,full_6dof_frozen,0.010955615567432174,366.28679513249705,366.1578101617915,validation,136.12580728530884
300m_roundtrip_13_e0007,112.53810279763188,300m_roundtrip_13,43.42318119644161,3.2542919564620876,1.00744826105989,7,full_6dof_frozen,0.010955615567432174,367.4617234841882,367.3325207191368,validation,136.37580728530884
300m_roundtrip_13_e0007,112.89057994086538,300m_roundtrip_13,43.42318119644157,3.2543938607107115,1.00744826105989,7,full_6dof_frozen,0.010955615567432174,368.6366790066664,368.5072588336509,validation,136.62580728530884
300m_roundtrip_13_e0007,113.243064922973,300m_roundtrip_13,43.423181196441604,3.2544948258119613,1.00744826105989,7,full_6dof_frozen,0.010955615567432174,369.8116614409525,369.6820242518771,validation,136.87580728530884
300m_roundtrip_13_e0007,113.59555767214046,300m_roundtrip_13,43.42318119644155,3.254594863252441,1.00744826105989,7,full_6dof_frozen,0.010955615567432174,370.9866705313429,370.85681672345174,validation,137.12580728530884
300m_roundtrip_13_e0007,113.94805811742695,300m_roundtrip_13,43.423181196441675,3.254693984344018,1.00744826105989,7,full_6dof_frozen,0.010955615567432174,372.16170602535726,372.03163600105773,validation,137.37580728530884
300m_roundtrip_13_e0007,114.30056618875167,300m_roundtrip_13,43.42318119644159,3.2547922002268557,1.00744826105989,7,full_6dof_frozen,0.010955615567432174,373.3367676736883,373.2064818403778,validation,137.62580728530884
300m_roundtrip_13_e0007,114.65308181688104,300m_roundtrip_13,43.42318119644163,3.254889521872661,1.00744826105989,7,full_6dof_frozen,0.010955615567432174,374.511855230152,374.38135400004984,validation,137.87580728530884
300m_roundtrip_13_e0007,115.00560493341585,300m_roundtrip_13,43.42318119644156,3.254985960087616,1.00744826105989,7,full_6dof_frozen,0.010955615567432174,375.6869684516392,375.5562522416219,validation,138.12580728530884
300m_roundtrip_13_e0007,115.3581354707787,300m_roundtrip_13,43.42318119644162,3.255081525515483,1.00744826105989,7,full_6dof_frozen,0.010955615567432174,376.86210709806755,376.7311763295089,validation,138.37580728530884
300m_roundtrip_13_e0007,115.71067336220193,300m_roundtrip_13,43.42318119644154,3.2551762286403547,1.00744826105989,7,full_6dof_frozen,0.010955615567432174,378.0372709323348,377.9061260309499,validation,138.62580728530884
300m_roundtrip_13_e0007,116.06321854171526,300m_roundtrip_13,43.42318119644162,3.255270079789749,1.00744826105989,7,full_6dof_frozen,0.010955615567432174,379.21245972027276,379.0811011159653,validation,138.87580728530884
300m_roundtrip_13_e0007,116.41577094413412,300m_roundtrip_13,43.42318119644166,3.2553630891371204,1.00744826105989,7,full_6dof_frozen,0.010955615567432174,380.387673230602,380.25610135731614,validation,139.12580728530884
300m_roundtrip_13_e0007,116.76833050504801,300m_roundtrip_13,43.42318119644159,3.255455266704867,1.00744826105989,7,full_6dof_frozen,0.010955615567432174,381.56291123488757,381.4311265304632,validation,139.37580728530884
300m_roundtrip_13_e0007,7.756825725422437,300m_roundtrip_13,41.04662703013254,2.808156118834186,1.00744826105989,7,planar_frozen,0.010955615567432174,22.831669471544785,16.82422983183531,validation,71.87580728530884
300m_roundtrip_13_e0007,8.102731711804088,300m_roundtrip_13,41.04662703013255,3.029216089185214,1.00744826105989,7,planar_frozen,0.010955615567432174,23.303705792182516,17.949308319506322,validation,72.12580728530884
300m_roundtrip_13_e0007,8.466435061530724,300m_roundtrip_13,41.04662703013253,3.237121229213001,1.00744826105989,7,planar_frozen,0.010955615567432174,23.893897023235525,19.12622088590001,validation,72.37580728530884
300m_roundtrip_13_e0007,8.845319033045968,300m_roundtrip_13,41.04662703013254,3.4302005631209753,1.00744826105989,7,planar_frozen,0.010955615567432174,24.59373832468375,20.3489212029055,validation,72.62580728530884
300m_roundtrip_13_e0007,9.237223806565341,300m_roundtrip_13,41.04662703013253,3.607702427991456,1.00744826105989,7,planar_frozen,0.010955615567432174,25.39416573007873,21.61239492635408,validation,72.87580728530884
300m_roundtrip_13_e0007,9.640375583929554,300m_roundtrip_13,41.04662703013254,3.769578368230696,1.00744826105989,7,planar_frozen,0.010955615567432174,26.28599208681392,22.91244740107547,validation,73.12580728530884
300m_roundtrip_13_e0007,10.05332175326989,300m_roundtrip_13,41.04662703013254,3.916295622961244,1.00744826105989,7,planar_frozen,0.010955615567432174,27.26024844653905,24.245521310030345,validation,73.37580728530884
300m_roundtrip_13_e0007,10.474871203054471,300m_roundtrip_13,41.04662703013254,4.048673175419451,1.00744826105989,7,planar_frozen,0.010955615567432174,28.30842541123892,25.608550822506302,validation,73.62580728530884
300m_roundtrip_13_e0007,10.90404143295568,300m_roundtrip_13,41.046627030132555,4.167743999808434,1.00744826105989,7,planar_frozen,0.010955615567432174,29.422623806825463,26.998851400237427,validation,73.87580728530884
300m_roundtrip_13_e0007,11.340013963146864,300m_roundtrip_13,41.04662703013254,4.274646028600758,1.00744826105989,7,planar_frozen,0.010955615567432174,30.59563159357753,28.41404010983011,validation,74.12580728530884
300m_roundtrip_13_e0007,11.78209844253028,300m_roundtrip_13,41.046627030132534,4.370541501570784,1.00744826105989,7,planar_frozen,0.010955615567432174,31.820945807117653,29.851979611693764,validation,74.37580728530884
300m_roundtrip_13_e0007,12.229704815297477,300m_roundtrip_13,41.04662703013255,4.456561610977665,1.00744826105989,7,planar_frozen,0.010955615567432174,33.09275676075914,31.31073914969754,validation,74.62580728530884
300m_roundtrip_13_e0007,12.682322296463033,300m_roundtrip_13,41.04662703013253,4.533771798284378,1.00744826105989,7,planar_frozen,0.010955615567432174,34.40590859883914,32.788566990974125,validation,74.87580728530884
300m_roundtrip_13_e0007,13.139503725021271,300m_roundtrip_13,41.04662703013253,4.603152701594679,1.00744826105989,7,planar_frozen,0.010955615567432174,35.75584681578983,34.28387018643947,validation,75.12580728530884
300m_roundtrip_13_e0007,13.600853961926067,300m_roundtrip_13,41.04662703013251,4.665592202148607,1.00744826105989,7,planar_frozen,0.010955615567432174,37.13856021757487,35.79519883581438,validation,75.37580728530884
300m_roundtrip_13_e0007,14.066021229347635,300m_roundtrip_13,41.04662703013253,4.721884846152099,1.00744826105989,7,planar_frozen,0.010955615567432174,38.550522267179396,37.321233074780814,validation,75.62580728530884
300m_roundtrip_13_e0007,14.534690544404897,300m_roundtrip_13,41.046627030132555,4.772735820056555,1.00744826105989,7,planar_frozen,0.010955615567432174,39.98863485576628,38.860771732599574,validation,75.87580728530884
300m_roundtrip_13_e0007,15.006578630556291,300m_roundtrip_13,41.04662703013254,4.818767466167758,1.00744826105989,7,planar_frozen,0.010955615567432174,41.45017619625963,40.41272208292453,validation,76.12580728530884
300m_roundtrip_13_e0007,15.481429873224448,300m_roundtrip_13,41.04662703013254,4.86052697614569,1.00744826105989,7,planar_frozen,0.010955615567432174,42.93275363043679,41.976090395880185,validation,76.37580728530884
300m_roundtrip_13_e0007,15.9590130222516,300m_roundtrip_13,41.04662703013254,4.898494387108755,1.00744826105989,7,planar_frozen,0.010955615567432174,44.43426156019982,43.54997315786265,validation,76.62580728530884
300m_roundtrip_13_e0007,16.439118439848,300m_roundtrip_13,41.04662703013253,4.933090350853006,1.00744826105989,7,planar_frozen,0.010955615567432174,45.95284436274179,45.13354890499993,validation,76.87580728530884
300m_roundtrip_13_e0007,16.921555758252207,300m_roundtrip_13,41.04662703013253,4.964683381681325,1.00744826105989,7,planar_frozen,0.010955615567432174,47.48686395383614,46.72607065009325,validation,77.12580728530884
300m_roundtrip_13_e0007,17.406151854997802,300m_roundtrip_13,41.04662703013257,4.993596441767824,1.00744826105989,7,planar_frozen,0.010955615567432174,49.03487156944093,48.326858892541324,validation,77.37580728530884
300m_roundtrip_13_e0007,17.89274908232198,300m_roundtrip_13,41.04662703013253,5.020112819058718,1.00744826105989,7,planar_frozen,0.010955615567432174,50.59558330537005,49.93529519904617,validation,77.62580728530884
300m_roundtrip_13_e0007,18.381203705875066,300m_roundtrip_13,41.04662703013255,5.044481309878628,1.00744826105989,7,planar_frozen,0.010955615567432174,52.16785896227071,51.550816336994764,validation,77.87580728530884
300m_roundtrip_13_e0007,18.871384519989373,300m_roundtrip_13,41.04662703013254,5.066920750003111,1.00744826105989,7,planar_frozen,0.010955615567432174,53.75068377166702,53.172908935994,validation,78.12580728530884
300m_roundtrip_13_e0007,19.363171614686735,300m_roundtrip_13,41.04662703013255,5.087623953254436,1.00744826105989,7,planar_frozen,0.010955615567432174,55.34315261758928,54.801104647767474,validation,78.37580728530884
300m_roundtrip_13_e0007,19.85645527487878,300m_roundtrip_13,41.046627030132555,5.1067611219479785,1.00744826105989,7,planar_frozen,0.010955615567432174,56.944456410641614,56.43497577104562,validation,78.62580728530884
300m_roundtrip_13_e0007,20.351134995825085,300m_roundtrip_13,41.04662703013253,5.124482792893706,1.00744826105989,7,planar_frozen,0.010955615567432174,58.553870313334535,58.07413130618782,validation,78.87580728530884
300m_roundtrip_13_e0007,20.847118601479316,300m_roundtrip_13,41.04662703013254,5.140922378798302,1.00744826105989,7,planar_frozen,0.010955615567432174,60.1707435549519,59.71821340380929,validation,79.12580728530884
300m_roundtrip_13_e0007,21.34432145425677,300m_roundtrip_13,41.04662703013254,5.156198359485604,1.00744826105989,7,planar_frozen,0.010955615567432174,61.794490610073204,61.36689417232373,validation,79.37580728530884
300m_roundtrip_13_e0007,21.84266574623445,300m_roundtrip_13,41.046627030132534,5.1704161713689,1.00744826105989,7,planar_frozen,0.010955615567432174,63.42458354675038,63.01987281073473,validation,79.62580728530884
300m_roundtrip_13_e0007,22.34207986299086,300m_roundtrip_13,41.04662703013254,5.183669837658791,1.00744826105989,7,planar_frozen,0.010955615567432174,65.06054537826026,64.67687303494536,validation,79.87580728530884
300m_roundtrip_13_e0007,22.842497812295022,300m_roundtrip_13,41.046627030132555,5.196043376196628,1.00744826105989,7,planar_frozen,0.010955615567432174,66.70194427655207,66.33764076809054,validation,80.12580728530884
300m_roundtrip_13_e0007,23.343858710715818,300m_roundtrip_13,41.046627030132555,5.207612016721938,1.00744826105989,7,planar_frozen,0.010955615567432174,68.34838852632524,68.00194206776573,validation,80.37580728530884
300m_roundtrip_13_e0007,23.84610632197675,300m_roundtrip_13,41.04662703013251,5.218443254867597,1.00744826105989,7,planar_frozen,0.010955615567432174,69.99952211648595,69.66956126541395,validation,80.62580728530884
300m_roundtrip_13_e0007,24.34918864154863,300m_roundtrip_13,41.04662703013253,5.2285977662267005,1.00744826105989,7,planar_frozen,0.010955615567432174,71.65502088091914,71.34029929545825,validation,80.87580728530884
300m_roundtrip_13_e0007,24.853057522566445,300m_roundtrip_13,41.04662703013253,5.238130200415344,1.00744826105989,7,planar_frozen,0.010955615567432174,73.31458911343063,73.01397219397718,validation,81.12580728530884
300m_roundtrip_13_e0007,25.357668338688185,300m_roundtrip_13,41.046627030132534,5.247089872116962,1.00744826105989,7,planar_frozen,0.010955615567432174,74.97795659268807,74.69040974878777,validation,81.37580728530884
300m_roundtrip_13_e0007,25.862979679987514,300m_roundtrip_13,41.04662703013254,5.255521363581707,1.00744826105989,7,planar_frozen,0.010955615567432174,76.64487596230113,76.36945428470332,validation,81.62580728530884
300m_roundtrip_13_e0007,26.343394836020092,300m_roundtrip_13,41.046627030132534,5.226794758113975,1.00744826105989,7,planar_frozen,0.010955615567432174,78.27072895204567,78.0064812457735,validation,81.87580728530884
300m_roundtrip_13_e0007,26.80770528865287,300m_roundtrip_13,41.04662703013251,5.175351392194029,1.00744826105989,7,planar_frozen,0.010955615567432174,79.86869263586765,79.61479061022631,validation,82.12580728530884
300m_roundtrip_13_e0007,27.27434546334034,300m_roundtrip_13,41.04662703013254,5.128248960129396,1.00744826105989,7,planar_frozen,0.010955615567432174,81.47006479879028,81.22580945564339,validation,82.37580728530884
300m_roundtrip_13_e0007,27.743322689818534,300m_roundtrip_13,41.046627030132534,5.085653885673241,1.00744826105989,7,planar_frozen,0.010955615567432174,83.07464833241107,82.83939561198423,validation,82.62580728530884
300m_roundtrip_13_e0007,28.196991757616257,300m_roundtrip_13,41.07138781752348,5.030514039401146,1.00744826105989,7,planar_frozen,0.010955615567432174,84.64024666381584,84.41330427371572,validation,82.87580728530884
300m_roundtrip_13_e0007,28.640603225265437,300m_roundtrip_13,41.119748255356996,4.967567104250296,1.00744826105989,7,planar_frozen,0.010955615567432174,86.1791466576205,85.95991453966782,validation,83.12580728530884
300m_roundtrip_13_e0007,29.086735116539852,300m_roundtrip_13,41.17730885493549,4.909067723170495,1.00744826105989,7,planar_frozen,0.010955615567432174,87.72095489675584,87.50894590214165,validation,83.37580728530884
300m_roundtrip_13_e0007,29.535479368907215,300m_roundtrip_13,41.24630619919442,4.855214607071758,1.00744826105989,7,planar_frozen,0.010955615567432174,89.26552068632441,89.0602826992265,validation,83.62580728530884
300m_roundtrip_13_e0007,29.961426245275913,300m_roundtrip_13,41.19379237991289,4.778257540357094,1.00744826105989,7,planar_frozen,0.010955615567432174,90.77164245690768,90.57271994781921,validation,83.87580728530884
300m_roundtrip_13_e0007,30.372540638306607,300m_roundtrip_13,41.046302913193315,4.687047328776935,1.00744826105989,7,planar_frozen,0.010955615567432174,92.25347337947814,92.0604633948048,validation,84.12580728530884
300m_roundtrip_13_e0007,30.785223385583166,300m_roundtrip_13,40.885608770879344,4.599776074407104,1.00744826105989,7,planar_frozen,0.010955615567432174,93.73764759492876,93.55019842012352,validation,84.37580728530884
300m_roundtrip_13_e0007,31.199487229225134,300m_roundtrip_13,40.71008289788811,4.516706137489292,1.00744826105989,7,planar_frozen,0.010955615567432174,95.22405553474185,95.04183868800285,validation,84.62580728530884
300m_roundtrip_13_e0007,31.61099555584795,300m_roundtrip_13,40.643059262403995,4.452069966893865,1.00744826105989,7,planar_frozen,0.010955615567432174,96.67074332493561,96.49333818208159,validation,84.87580728530884
300m_roundtrip_13_e0007,32.02090806754925,300m_roundtrip_13,40.64305926240398,4.39652439461288,1.00744826105989,7,planar_frozen,0.010955615567432174,98.09585457452572,97.92292106959468,validation,85.12580728530884
300m_roundtrip_13_e0007,32.431491156569734,300m_roundtrip_13,40.643059262403995,4.341546874967084,1.00744826105989,7,planar_frozen,0.010955615567432174,99.52274115988583,99.35402242142672,validation,85.37580728530884
300m_roundtrip_13_e0007,32.84273926226857,300m_roundtrip_13,40.643059262403995,4.287179031535076,1.00744826105989,7,planar_frozen,0.010955615567432174,100.95132780111898,100.786582701691,validation,85.62580728530884
300m_roundtrip_13_e0007,33.25464790164703,300m_roundtrip_13,40.64305926240398,4.2334626858059385,1.00744826105989,7,planar_frozen,0.010955615567432174,102.38154333277332,102.22054537563803,validation,85.87580728530884
300m_roundtrip_13_e0007,33.66721364200632,300m_roundtrip_13,40.643059262404,4.1804399654772775,1.00744826105989,7,planar_frozen,0.010955615567432174,103.81332043216958,103.6558567282841,validation,86.12580728530884
300m_roundtrip_13_e0007,34.08043407386593,300m_roundtrip_13,40.643059262403995,4.1281533997918345,1.00744826105989,7,planar_frozen,0.010955615567432174,105.24659536851684,105.09246569555094,validation,86.37580728530884
300m_roundtrip_13_e0007,34.49430778384986,300m_roundtrip_13,40.643059262403966,4.076646002138484,1.00744826105989,7,planar_frozen,0.010955615567432174,106.68130777102667,106.53032370697129,validation,86.62580728530884
300m_roundtrip_13_e0007,34.90890499800237,300m_roundtrip_13,40.64305926240399,4.053655573808148,1.00744826105989,7,planar_frozen,0.010955615567432174,108.08688779554136,107.93883714602705,validation,86.87580728530884
300m_roundtrip_13_e0007,35.3238875241902,300m_roundtrip_13,40.64305926240397,4.056434124797239,1.00744826105989,7,planar_frozen,0.010955615567432174,109.46524983632223,109.31993783826059,validation,87.12580728530884
300m_roundtrip_13_e0007,35.73907852189353,300m_roundtrip_13,40.643059262403966,4.059118246815063,1.00744826105989,7,planar_frozen,0.010955615567432174,110.84451311387402,110.70178765130501,validation,87.37580728530884
300m_roundtrip_13_e0007,36.154471086839436,300m_roundtrip_13,40.643059262403995,4.0617121391193,1.00744826105989,7,planar_frozen,0.010955615567432174,112.22464439906234,112.08436167959991,validation,87.62580728530884
300m_roundtrip_13_e0007,36.57005861355001,300m_roundtrip_13,40.64305926240401,4.0642197719507696,1.00744826105989,7,planar_frozen,0.010955615567432174,113.60561205706809,113.4676360960975,validation,87.87580728530884
300m_roundtrip_13_e0007,36.98583477951077,300m_roundtrip_13,40.643059262403995,4.066644901231591,1.00744826105989,7,planar_frozen,0.010955615567432174,114.98738595405572,114.85158809527276,validation,88.12580728530884
300m_roundtrip_13_e0007,37.40179353032391,300m_roundtrip_13,40.643059262403995,4.068991082184639,1.00744826105989,7,planar_frozen,0.010955615567432174,116.3699373702407,116.23619583965751,validation,88.37580728530884
300m_roundtrip_13_e0007,37.81792906577712,300m_roundtrip_13,40.64305926240396,4.0712616819632235,1.00744826105989,7,planar_frozen,0.010955615567432174,117.7532389188568,117.62143840965128,validation,88.62580728530884
300m_roundtrip_13_e0007,38.234235826763275,300m_roundtrip_13,40.64305926240398,4.073459891371185,1.00744826105989,7,planar_frozen,0.010955615567432174,119.1372644705671,119.00729575638029,validation,88.87580728530884
300m_roundtrip_13_e0007,38.650708482991554,300m_roundtrip_13,40.643059262403995,4.075588735747024,1.00744826105989,7,planar_frozen,0.010955615567432174,120.52198908290218,120.39374865739438,validation,89.12580728530884
300m_roundtrip_13_e0007,39.06734192143553,300m_roundtrip_13,40.643059262403995,4.077651085078829,1.00744826105989,7,planar_frozen,0.010955615567432174,121.90738893434387,121.78077867500706,validation,89.37580728530884
300m_roundtrip_13_e0007,39.48413123546751,300m_roundtrip_13,40.64305926240398,4.079649663410762,1.00744826105989,7,planar_frozen,0.010955615567432174,123.29344126270641,123.16836811709918,validation,89.62580728530884
300m_roundtrip_13_e0007,39.90107171463265,300m_roundtrip_13,40.64305926240399,4.081587057597026,1.00744826105989,7,planar_frozen,0.010955615567432174,124.68012430749474,124.5565000002203,validation,89.87580728530884
300m_roundtrip_13_e0007,40.31815883501967,300m_roundtrip_13,40.643059262403995,4.0834657254539035,1.00744826105989,7,planar_frozen,0.010955615567432174,126.06741725594725,125.94515801483436,validation,90.12580728530884
300m_roundtrip_13_e0007,40.7353882501883,300m_roundtrip_13,40.643059262403966,4.0852880033562755,1.00744826105989,7,planar_frozen,0.010955615567432174,127.45530019249385,127.33432649256689,validation,90.37580728530884
300m_roundtrip_13_e0007,41.15275578261682,300m_roundtrip_13,40.643059262403995,4.0870561133213625,1.00744826105989,7,planar_frozen,0.010955615567432174,128.8437540513827,128.7239903753233,validation,90.62580728530884
300m_roundtrip_13_e0007,41.570257415635375,300m_roundtrip_13,40.643059262403995,4.088772169618222,1.00744826105989,7,planar_frozen,0.010955615567432174,130.2327605722482,130.11413518615518,validation,90.87580728530884
300m_roundtrip_13_e0007,41.987889285813395,300m_roundtrip_13,40.64305926240399,4.090438184938981,1.00744826105989,7,planar_frozen,0.010955615567432174,131.62230225841176,131.5047470017622,validation,91.12580728530884
300m_roundtrip_13_e0007,42.405647675772144,300m_roundtrip_13,40.643059262403966,4.092056076164234,1.00744826105989,7,planar_frozen,0.010955615567432174,133.01236233772318,132.89581242652488,validation,91.37580728530884
300m_roundtrip_13_e0007,42.823529007394825,300m_roundtrip_13,40.64305926240398,4.093627669752756,1.00744826105989,7,planar_frozen,0.010955615567432174,134.402924725765,134.2873185679698,validation,91.62580728530884
300m_roundtrip_13_e0007,43.241529835409274,300m_roundtrip_13,40.64305926240397,4.095154706782924,1.00744826105989,7,planar_frozen,0.010955615567432174,135.79397399125781,135.67925301357872,validation,91.87580728530884
300m_roundtrip_13_e0007,43.65964684131968,300m_roundtrip_13,40.64305926240395,4.096638847671238,1.00744826105989,7,planar_frozen,0.010955615567432174,137.18549532351446,137.07160380885523,validation,92.12580728530884
300m_roundtrip_13_e0007,44.07787682766564,300m_roundtrip_13,40.64305926240397,4.098081676591287,1.00744826105989,7,planar_frozen,0.010955615567432174,138.57747450180523,138.4643594365729,validation,92.37580728530884
300m_roundtrip_13_e0007,44.49621671258816,300m_roundtrip_13,40.64305926240395,4.099484705614323,1.00744826105989,7,planar_frozen,0.010955615567432174,139.96989786650485,139.85750879713063,validation,92.62580728530884
300m_roundtrip_13_e0007,44.914663524683974,300m_roundtrip_13,40.64305926240395,4.100849378591454,1.00744826105989,7,planar_frozen,0.010955615567432174,141.36275229190315,141.25104118994867,validation,92.87580728530884
300m_roundtrip_13_e0007,45.333214398130366,300m_roundtrip_13,40.64305926240397,4.1021770747953985,1.00744826105989,7,planar_frozen,0.010955615567432174,142.75602516056898,142.6449462958411,validation,93.12580728530884
300m_roundtrip_13_e0007,45.75186656806434,300m_roundtrip_13,40.643059262403966,4.103469112338661,1.00744826105989,7,planar_frozen,0.010955615567432174,144.14970433916574,144.03921416030715,validation,93.37580728530884
300m_roundtrip_13_e0007,46.17061736620088,300m_roundtrip_13,40.64305926240395,4.104726751383645,1.00744826105989,7,planar_frozen,0.010955615567432174,145.5437781556245,145.43383517768552,validation,93.62580728530884
300m_roundtrip_13_e0007,46.589382809211834,300m_roundtrip_13,40.64305926240398,4.1058352780410265,1.00744826105989,7,planar_frozen,0.010955615567432174,146.93809513644518,146.82865635790097,validation,93.87580728530884
300m_roundtrip_13_e0007,47.00774369901989,300m_roundtrip_13,40.64305926240398,4.106202745546374,1.00744826105989,7,planar_frozen,0.010955615567432174,148.33192548086032,148.22293318889143,validation,94.12580728530884
300m_roundtrip_13_e0007,47.42618929410018,300m_roundtrip_13,40.64305926240396,4.106530565331422,1.00744826105989,7,planar_frozen,0.010955615567432174,149.72610495652998,149.61752506014972,validation,94.37580728530884
300m_roundtrip_13_e0007,47.84471746086026,300m_roundtrip_13,40.64305926240396,4.106820076114576,1.00744826105989,7,planar_frozen,0.010955615567432174,151.12062390061135,151.01242390393747,validation,94.62580728530884
300m_roundtrip_13_e0007,48.26361382321911,300m_roundtrip_13,40.65481506659947,4.1070532670551785,1.00744826105989,7,planar_frozen,0.010955615567432174,152.51533614541952,152.4074815411606,validation,94.87580728530884
300m_roundtrip_13_e0007,48.68434620078406,300m_roundtrip_13,40.738413229448916,4.107132422264019,1.00744826105989,7,planar_frozen,0.010955615567432174,153.90953081283678,153.80197157523585,validation,95.12580728530884
300m_roundtrip_13_e0007,49.10517311264445,300m_roundtrip_13,40.82278601892962,4.107175167271823,1.00744826105989,7,planar_frozen,0.010955615567432174,155.30402500034455,155.19673454346415,validation,95.37580728530884
300m_roundtrip_13_e0007,49.52609266012348,300m_roundtrip_13,40.907928522571126,4.107182684782001,1.00744826105989,7,planar_frozen,0.010955615567432174,156.69881071147478,156.5917636813046,validation,95.62580728530884
300m_roundtrip_13_e0007,49.9464195863212,300m_roundtrip_13,40.97228654784364,4.1070930945271265,1.00744826105989,7,planar_frozen,0.010955615567432174,158.0937241811357,157.98689689094385,validation,95.87580728530884
300m_roundtrip_13_e0007,50.36327231492069,300m_roundtrip_13,40.925135865163945,4.106639624607188,1.00744826105989,7,planar_frozen,0.010955615567432174,159.48809445015266,159.38146699444408,validation,96.12580728530884
300m_roundtrip_13_e0007,50.78020157526611,300m_roundtrip_13,40.87854691883411,4.10614926870799,1.00744826105989,7,planar_frozen,0.010955615567432174,160.8827213368934,160.77627267639423,validation,96.37580728530884
300m_roundtrip_13_e0007,51.19720632065072,300m_roundtrip_13,40.832532729440345,4.105623148923937,1.00744826105989,7,planar_frozen,0.010955615567432174,162.27759822517717,162.17130828110982,validation,96.62580728530884
300m_roundtrip_13_e0007,51.61452029790291,300m_roundtrip_13,40.795983906044796,4.105172591857014,1.00744826105989,7,planar_frozen,0.010955615567432174,163.6725345642228,163.56638218677793,validation,96.87580728530884
300m_roundtrip_13_e0007,52.03285659625329,300m_roundtrip_13,40.79598390604479,4.10514286767622,1.00744826105989,7,planar_frozen,0.010955615567432174,165.0669474140632,164.96090679391094,validation,97.12580728530884
300m_roundtrip_13_e0007,52.451246306088215,300m_roundtrip_13,40.795983906044796,4.105086331136291,1.00744826105989,7,planar_frozen,0.010955615567432174,166.46157908298952,166.35563373618896,validation,97.37580728530884
300m_roundtrip_13_e0007,52.869688201205214,300m_roundtrip_13,40.79598390604481,4.105003763839456,1.00744826105989,7,planar_frozen,0.010955615567432174,167.85642411684015,167.75055830701004,validation,97.62580728530884
300m_roundtrip_13_e0007,53.28818109267332,300m_roundtrip_13,40.79598390604481,4.104895919001588,1.00744826105989,7,planar_frozen,0.010955615567432174,169.25147724042918,169.1456759439525,validation,97.87580728530884
300m_roundtrip_13_e0007,53.706723827432576,300m_roundtrip_13,40.79598390604478,4.104763522696674,1.00744826105989,7,planar_frozen,0.010955615567432174,170.646733350297,170.54098222332303,validation,98.12580728530884
300m_roundtrip_13_e0007,54.125315286955875,300m_roundtrip_13,40.795983906044825,4.104607275037596,1.00744826105989,7,planar_frozen,0.010955615567432174,172.042187507809,171.93647285494868,validation,98.37580728530884
300m_roundtrip_13_e0007,54.543954385970075,300m_roundtrip_13,40.79598390604481,4.10442785129714,1.00744826105989,7,planar_frozen,0.010955615567432174,173.4378349325824,173.33214367720043,validation,98.62580728530884
300m_roundtrip_13_e0007,54.9626394429582,300m_roundtrip_13,40.795983906044825,4.104283689059772,1.00744826105989,7,planar_frozen,0.010955615567432174,174.83360536512228,174.7279240162667,validation,98.87580728530884
300m_roundtrip_13_e0007,55.38136197086583,300m_roundtrip_13,40.795983906044825,4.1048356287939844,1.00744826105989,7,planar_frozen,0.010955615567432174,176.228743125283,176.1230478761675,validation,99.12580728530884
300m_roundtrip_13_e0007,55.800128440477955,300m_roundtrip_13,40.795983906044796,4.105375376884275,1.00744826105989,7,planar_frozen,0.010955615567432174,177.62404787385208,177.51832826979307,validation,99.37580728530884
300m_roundtrip_13_e0007,56.21893789401951,300m_roundtrip_13,40.79598390604483,4.105903289140206,1.00744826105989,7,planar_frozen,0.010955615567432174,179.01951570623208,178.91376176755094,validation,99.62580728530884
300m_roundtrip_13_e0007,56.63778940128832,300m_roundtrip_13,40.79598390604484,4.1064197085082785,1.00744826105989,7,planar_frozen,0.010955615567432174,180.4151428381807,180.3093450389739,validation,99.87580728530884
300m_roundtrip_13_e0007,57.05668205867225,300m_roundtrip_13,40.79598390604481,4.106924965624977,1.00744826105989,7,planar_frozen,0.010955615567432174,181.8109256012253,181.70507484917678,validation,100.12580728530884
300m_roundtrip_13_e0007,57.47561498820814,300m_roundtrip_13,40.79598390604481,4.1074193793422324,1.00744826105989,7,planar_frozen,0.010955615567432174,183.2068604382851,183.10094805546424,validation,100.37580728530884
300m_roundtrip_13_e0007,57.89458733668015,300m_roundtrip_13,40.79598390604483,4.10790325722701,1.00744826105989,7,planar_frozen,0.010955615567432174,184.60294389948967,184.49696160408067,validation,100.62580728530884
300m_roundtrip_13_e0007,58.31359827475593,300m_roundtrip_13,40.79598390604478,4.108376896036393,1.00744826105989,7,planar_frozen,0.010955615567432174,185.9991726381837,185.89311252709695,validation,100.87580728530884
300m_roundtrip_13_e0007,58.73264699615856,300m_roundtrip_13,40.79598390604484,4.108840582169507,1.00744826105989,7,planar_frozen,0.010955615567432174,187.39554340710842,187.28939793942587,validation,101.12580728530884
300m_roundtrip_13_e0007,59.15173271687263,300m_roundtrip_13,40.79598390604484,4.109294592097626,1.00744826105989,7,planar_frozen,0.010955615567432174,188.79205305475102,188.6858150359614,validation,101.37580728530884
300m_roundtrip_13_e0007,59.57085467438285,300m_roundtrip_13,40.79598390604484,4.109739192773646,1.00744826105989,7,planar_frozen,0.010955615567432174,190.1886985218529,190.08236108883486,validation,101.62580728530884
300m_roundtrip_13_e0007,59.99001212694359,300m_roundtrip_13,40.79598390604481,4.110174642021938,1.00744826105989,7,planar_frozen,0.010955615567432174,191.58547683806944,191.4790334447831,validation,101.87580728530884
300m_roundtrip_13_e0007,60.40920435287796,300m_roundtrip_13,40.79598390604482,4.110601188909809,1.00744826105989,7,planar_frozen,0.010955615567432174,192.98238511877324,192.8758295226233,validation,102.12580728530884
300m_roundtrip_13_e0007,60.82843064990502,300m_roundtrip_13,40.79598390604485,4.111019074101444,1.00744826105989,7,planar_frozen,0.010955615567432174,194.37942056199375,194.27274681082895,validation,102.37580728530884
300m_roundtrip_13_e0007,61.24769033449382,300m_roundtrip_13,40.79598390604484,4.111428530195318,1.00744826105989,7,planar_frozen,0.010955615567432174,195.77658044548704,195.66978286520316,validation,102.62580728530884
300m_roundtrip_13_e0007,61.66698274124298,300m_roundtrip_13,40.79598390604484,4.111829782045898,1.00744826105989,7,planar_frozen,0.010955615567432174,197.17386212392836,197.06693530664407,validation,102.87580728530884
300m_roundtrip_13_e0007,62.08630722228484,300m_roundtrip_13,40.79598390604478,4.112223047070541,1.00744826105989,7,planar_frozen,0.010955615567432174,198.57126302622302,198.46420181899822,validation,103.12580728530884
300m_roundtrip_13_e0007,62.50566314671262,300m_roundtrip_13,40.79598390604484,4.112608535542261,1.00744826105989,7,planar_frozen,0.010955615567432174,199.96878065292802,199.86158014699848,validation,103.37580728530884
300m_roundtrip_13_e0007,62.92504990003022,300m_roundtrip_13,40.79598390604483,4.112986450869224,1.00744826105989,7,planar_frozen,0.010955615567432174,201.36641257378082,201.25906809428176,validation,103.62580728530884
300m_roundtrip_13_e0007,63.344466883622914,300m_roundtrip_13,40.79598390604481,4.113356989861513,1.00744826105989,7,planar_frozen,0.010955615567432174,202.7641564253289,202.65666352148406,validation,103.87580728530884
300m_roundtrip_13_e0007,63.76391351424862,300m_roundtrip_13,40.7959839060448,4.113720342985997,1.00744826105989,7,planar_frozen,0.010955615567432174,204.16200990865624,204.05436434440813,validation,104.12580728530884
300m_roundtrip_13_e0007,64.18338922354839,300m_roundtrip_13,40.79598390604481,4.114076694609693,1.00744826105989,7,planar_frozen,0.010955615567432174,205.55997078720148,205.45216853226154,validation,104.37580728530884
300m_roundtrip_13_e0007,64.60289345757552,300m_roundtrip_13,40.79598390604478,4.114426223232388,1.00744826105989,7,planar_frozen,0.010955615567432174,206.95803688466376,206.85007410596154,validation,104.62580728530884
300m_roundtrip_13_e0007,65.02242567634242,300m_roundtrip_13,40.79598390604481,4.114769101709007,1.00744826105989,7,planar_frozen,0.010955615567432174,208.35620608299254,208.24807913650397,validation,104.87580728530884
300m_roundtrip_13_e0007,65.44198535338437,300m_roundtrip_13,40.795983906044825,4.115105497462139,1.00744826105989,7,planar_frozen,0.010955615567432174,209.75447632045646,209.6461817433932,validation,105.12580728530884
300m_roundtrip_13_e0007,65.86157197533957,300m_roundtrip_13,40.79598390604479,4.115435572685394,1.00744826105989,7,planar_frozen,0.010955615567432174,211.15284558978894,211.04438009313088,validation,105.37580728530884
300m_roundtrip_13_e0007,66.28118504154469,300m_roundtrip_13,40.795983906044796,4.115759484537878,1.00744826105989,7,planar_frozen,0.010955615567432174,212.55131193640622,212.44267239776033,validation,105.62580728530884
300m_roundtrip_13_e0007,66.70082406364526,300m_roundtrip_13,40.79598390604477,4.116077385330352,1.00744826105989,7,planar_frozen,0.010955615567432174,213.94987345669438,213.84105691346497,validation,105.87580728530884
300m_roundtrip_13_e0007,67.12048856522031,300m_roundtrip_13,40.795983906044796,4.116389422703329,1.00744826105989,7,planar_frozen,0.010955615567432174,215.34852829636304,215.2395319392176,validation,106.12580728530884
300m_roundtrip_13_e0007,67.54017808142069,300m_roundtrip_13,40.795983906044825,4.116695739797716,1.00744826105989,7,planar_frozen,0.010955615567432174,216.74727464886215,216.6380958154793,validation,106.37580728530884
300m_roundtrip_13_e0007,67.95989215862035,300m_roundtrip_13,40.795983906044825,4.116996475418146,1.00744826105989,7,planar_frozen,0.010955615567432174,218.1461107538591,218.0367469229451,validation,106.62580728530884
300m_roundtrip_13_e0007,68.37753988306117,300m_roundtrip_13,40.795983906044825,4.114304969617577,1.00744826105989,7,planar_frozen,0.010955615567432174,219.54138686390866,219.4318333331254,validation,106.87580728530884
300m_roundtrip_13_e0007,68.78428019867218,300m_roundtrip_13,40.795983906044825,4.09618509474519,1.00744826105989,7,planar_frozen,0.010955615567432174,220.91745710667834,220.80769958124958,validation,107.12580728530884
300m_roundtrip_13_e0007,69.19126933886898,300m_roundtrip_13,40.79598390604481,4.078722174997299,1.00744826105989,7,planar_frozen,0.010955615567432174,222.2936279919324,222.18366470585303,validation,107.37580728530884
300m_roundtrip_13_e0007,69.59850977111854,300m_roundtrip_13,40.795983906044775,4.061925220215636,1.00744826105989,7,planar_frozen,0.010955615567432174,223.66989766200567,223.55972695670027,validation,107.62580728530884
300m_roundtrip_13_e0007,70.00451577722463,300m_roundtrip_13,40.7929317228937,4.04483504959138,1.00744826105989,7,planar_frozen,0.010955615567432174,225.04267113789376,224.9322898931582,validation,107.87580728530884
300m_roundtrip_13_e0007,70.40288259349492,300m_roundtrip_13,40.773302686752324,4.023276917046995,1.00744826105989,7,planar_frozen,0.010955615567432174,226.39653018389816,226.28592882043498,validation,108.12580728530884
300m_roundtrip_13_e0007,70.80147191138452,300m_roundtrip_13,40.75290816054204,4.002362153672423,1.00744826105989,7,planar_frozen,0.010955615567432174,227.75048968262865,227.6396671032197,validation,108.37580728530884
300m_roundtrip_13_e0007,71.20028548017235,300m_roundtrip_13,40.73170294704867,3.9821014350125967,1.00744826105989,7,planar_frozen,0.010955615567432174,229.10454785312214,228.99350304255847,validation,108.62580728530884
300m_roundtrip_13_e0007,71.59766534787609,300m_roundtrip_13,40.71886364592169,3.960306311986697,1.00744826105989,7,planar_frozen,0.010955615567432174,230.45473659494004,230.3434674010866,validation,108.87580728530884
300m_roundtrip_13_e0007,71.98765323594819,300m_roundtrip_13,40.74876519379161,3.928992315253203,1.00744826105989,7,planar_frozen,0.010955615567432174,231.78679558971055,231.6752956889221,validation,109.12580728530884
300m_roundtrip_13_e0007,72.37788293849573,300m_roundtrip_13,40.7799452585751,3.8982122848645893,1.00744826105989,7,planar_frozen,0.010955615567432174,233.11894596395052,233.00721477021827,validation,109.37580728530884
300m_roundtrip_13_e0007,72.76836082161475,300m_roundtrip_13,40.812487296797,3.86797953021462,1.00744826105989,7,planar_frozen,0.010955615567432174,234.45118616000707,234.33922314959858,validation,109.62580728530884
300m_roundtrip_13_e0007,73.15823366991224,300m_roundtrip_13,40.83907920451999,3.8405890938389144,1.00744826105989,7,planar_frozen,0.010955615567432174,235.77881599241096,235.66662435821658,validation,109.87580728530884
300m_roundtrip_13_e0007,73.54508366789447,300m_roundtrip_13,40.839079204519976,3.8218575059729094,1.00744826105989,7,planar_frozen,0.010955615567432174,237.08927263438008,236.97686534025323,validation,110.12580728530884
300m_roundtrip_13_e0007,73.93198818161896,300m_roundtrip_13,40.83907920451992,3.803220808331889,1.00744826105989,7,planar_frozen,0.010955615567432174,238.3998058612164,238.28718245819252,validation,110.37580728530884
300m_roundtrip_13_e0007,74.3189473923828,300m_roundtrip_13,40.83907920452001,3.784680644470996,1.00744826105989,7,planar_frozen,0.010955615567432174,239.71041441681655,239.59757450731314,validation,110.62580728530884
300m_roundtrip_13_e0007,74.70596149534525,300m_roundtrip_13,40.839079204520004,3.766238676223342,1.00744826105989,7,planar_frozen,0.010955615567432174,241.0210970723272,240.9080403081162,validation,110.87580728530884
300m_roundtrip_13_e0007,75.09303069940455,300m_roundtrip_13,40.83907920451995,3.74789658394284,1.00744826105989,7,planar_frozen,0.010955615567432174,242.33185262541204,242.21857870567104,validation,111.12580728530884
300m_roundtrip_13_e0007,75.48015522707517,300m_roundtrip_13,40.839079204519976,3.7296560667305285,1.00744826105989,7,planar_frozen,0.010955615567432174,243.642679899542,243.52918856897972,validation,111.37580728530884
300m_roundtrip_13_e0007,75.8673353143664,300m_roundtrip_13,40.83907920452002,3.71151884264472,1.00744826105989,7,planar_frozen,0.010955615567432174,244.95357774330822,244.8398687903624,validation,111.62580728530884
300m_roundtrip_13_e0007,76.25454626818141,300m_roundtrip_13,40.83907920451999,3.6951658583722224,1.00744826105989,7,planar_frozen,0.010955615567432174,246.26259297942659,246.14867091516578,validation,111.87580728530884
300m_roundtrip_13_e0007,76.641545177659,300m_roundtrip_13,40.839079204520004,3.695327061396652,1.00744826105989,7,planar_frozen,0.010955615567432174,247.5525219522957,247.43843230441183,validation,112.12580728530884
300m_roundtrip_13_e0007,77.02855705866517,300m_roundtrip_13,40.83907920452002,3.6954858759176523,1.00744826105989,7,planar_frozen,0.010955615567432174,248.84249717389315,248.72823940777562,validation,112.37580728530884
300m_roundtrip_13_e0007,77.41558172046892,300m_roundtrip_13,40.83907920451995,3.6956423488476453,1.00744826105989,7,planar_frozen,0.010955615567432174,250.13251792868166,250.01809155118337,validation,112.62580728530884
300m_roundtrip_13_e0007,77.80261897605715,300m_roundtrip_13,40.839079204519976,3.6957965259537917,1.00744826105989,7,planar_frozen,0.010955615567432174,251.42258351578423,251.3079880737297,validation,112.87580728530884
300m_roundtrip_13_e0007,78.18966864204492,300m_roundtrip_13,40.83907920452002,3.6959484518916974,1.00744826105989,7,planar_frozen,0.010955615567432174,252.71269324861146,252.5979283273584,validation,113.12580728530884
300m_roundtrip_13_e0007,78.57673053858763,300m_roundtrip_13,40.83907920451996,3.6960981702373035,1.00744826105989,7,planar_frozen,0.010955615567432174,254.00284645449966,253.88791167655185,validation,113.37580728530884
300m_roundtrip_13_e0007,78.9638044892962,300m_roundtrip_13,40.839079204520004,3.696245723518215,1.00744826105989,7,planar_frozen,0.010955615567432174,255.29304247436025,255.1779374980296,validation,113.62580728530884
300m_roundtrip_13_e0007,79.35089032115464,300m_roundtrip_13,40.83907920451996,3.696391153243772,1.00744826105989,7,planar_frozen,0.010955615567432174,256.5832806623395,256.4680051804562,validation,113.87580728530884
300m_roundtrip_13_e0007,79.73798786443965,300m_roundtrip_13,40.83907920451997,3.696534499934069,1.00744826105989,7,planar_frozen,0.010955615567432174,257.8735603854888,257.7581141241561,validation,114.12580728530884
300m_roundtrip_13_e0007,80.12509695264295,300m_roundtrip_13,40.83907920451997,3.696675803148166,1.00744826105989,7,planar_frozen,0.010955615567432174,259.163881023444,259.0482637408382,validation,114.37580728530884
300m_roundtrip_13_e0007,80.5122174223954,300m_roundtrip_13,40.839079204520004,3.696815101511199,1.00744826105989,7,planar_frozen,0.010955615567432174,260.45424196811496,260.33845345332657,validation,114.62580728530884
300m_roundtrip_13_e0007,80.8993491133935,300m_roundtrip_13,40.83907920451992,3.696952432740839,1.00744826105989,7,planar_frozen,0.010955615567432174,261.74464262338387,261.62868269529986,validation,114.87580728530884
300m_roundtrip_13_e0007,81.28649186832791,300m_roundtrip_13,40.839079204520004,3.697087833672604,1.00744826105989,7,planar_frozen,0.010955615567432174,263.03508240481256,262.918950911038,validation,115.12580728530884
300m_roundtrip_13_e0007,81.67364553281382,300m_roundtrip_13,40.83907920451999,3.6972213402844747,1.00744826105989,7,planar_frozen,0.010955615567432174,264.32556073935825,264.20925755517493,validation,115.37580728530884
300m_roundtrip_13_e0007,82.0608099553235,300m_roundtrip_13,40.83907920451992,3.69735298772086,1.00744826105989,7,planar_frozen,0.010955615567432174,265.61607706509756,265.4996020924597,validation,115.62580728530884
300m_roundtrip_13_e0007,82.4479849871204,300m_roundtrip_13,40.839079204520004,3.6974828103154977,1.00744826105989,7,planar_frozen,0.010955615567432174,266.9066308309585,266.78998399752265,validation,115.87580728530884
300m_roundtrip_13_e0007,82.83517048219532,300m_roundtrip_13,40.839079204520004,3.697610841613815,1.00744826105989,7,planar_frozen,0.010955615567432174,268.1972214964602,268.08040275464924,validation,116.12580728530884
300m_roundtrip_13_e0007,83.22236629720423,300m_roundtrip_13,40.83907920451989,3.697737114394624,1.00744826105989,7,planar_frozen,0.010955615567432174,269.48784853146,269.3708578575592,validation,116.37580728530884
300m_roundtrip_13_e0007,83.60957229140772,300m_roundtrip_13,40.83907920452001,3.697861660690872,1.00744826105989,7,planar_frozen,0.010955615567432174,270.7785114159079,270.66134880919225,validation,116.62580728530884
300m_roundtrip_13_e0007,83.9967883266122,300m_roundtrip_13,40.839079204520004,3.6979845118100485,1.00744826105989,7,planar_frozen,0.010955615567432174,272.0692096396077,271.9518751214995,validation,116.87580728530884
300m_roundtrip_13_e0007,84.38401426711268,300m_roundtrip_13,40.83907920451988,3.6981056983536957,1.00744826105989,7,planar_frozen,0.010955615567432174,273.3599427019854,273.2424363152403,validation,117.12580728530884
300m_roundtrip_13_e0007,84.77124997963689,300m_roundtrip_13,40.83907920451998,3.698225250236464,1.00744826105989,7,planar_frozen,0.010955615567432174,274.65071011186313,274.53303191978455,validation,117.37580728530884
300m_roundtrip_13_e0007,85.15849533329126,300m_roundtrip_13,40.83907920452002,3.698343196704528,1.00744826105989,7,planar_frozen,0.010955615567432174,275.94151138724067,275.8236614729208,validation,117.62580728530884
300m_roundtrip_13_e0007,85.54575019950786,300m_roundtrip_13,40.839079204519905,3.698459566353289,1.00744826105989,7,planar_frozen,0.010955615567432174,277.2323460550819,277.1143245206687,validation,117.87580728530884
300m_roundtrip_13_e0007,85.93301445199334,300m_roundtrip_13,40.83907920452004,3.6985743871449266,1.00744826105989,7,planar_frozen,0.010955615567432174,278.523213651108,278.4050206170969,validation,118.12580728530884
300m_roundtrip_13_e0007,86.31778640223034,300m_roundtrip_13,40.83907920452002,3.6952097713586687,1.00744826105989,7,planar_frozen,0.010955615567432174,279.80963783560253,279.69127596901177,validation,118.37580728530884
300m_roundtrip_13_e0007,86.69603440276605,300m_roundtrip_13,40.83907920451992,3.682889790594232,1.00744826105989,7,planar_frozen,0.010955615567432174,281.0842612821786,280.9657375496763,validation,118.62580728530884
300m_roundtrip_13_e0007,87.07441973150074,300m_roundtrip_13,40.83907920451988,3.670950996191926,1.00744826105989,7,planar_frozen,0.010955615567432174,282.3589187069498,282.2402334716347,validation,118.87580728530884
300m_roundtrip_13_e0007,87.45294365360962,300m_roundtrip_13,40.83907920452001,3.65939759027012,1.00744826105989,7,planar_frozen,0.010955615567432174,283.63360965181914,283.51476328628075,validation,119.12580728530884
300m_roundtrip_13_e0007,87.83186578450047,300m_roundtrip_13,40.90792961325707,3.647091244938584,1.00744826105989,7,planar_frozen,0.010955615567432174,284.90390680987264,284.784900164584,validation,119.37580728530884
300m_roundtrip_13_e0007,88.21184022386021,300m_roundtrip_13,41.167029126975955,3.6321400376491972,1.00744826105989,7,planar_frozen,0.010955615567432174,286.1625302541948,286.0433651017917,validation,119.62580728530884
300m_roundtrip_13_e0007,88.59232754652021,300m_roundtrip_13,41.4394210091454,3.617559708625993,1.00744826105989,7,planar_frozen,0.010955615567432174,287.4211848708042,287.30186182913485,validation,119.87580728530884
300m_roundtrip_13_e0007,88.97334598716567,300m_roundtrip_13,41.72568954274858,3.603355246336593,1.00744826105989,7,planar_frozen,0.010955615567432174,288.6798702519638,288.5603899407976,validation,120.12580728530884
300m_roundtrip_13_e0007,89.34899694944937,300m_roundtrip_13,41.89960921339842,3.5868680738315084,1.00744826105989,7,planar_frozen,0.010955615567432174,289.93389192283126,289.8142668703885,validation,120.37580728530884
300m_roundtrip_13_e0007,89.71076433133867,300m_roundtrip_13,41.77608998494082,3.5643177147447913,1.00744826105989,7,planar_frozen,0.010955615567432174,291.1766799789535,291.05693928765044,validation,120.62580728530884
300m_roundtrip_13_e0007,90.07272266155704,300m_roundtrip_13,41.65548507419514,3.5420673181994653,1.00744826105989,7,planar_frozen,0.010955615567432174,292.41949335476625,292.29963751804166,validation,120.87580728530884
300m_roundtrip_13_e0007,90.43489421906352,300m_roundtrip_13,41.53850515630157,3.520123095370431,1.00744826105989,7,planar_frozen,0.010955615567432174,293.662331728802,293.5423612401133,validation,121.12580728530884
300m_roundtrip_13_e0007,90.79764643199476,300m_roundtrip_13,41.46249033530124,3.50106974808192,1.00744826105989,7,planar_frozen,0.010955615567432174,294.8999874691193,294.77990927356797,validation,121.37580728530884
300m_roundtrip_13_e0007,91.16119556423399,300m_roundtrip_13,41.46249033530127,3.4874027707777118,1.00744826105989,7,planar_frozen,0.010955615567432174,296.1270661577642,296.0068938859486,validation,121.62580728530884
300m_roundtrip_13_e0007,91.52476686154435,300m_roundtrip_13,41.4624903353013,3.47378673922582,1.00744826105989,7,planar_frozen,0.010955615567432174,297.35416178778513,297.2338959434098,validation,121.87580728530884
300m_roundtrip_13_e0007,91.88836051740797,300m_roundtrip_13,41.46249033530131,3.4602224235185863,1.00744826105989,7,planar_frozen,0.010955615567432174,298.5812741503072,298.46091523431227,validation,122.12580728530884
300m_roundtrip_13_e0007,92.25197672863565,300m_roundtrip_13,41.462490335301254,3.446710600666509,1.00744826105989,7,planar_frozen,0.010955615567432174,299.8084030398727,299.68795155042136,validation,122.37580728530884
300m_roundtrip_13_e0007,92.6156156953731,300m_roundtrip_13,41.46249033530134,3.433252054678954,1.00744826105989,7,planar_frozen,0.010955615567432174,301.03554825437124,300.9150046868386,validation,122.62580728530884
300m_roundtrip_13_e0007,92.97927762110672,300m_roundtrip_13,41.46249033530137,3.419847576641656,1.00744826105989,7,planar_frozen,0.010955615567432174,302.26270959497174,302.14207444193516,validation,122.87580728530884
300m_roundtrip_13_e0007,93.34296271266881,300m_roundtrip_13,41.462490335301325,3.4064979647911904,1.00744826105989,7,planar_frozen,0.010955615567432174,303.48988686605657,303.3691606172874,validation,123.12580728530884
300m_roundtrip_13_e0007,93.70663651163778,300m_roundtrip_13,41.462490335301396,3.395965850565406,1.00744826105989,7,planar_frozen,0.010955615567432174,304.7138922583433,304.5930804396985,validation,123.37580728530884
300m_roundtrip_13_e0007,94.07018821591066,300m_roundtrip_13,41.46249033530134,3.395972102434889,1.00744826105989,7,planar_frozen,0.010955615567432174,305.92576827157563,305.80489053466437,validation,123.62580728530884
300m_roundtrip_13_e0007,94.43374091389329,300m_roundtrip_13,41.46249033530132,3.395978283177189,1.00744826105989,7,planar_frozen,0.010955615567432174,307.1376473772279,307.0167041705142,validation,123.87580728530884
300m_roundtrip_13_e0007,94.79729459410936,300m_roundtrip_13,41.46249033530129,3.395984393867612,1.00744826105989,7,planar_frozen,0.010955615567432174,308.34952953883845,308.2285213063052,validation,124.12580728530884
300m_roundtrip_13_e0007,95.16084924525867,300m_roundtrip_13,41.46249033530129,3.3959904355611052,1.00744826105989,7,planar_frozen,0.010955615567432174,309.5614147205166,309.4403419017235,validation,124.37580728530884
300m_roundtrip_13_e0007,95.52440485621383,300m_roundtrip_13,41.46249033530135,3.395996409292841,1.00744826105989,7,planar_frozen,0.010955615567432174,310.77330288693133,310.6521659170724,validation,124.62580728530884
300m_roundtrip_13_e0007,95.8879614160169,300m_roundtrip_13,41.46249033530129,3.3960023160786146,1.00744826105989,7,planar_frozen,0.010955615567432174,311.9851940033006,311.8639933132602,validation,124.87580728530884
300m_roundtrip_13_e0007,96.25151891387624,300m_roundtrip_13,41.46249033530129,3.3960081569154097,1.00744826105989,7,planar_frozen,0.010955615567432174,313.19708803538055,313.07582405178886,validation,125.12580728530884
300m_roundtrip_13_e0007,96.61507733916325,300m_roundtrip_13,41.462490335301375,3.3960139327816337,1.00744826105989,7,planar_frozen,0.010955615567432174,314.40898494945515,314.2876580947429,validation,125.37580728530884
300m_roundtrip_13_e0007,96.97863668140944,300m_roundtrip_13,41.46249033530141,3.396019644637555,1.00744826105989,7,planar_frozen,0.010955615567432174,315.6208847123263,315.4994954047784,validation,125.62580728530884
300m_roundtrip_13_e0007,97.34219693030337,300m_roundtrip_13,41.46249033530137,3.3960252934258732,1.00744826105989,7,planar_frozen,0.010955615567432174,316.8327872913037,316.7113359451122,validation,125.87580728530884
300m_roundtrip_13_e0007,97.7057580756877,300m_roundtrip_13,41.46249033530137,3.3960308800719723,1.00744826105989,7,planar_frozen,0.010955615567432174,318.04469265419505,317.92317967951124,validation,126.12580728530884
300m_roundtrip_13_e0007,98.06932010755631,300m_roundtrip_13,41.462490335301325,3.3960364054842946,1.00744826105989,7,planar_frozen,0.010955615567432174,319.25660076929717,319.1350265722828,validation,126.37580728530884
300m_roundtrip_13_e0007,98.43288301605152,300m_roundtrip_13,41.46249033530134,3.396041870554684,1.00744826105989,7,planar_frozen,0.010955615567432174,320.468511605386,320.34687658826374,validation,126.62580728530884
300m_roundtrip_13_e0007,98.79644679146135,300m_roundtrip_13,41.4624903353013,3.3960472761589213,1.00744826105989,7,planar_frozen,0.010955615567432174,321.6804251317081,321.5587296928114,validation,126.87580728530884
300m_roundtrip_13_e0007,99.16001142421682,300m_roundtrip_13,41.462490335301254,3.3960526231568666,1.00744826105989,7,planar_frozen,0.010955615567432174,322.8923413179718,322.7705858517938,validation,127.12580728530884
300m_roundtrip_13_e0007,99.52357690488935,300m_roundtrip_13,41.46249033530134,3.3960579123929233,1.00744826105989,7,planar_frozen,0.010955615567432174,324.1042601343381,323.9824450315798,validation,127.37580728530884
300m_roundtrip_13_e0007,99.88714322418816,300m_roundtrip_13,41.4624903353013,3.3960631446962704,1.00744826105989,7,planar_frozen,0.010955615567432174,325.31618155141297,325.19430719903085,validation,127.62580728530884
300m_roundtrip_13_e0007,100.25071037295777,300m_roundtrip_13,41.46249033530131,3.396068320881359,1.00744826105989,7,planar_frozen,0.010955615567432174,326.52810554023847,326.40617232149106,validation,127.87580728530884
300m_roundtrip_13_e0007,100.61427834217561,300m_roundtrip_13,41.46249033530141,3.396073441748105,1.00744826105989,7,planar_frozen,0.010955615567432174,327.7400320722849,327.618040366779,validation,128.12580728530884
300m_roundtrip_13_e0007,100.97784712294944,300m_roundtrip_13,41.462490335301396,3.3960785080821188,1.00744826105989,7,planar_frozen,0.010955615567432174,328.9519611194432,328.8299113031791,validation,128.37580728530884
300m_roundtrip_13_e0007,101.34141670651525,300m_roundtrip_13,41.46249033530128,3.3960835206552127,1.00744826105989,7,planar_frozen,0.010955615567432174,330.16389265401665,330.04178509943284,validation,128.62580728530884
300m_roundtrip_13_e0007,101.70498708423473,300m_roundtrip_13,41.46249033530129,3.396088480225577,1.00744826105989,7,planar_frozen,0.010955615567432174,331.37582664871377,331.25366172473116,validation,128.87580728530884
300m_roundtrip_13_e0007,102.06855824759323,300m_roundtrip_13,41.46249033530121,3.3960933875380483,1.00744826105989,7,planar_frozen,0.010955615567432174,332.5877630766409,332.4655411487059,validation,129.12580728530884
300m_roundtrip_13_e0007,102.4321301881973,300m_roundtrip_13,41.46249033530133,3.396098243324432,1.00744826105989,7,planar_frozen,0.010955615567432174,333.79970191129485,333.677423341422,validation,129.37580728530884
300m_roundtrip_13_e0007,102.79356290513748,300m_roundtrip_13,41.46249033530128,3.3932102188868263,1.00744826105989,7,planar_frozen,0.010955615567432174,335.00772197537873,334.8853902681437,validation,129.62580728530884
300m_roundtrip_13_e0007,103.1533822751971,300m_roundtrip_13,41.46249033530126,3.388172761436649,1.00744826105989,7,planar_frozen,0.010955615567432174,336.2127506848778,336.0903685261092,validation,129.87580728530884
300m_roundtrip_13_e0007,103.51322910912538,300m_roundtrip_13,41.4624903353013,3.383213071820722,1.00744826105989,7,planar_frozen,0.010955615567432174,337.4177843584936,337.29535200830253,validation,130.12580728530884
300m_roundtrip_13_e0007,103.87310349065432,300m_roundtrip_13,41.46249033530134,3.378331449998968,1.00744826105989,7,planar_frozen,0.010955615567432174,338.62282294322983,338.5003406599487,validation,130.37580728530884
300m_roundtrip_13_e0007,104.23485075440186,300m_roundtrip_13,41.57754245517174,3.3726998117357803,1.00744826105989,7,planar_frozen,0.010955615567432174,339.8239820656347,339.70144746413155,validation,130.62580728530884
300m_roundtrip_13_e0007,104.59809960711463,300m_roundtrip_13,41.782758407898655,3.366511094961112,1.00744826105989,7,planar_frozen,0.010955615567432174,341.02217961181833,340.89959091788614,validation,130.87580728530884
300m_roundtrip_13_e0007,104.96145889045583,300m_roundtrip_13,41.990888045325775,3.3603978178169656,1.00744826105989,7,planar_frozen,0.010955615567432174,342.2203837844755,342.0977412381571,validation,131.12580728530884
300m_roundtrip_13_e0007,105.32492980073114,300m_roundtrip_13,42.20196968175239,3.3543603482558644,1.00744826105989,7,planar_frozen,0.010955615567432174,343.41859451424585,343.2958983544274,validation,131.37580728530884
300m_roundtrip_13_e0007,105.6801910500936,300m_roundtrip_13,42.19174263370391,3.3462423149594276,1.00744826105989,7,planar_frozen,0.010955615567432174,344.6128218126495,344.490082014396,validation,131.62580728530884
300m_roundtrip_13_e0007,106.02959097046127,300m_roundtrip_13,42.02273689886394,3.3366689097049482,1.00744826105989,7,planar_frozen,0.010955615567432174,345.8042455594027,345.6814690946876,validation,131.87580728530884
300m_roundtrip_13_e0007,106.37896423998995,300m_roundtrip_13,41.85200313493783,3.327156798187079,1.00744826105989,7,planar_frozen,0.010955615567432174,346.99567688674506,346.87286383556,validation,132.12580728530884
300m_roundtrip_13_e0007,106.728311396884,300m_roundtrip_13,41.679555418720895,3.317706457971503,1.00744826105989,7,planar_frozen,0.010955615567432174,348.18711571685833,348.0642661600305,validation,132.37580728530884
300m_roundtrip_13_e0007,107.0802200982204,300m_roundtrip_13,41.61392073624152,3.3105490062415313,1.00744826105989,7,planar_frozen,0.010955615567432174,349.37437983049654,349.2514830793214,validation,132.62580728530884
300m_roundtrip_13_e0007,107.4337015175669,300m_roundtrip_13,41.61392073624151,3.304768549526769,1.00744826105989,7,planar_frozen,0.010955615567432174,350.55910968565354,350.4361593430001,validation,132.87580728530884
300m_roundtrip_13_e0007,107.78718914939479,300m_roundtrip_13,41.61392073624147,3.298999691931074,1.00744826105989,7,planar_frozen,0.010955615567432174,351.7438472511039,351.62084348207384,validation,133.12580728530884
300m_roundtrip_13_e0007,108.14068298572835,300m_roundtrip_13,41.613920736241504,3.2932424792854533,1.00744826105989,7,planar_frozen,0.010955615567432174,352.9285924492001,352.80553541910285,validation,133.37580728530884
300m_roundtrip_13_e0007,108.49418301902708,300m_roundtrip_13,41.61392073624154,3.2874969578076216,1.00744826105989,7,planar_frozen,0.010955615567432174,354.1133452033333,353.9902350776595,validation,133.62580728530884
300m_roundtrip_13_e0007,108.84768924218011,300m_roundtrip_13,41.61392073624154,3.281763174100588,1.00744826105989,7,planar_frozen,0.010955615567432174,355.2981054379159,355.17494238231177,validation,133.87580728530884
300m_roundtrip_13_e0007,109.20120164850105,300m_roundtrip_13,41.61392073624151,3.2760411751516045,1.00744826105989,7,planar_frozen,0.010955615567432174,356.48287307836483,356.35965725860717,validation,134.12580728530884
300m_roundtrip_13_e0007,109.55472023172281,300m_roundtrip_13,41.61392073624167,3.270331008331082,1.00744826105989,7,planar_frozen,0.010955615567432174,357.66764805108465,357.54437963305685,validation,134.37580728530884
300m_roundtrip_13_e0007,109.90821328656317,300m_roundtrip_13,41.61392073624158,3.2674935896836907,1.00744826105989,7,planar_frozen,0.010955615567432174,358.8491559274738,358.7258200001431,validation,134.62580728530884
300m_roundtrip_13_e0007,110.26167762919074,300m_roundtrip_13,41.61392073624151,3.267514509054325,1.00744826105989,7,planar_frozen,0.010955615567432174,360.02740200509203,359.90398380885415,validation,134.87580728530884
300m_roundtrip_13_e0007,110.61514380635076,300m_roundtrip_13,41.61392073624164,3.267535230569261,1.00744826105989,7,planar_frozen,0.010955615567432174,361.2056541982305,361.0821540622266,validation,135.12580728530884
300m_roundtrip_13_e0007,110.96861180072335,300m_roundtrip_13,41.6139207362416,3.267555756715538,1.00744826105989,7,planar_frozen,0.010955615567432174,362.3839124472373,362.26033069934243,validation,135.37580728530884
300m_roundtrip_13_e0007,111.32208159520614,300m_roundtrip_13,41.613920736241546,3.267576089941234,1.00744826105989,7,planar_frozen,0.010955615567432174,363.56217669323365,363.43851366004867,validation,135.62580728530884
300m_roundtrip_13_e0007,111.67555317291063,300m_roundtrip_13,41.61392073624153,3.2675962326562153,1.00744826105989,7,planar_frozen,0.010955615567432174,364.7404468781011,364.6167028849459,validation,135.87580728530884
300m_roundtrip_13_e0007,112.029026517159,300m_roundtrip_13,41.613920736241596,3.267616187232862,1.00744826105989,7,planar_frozen,0.010955615567432174,365.91872294446966,365.7948983153756,validation,136.12580728530884
300m_roundtrip_13_e0007,112.38250161148069,300m_roundtrip_13,41.61392073624157,3.2676359560067154,1.00744826105989,7,planar_frozen,0.010955615567432174,367.0970048357055,366.97309989340977,validation,136.37580728530884
300m_roundtrip_13_e0007,112.73597843960938,300m_roundtrip_13,41.61392073624162,3.2676555412771973,1.00744826105989,7,planar_frozen,0.010955615567432174,368.2752924958993,368.15130756183885,validation,136.62580728530884
300m_roundtrip_13_e0007,113.08945698547967,300m_roundtrip_13,41.613920736241504,3.2676749453082583,1.00744826105989,7,planar_frozen,0.010955615567432174,369.4535858698548,369.3295212641608,validation,136.87580728530884
300m_roundtrip_13_e0007,113.44293723322406,300m_roundtrip_13,41.61392073624157,3.267694170329044,1.00744826105989,7,planar_frozen,0.010955615567432174,370.63188490307726,370.5077409445701,validation,137.12580728530884
300m_roundtrip_13_e0007,113.7964191671699,300m_roundtrip_13,41.61392073624154,3.2677132185345905,1.00744826105989,7,planar_frozen,0.010955615567432174,371.8101895417626,371.6859665479475,validation,137.37580728530884
300m_roundtrip_13_e0007,114.14990277183644,300m_roundtrip_13,41.61392073624147,3.2677320920863355,1.00744826105989,7,planar_frozen,0.010955615567432174,372.9884997327863,372.86419801984886,validation,137.62580728530884
300m_roundtrip_13_e0007,114.50338803193188,300m_roundtrip_13,41.613920736241546,3.2677507931128065,1.00744826105989,7,planar_frozen,0.010955615567432174,374.1668154236928,374.04243530649524,validation,137.87580728530884
300m_roundtrip_13_e0007,114.85687493235038,300m_roundtrip_13,41.61392073624152,3.2677693237102274,1.00744826105989,7,planar_frozen,0.010955615567432174,375.34513656268507,375.22067835476264,validation,138.12580728530884
300m_roundtrip_13_e0007,115.21036345816947,300m_roundtrip_13,41.61392073624156,3.267787685943063,1.00744826105989,7,planar_frozen,0.010955615567432174,376.52346309861395,376.3989271121722,validation,138.37580728530884
300m_roundtrip_13_e0007,115.56385359464709,300m_roundtrip_13,41.61392073624148,3.2678058818445885,1.00744826105989,7,planar_frozen,0.010955615567432174,377.7017949809687,377.57718152688045,validation,138.62580728530884
300m_roundtrip_13_e0007,115.917345327219,300m_roundtrip_13,41.61392073624162,3.2678239134175624,1.00744826105989,7,planar_frozen,0.010955615567432174,378.88013215986655,378.7554415476693,validation,138.87580728530884
300m_roundtrip_13_e0007,116.27083864149593,300m_roundtrip_13,41.61392073624167,3.2678417826346213,1.00744826105989,7,planar_frozen,0.010955615567432174,380.058474586043,379.9337071239373,validation,139.12580728530884
300m_roundtrip_13_e0007,116.62433352326116,300m_roundtrip_13,41.613920736241624,3.267859491438906,1.00744826105989,7,planar_frozen,0.010955615567432174,381.23682221084266,381.1119782056898,validation,139.37580728530884
100m_cross_10_e0003,8.81258241270741,100m_cross_10,135.68617568983512,2.6196968903309252,1.2437783568700902,3,full_6dof_frozen,0.5100249240662872,26.87542158266689,6.875300404056572,validation,89.82586932182312
100m_cross_10_e0003,8.699576567595315,100m_cross_10,135.68617568983495,2.6339843997321335,1.2437783568700902,3,full_6dof_frozen,0.5100249240662872,26.058252391611255,6.6950432583552555,validation,90.07586932182312
100m_cross_10_e0003,8.523393648086545,100m_cross_10,134.67166195468832,2.6047198447763384,1.2437783568700902,3,full_6dof_frozen,0.5100249240662872,25.110758932969784,6.4815801819841745,validation,90.32586932182312
100m_cross_10_e0003,8.303458840110416,100m_cross_10,132.36627797420664,2.568683622903575,1.2437783568700902,3,full_6dof_frozen,0.5100249240662872,24.137130141921848,6.258121476055677,validation,90.57586932182312
100m_cross_10_e0003,7.982513169418326,100m_cross_10,126.4275805157997,2.5377759843559384,1.2437783568700902,3,full_6dof_frozen,0.5100249240662872,23.175626391686215,6.03404307982676,validation,90.82586932182312
100m_cross_10_e0003,7.0774140203647,100m_cross_10,99.93085136769317,2.512132705247391,1.2437783568700902,3,full_6dof_frozen,0.5100249240662872,22.227821208264505,5.810435745941813,validation,91.07586932182312
100m_cross_10_e0003,5.949680596154974,100m_cross_10,65.51252174822547,2.4918573601922445,1.2437783568700902,3,full_6dof_frozen,0.5100249240662872,21.295543725078357,5.588603839597357,validation,91.32586932182312
100m_cross_10_e0003,5.592088330368795,100m_cross_10,57.90057786028341,2.4770175832544123,1.2437783568700902,3,full_6dof_frozen,0.5100249240662872,20.380924887930753,5.370105446223614,validation,91.57586932182312
100m_cross_10_e0003,5.429236713052612,100m_cross_10,56.93396369844699,2.4676422689795294,1.2437783568700902,3,full_6dof_frozen,0.5100249240662872,19.486451341607232,5.156797394001136,validation,91.82586932182312
100m_cross_10_e0003,5.299604009053082,100m_cross_10,56.93396369844699,2.4637199303374357,1.2437783568700902,3,full_6dof_frozen,0.5100249240662872,18.615027326081947,4.9508831128362845,validation,92.07586932182312
100m_cross_10_e0003,5.127836568038611,100m_cross_10,56.9339636984471,2.3777473634787554,1.2437783568700902,3,full_6dof_frozen,0.5100249240662872,17.65772446665664,4.7139849489077,validation,92.32586932182312
100m_cross_10_e0003,4.949042655166556,100m_cross_10,56.93396369844722,2.2818760273056102,1.2437783568700902,3,full_6dof_frozen,0.5100249240662872,16.6803144423167,4.468505957005952,validation,92.57586932182312
100m_cross_10_e0003,3.356751634839136,100m_cross_10,7.082265431931296,2.209320751003039,1.2437783568700902,3,full_6dof_frozen,0.5100249240662872,15.721207426829455,4.229201004547608,validation,92.82586932182312
100m_cross_10_e0003,3.102576393317904,100m_cross_10,3.6298207464954384,2.1621283964545266,1.2437783568700902,3,full_6dof_frozen,0.5100249240662872,14.783966062220255,3.998805787127261,validation,93.07586932182312
100m_cross_10_e0003,2.9230585164264498,100m_cross_10,3.629820746495696,2.0713152186418733,1.2437783568700902,3,full_6dof_frozen,0.5100249240662872,13.805451184351776,3.7418291379586157,validation,93.32586932182312
100m_cross_10_e0003,2.7457409463859133,100m_cross_10,3.629820746495696,1.9873740274042861,1.2437783568700902,3,full_6dof_frozen,0.5100249240662872,12.832585285648383,3.4815762225036067,validation,93.57586932182312
100m_cross_10_e0003,2.581316440739888,100m_cross_10,3.6298207464952847,1.9294784986827738,1.2437783568700902,3,full_6dof_frozen,0.5100249240662872,11.885868541257173,3.229304614338332,validation,93.82586932182312
100m_cross_10_e0003,2.3980494076626875,100m_cross_10,2.444548257515574,1.8996845203005845,1.2437783568700902,3,full_6dof_frozen,0.5100249240662872,10.972071819093348,2.988849081954042,validation,94.07586932182312
100m_cross_10_e0003,2.2344200750959136,100m_cross_10,2.4445482575157964,1.8330102301880629,1.2437783568700902,3,full_6dof_frozen,0.5100249240662872,10.075523679808528,2.7301003056167517,validation,94.32586932182312
100m_cross_10_e0003,2.076636128188136,100m_cross_10,2.44454825751573,1.7729121588755856,1.2437783568700902,3,full_6dof_frozen,0.5100249240662872,9.220301239453756,2.4689552434427218,validation,94.57586932182312
100m_cross_10_e0003,1.9383301945587157,100m_cross_10,2.4445482575156503,1.7443881485641677,1.2437783568700902,3,full_6dof_frozen,0.5100249240662872,8.429332255576028,2.220450084420192,validation,94.82586932182312
100m_cross_10_e0003,1.8187172521298525,100m_cross_10,2.2856782798001767,1.748614957359001,1.2437783568700902,3,full_6dof_frozen,0.5100249240662872,7.722385603442002,1.991509728120378,validation,95.07586932182312
100m_cross_10_e0003,1.6941614352261554,100m_cross_10,2.44454825751573,1.697626994130011,1.2437783568700902,3,full_6dof_frozen,0.5100249240662872,7.100750420252731,1.7418324628092892,validation,95.32586932182312
100m_cross_10_e0003,1.5776382742869643,100m_cross_10,2.4445482575156503,1.6467390882972488,1.2437783568700902,3,full_6dof_frozen,0.5100249240662872,6.6065486910103575,1.4911306991224689,validation,95.57586932182312
100m_cross_10_e0003,1.4946903030894023,100m_cross_10,2.4445482575159483,1.6309463089783756,1.2437783568700902,3,full_6dof_frozen,0.5100249240662872,6.280308203857345,1.2658323855759104,validation,95.82586932182312
100m_cross_10_e0003,1.4520112173942603,100m_cross_10,2.4445482575159483,1.6508568689657095,1.2437783568700902,3,full_6dof_frozen,0.5100249240662872,6.148822091828716,1.0849957464689584,validation,96.07586932182312
100m_cross_10_e0003,1.3969863955439594,100m_cross_10,2.4445482575158026,1.5967551652676566,1.2437783568700902,3,full_6dof_frozen,0.5100249240662872,6.1973835448511965,0.8757604168696568,validation,96.32586932182312
100m_cross_10_e0003,1.3651209307066745,100m_cross_10,2.4445482575158026,1.5415102266001566,1.2437783568700902,3,full_6dof_frozen,0.5100249240662872,6.441106833119225,0.6866463463283856,validation,96.57586932182312
100m_cross_10_e0003,1.3840473109114668,100m_cross_10,2.4445482575159483,1.5250811503838086,1.2437783568700902,3,full_6dof_frozen,0.5100249240662872,6.8677619913722765,0.5953324619197127,validation,96.82586932182312
100m_cross_10_e0003,1.4602264565475378,100m_cross_10,2.444548257515955,1.5482622150958036,1.2437783568700902,3,full_6dof_frozen,0.5100249240662872,7.445969070943013,0.6484895424613737,validation,97.07586932182312
100m_cross_10_e0003,1.5273571509861616,100m_cross_10,2.285678279800024,1.5309538864365373,1.2437783568700902,3,full_6dof_frozen,0.5100249240662872,8.131172787534856,0.6930840818929573,validation,97.32586932182312
100m_cross_10_e0003,1.6356037234388334,100m_cross_10,2.44454825751573,1.536245737215222,1.2437783568700902,3,full_6dof_frozen,0.5100249240662872,8.909211079404713,0.8137823358213366,validation,97.57586932182312
100m_cross_10_e0003,1.772460505433278,100m_cross_10,2.4445482575158026,1.5786751685747655,1.2437783568700902,3,full_6dof_frozen,0.5100249240662872,9.760028840269461,1.0019416464286015,validation,97.82586932182312
100m_cross_10_e0003,1.9329041069972648,100m_cross_10,2.4445482575156503,1.6544897689287295,1.2437783568700902,3,full_6dof_frozen,0.5100249240662872,10.663899927757615,1.2258664432478743,validation,98.07586932182312
100m_cross_10_e0003,2.084313297671678,100m_cross_10,2.550489608275403,1.7358706118571368,1.2437783568700902,3,full_6dof_frozen,0.5100249240662872,11.577884613977504,1.3751508366160177,validation,98.32586932182312
100m_cross_10_e0003,2.2446996897023577,100m_cross_10,2.550489608275257,1.8401837177876297,1.2437783568700902,3,full_6dof_frozen,0.5100249240662872,12.519237293813084,1.5325512803008268,validation,98.57586932182312
100m_cross_10_e0003,2.419940338758807,100m_cross_10,2.550489608275184,1.9680481928727493,1.2437783568700902,3,full_6dof_frozen,0.5100249240662872,13.487032360065987,1.7117495339814346,validation,98.82586932182312
100m_cross_10_e0003,2.606751330213174,100m_cross_10,2.550489608275184,2.114895190529105,1.2437783568700902,3,full_6dof_frozen,0.5100249240662872,14.475967343240908,1.9065920035718824,validation,99.07586932182312
100m_cross_10_e0003,2.774225005492959,100m_cross_10,2.86870312082429,2.2455729415116688,1.2437783568700902,3,full_6dof_frozen,0.5100249240662872,15.423708921930041,2.006834265767332,validation,99.32586932182312
100m_cross_10_e0003,2.9486436055173,100m_cross_10,3.386440980018447,2.3846442087406357,1.2437783568700902,3,full_6dof_frozen,0.5100249240662872,16.37814447166494,2.0959614943265246,validation,99.57586932182312
100m_cross_10_e0003,3.464047224178828,100m_cross_10,15.485639508680784,2.5381874056099387,1.2437783568700902,3,full_6dof_frozen,0.5100249240662872,17.35250217079717,2.2014384772864974,validation,99.82586932182312
100m_cross_10_e0003,4.08558422314431,100m_cross_10,31.006911185320284,2.7034979147968294,1.2437783568700902,3,full_6dof_frozen,0.5100249240662872,18.34360767861108,2.3207286776612546,validation,100.07586932182312
100m_cross_10_e0003,4.187549284711227,100m_cross_10,31.006911185320284,2.741580764009683,1.2437783568700902,3,full_6dof_frozen,0.5100249240662872,19.255061131759017,2.311355843567112,validation,100.32586932182312
100m_cross_10_e0003,4.263606984655587,100m_cross_10,31.00691118532005,2.7307816827672373,1.2437783568700902,3,full_6dof_frozen,0.5100249240662872,20.154879042397653,2.259733856707039,validation,100.57586932182312
100m_cross_10_e0003,4.34407126361727,100m_cross_10,31.00691118531988,2.720842412255891,1.2437783568700902,3,full_6dof_frozen,0.5100249240662872,21.07657139370905,2.217774526712026,validation,100.82586932182312
100m_cross_10_e0003,4.413198743711453,100m_cross_10,31.006911185320078,2.705260646820394,1.2437783568700902,3,full_6dof_frozen,0.5100249240662872,21.919913706556237,2.1677103798184776,validation,101.07586932182312
100m_cross_10_e0003,4.469841694359972,100m_cross_10,31.006911185320362,2.6833547131234825,1.2437783568700902,3,full_6dof_frozen,0.5100249240662872,22.684416820135834,2.105183465766087,validation,101.32586932182312
100m_cross_10_e0003,4.530321369738951,100m_cross_10,31.006911185320167,2.662085307836299,1.2437783568700902,3,full_6dof_frozen,0.5100249240662872,23.47455241942896,2.0479630518264202,validation,101.57586932182312
100m_cross_10_e0003,4.594403646331077,100m_cross_10,31.00691118531991,2.6415278757079497,1.2437783568700902,3,full_6dof_frozen,0.5100249240662872,24.287818991655914,1.9960035355541925,validation,101.82586932182312
100m_cross_10_e0003,4.665949324560087,100m_cross_10,31.14850037671802,2.6217604242202137,1.2437783568700902,3,full_6dof_frozen,0.5100249240662872,25.121970199537145,1.9493750478955996,validation,102.07586932182312
100m_cross_10_e0003,6.96889981275638,100m_cross_10,109.27433179343346,2.6028633160864323,1.2437783568700902,3,full_6dof_frozen,0.5100249240662872,25.97499407694812,1.9082776708637665,validation,102.32586932182312
100m_cross_10_e0003,7.042882988004794,100m_cross_10,109.27433179343355,2.584919016810713,1.2437783568700902,3,full_6dof_frozen,0.5100249240662872,26.845091602462727,1.8730519498080527,validation,102.57586932182312
100m_cross_10_e0003,7.120030037561193,100m_cross_10,109.27433179343338,2.568011794436927,1.2437783568700902,3,full_6dof_frozen,0.5100249240662872,27.730655676485668,1.8441838645349113,validation,102.82586932182312
100m_cross_10_e0003,7.183674603541367,100m_cross_10,109.2743317934334,2.5400416350283663,1.2437783568700902,3,full_6dof_frozen,0.5100249240662872,28.536156504011583,1.806273213020424,validation,103.07586932182312
100m_cross_10_e0003,7.22909557531483,100m_cross_10,109.27433179343336,2.4981355274402133,1.2437783568700902,3,full_6dof_frozen,0.5100249240662872,29.238614084449488,1.7519927943157085,validation,103.32586932182312
100m_cross_10_e0003,7.278141533804575,100m_cross_10,109.27433179343348,2.4587317033539913,1.2437783568700902,3,full_6dof_frozen,0.5100249240662872,29.96136390712038,1.701520715572682,validation,103.57586932182312
100m_cross_10_e0003,8.85696091956845,100m_cross_10,162.68411520672987,2.4222416099531388,1.2437783568700902,3,full_6dof_frozen,0.5100249240662872,30.70297296367286,1.655660879408234,validation,103.82586932182312
100m_cross_10_e0003,8.898994906147314,100m_cross_10,162.6841152067301,2.385915846049866,1.2437783568700902,3,full_6dof_frozen,0.5100249240662872,31.346615148489644,1.604552659732908,validation,104.07586932182312
100m_cross_10_e0003,8.92941049900687,100m_cross_10,162.68411520673,2.349020956933409,1.2437783568700902,3,full_6dof_frozen,0.5100249240662872,31.89148187958369,1.545688740344443,validation,104.32586932182312
100m_cross_10_e0003,8.96366391915002,100m_cross_10,162.68411520672996,2.3149177154938667,1.2437783568700902,3,full_6dof_frozen,0.5100249240662872,32.458529734158446,1.4902706495053926,validation,104.57586932182312
100m_cross_10_e0003,9.091796674040374,100m_cross_10,165.8265942459489,2.284018340361352,1.2437783568700902,3,full_6dof_frozen,0.5100249240662872,33.046616912322804,1.4394642163978955,validation,104.82586932182312
100m_cross_10_e0003,9.122773348197846,100m_cross_10,165.82659424594897,2.2550927572924313,1.2437783568700902,3,full_6dof_frozen,0.5100249240662872,33.551533558243435,1.3900985693397998,validation,105.07586932182312
100m_cross_10_e0003,9.142389570846227,100m_cross_10,165.82659424594897,2.2273397261794488,1.2437783568700902,3,full_6dof_frozen,0.5100249240662872,33.94123893530498,1.3395820459059,validation,105.32586932182312
100m_cross_10_e0003,9.166530447880447,100m_cross_10,165.82659424594897,2.203113277584462,1.2437783568700902,3,full_6dof_frozen,0.5100249240662872,34.353659927548684,1.2944533492801236,validation,105.57586932182312
100m_cross_10_e0003,9.328563039256817,100m_cross_10,170.48090647809065,2.1828350911772105,1.2437783568700902,3,full_6dof_frozen,0.5100249240662872,34.78798864511342,1.2563471772762205,validation,105.82586932182312
100m_cross_10_e0003,9.350955085725055,100m_cross_10,170.48090647809056,2.1620480848687125,1.2437783568700902,3,full_6dof_frozen,0.5100249240662872,35.14759262222794,1.2231504315743102,validation,106.07586932182312
100m_cross_10_e0003,9.361395021456449,100m_cross_10,170.48090647809067,2.1381826607941044,1.2437783568700902,3,full_6dof_frozen,0.5100249240662872,35.392941697266274,1.1924512795031268,validation,106.32586932182312
100m_cross_10_e0003,9.37709875894887,100m_cross_10,170.48090647809062,2.1182136604872968,1.2437783568700902,3,full_6dof_frozen,0.5100249240662872,35.66037132751562,1.1705368190185785,validation,106.57586932182312
100m_cross_10_e0003,9.39850315995009,100m_cross_10,170.48090647809047,2.102572176835377,1.2437783568700902,3,full_6dof_frozen,0.5100249240662872,35.9493887406826,1.159119256861077,validation,106.82586932182312
100m_cross_10_e0003,9.412747283695097,100m_cross_10,170.4809064780904,2.0840406083548095,1.2437783568700902,3,full_6dof_frozen,0.5100249240662872,36.16212343149988,1.1548584776450888,validation,107.07586932182312
100m_cross_10_e0003,9.415141027498198,100m_cross_10,170.4809064780904,2.0595400337296135,1.2437783568700902,3,full_6dof_frozen,0.5100249240662872,36.267310887352984,1.1550677597760401,validation,107.32586932182312
100m_cross_10_e0003,8.97492919977798,100m_cross_10,136.57513343445407,2.600492669108657,1.2437783568700902,3,planar_frozen,0.5100249240662872,29.911046446772673,6.07423497920998,validation,89.82586932182312
100m_cross_10_e0003,8.870841193221898,100m_cross_10,136.57513343445396,2.612858252797213,1.2437783568700902,3,planar_frozen,0.5100249240662872,29.127577371151876,5.924920178092389,validation,90.07586932182312
100m_cross_10_e0003,8.706399289241817,100m_cross_10,135.57318203038218,2.584648990124184,1.2437783568700902,3,planar_frozen,0.5100249240662872,28.23439315921391,5.739454116816749,validation,90.32586932182312
100m_cross_10_e0003,8.499237686326786,100m_cross_10,133.28846896333314,2.5500821811463017,1.2437783568700902,3,planar_frozen,0.5100249240662872,27.32290627900045,5.543388471651804,validation,90.57586932182312
100m_cross_10_e0003,8.191512542907203,100m_cross_10,127.37914855388237,2.520237955816369,1.2437783568700902,3,planar_frozen,0.5100249240662872,26.426487240146386,5.346901279452348,validation,90.82586932182312
100m_cross_10_e0003,7.300273527108903,100m_cross_10,100.9271931876122,2.49523945880923,1.2437783568700902,3,planar_frozen,0.5100249240662872,25.546722256226865,5.1511036207091925,validation,91.07586932182312
100m_cross_10_e0003,6.187470170863401,100m_cross_10,66.58414722880492,2.475182102624844,1.2437783568700902,3,planar_frozen,0.5100249240662872,24.685391997709385,4.957330318401154,validation,91.32586932182312
100m_cross_10_e0003,5.846943314399552,100m_cross_10,59.11550232723555,2.4601303924010076,1.2437783568700902,3,planar_frozen,0.5100249240662872,23.844494290820094,4.767180344885718,validation,91.57586932182312
100m_cross_10_e0003,5.68822646709714,100m_cross_10,57.83338250585346,2.450115491095002,1.2437783568700902,3,planar_frozen,0.5100249240662872,23.0262677772567,4.582560841815187,validation,91.82586932182312
100m_cross_10_e0003,5.57189479562729,100m_cross_10,57.83338250585346,2.4451336995507758,1.2437783568700902,3,planar_frozen,0.5100249240662872,22.23321563282082,4.40573154259092,validation,92.07586932182312
100m_cross_10_e0003,5.417350734272937,100m_cross_10,57.83338250585346,2.3637061566216113,1.2437783568700902,3,planar_frozen,0.5100249240662872,21.380816362892133,4.1949234423321,validation,92.32586932182312
100m_cross_10_e0003,5.257283119476681,100m_cross_10,57.83338250585346,2.2728909905324617,1.2437783568700902,3,planar_frozen,0.5100249240662872,20.52324055517309,3.97473188235893,validation,92.57586932182312
100m_cross_10_e0003,3.6872360585911594,100m_cross_10,8.098071798542287,2.2034784711532613,1.2437783568700902,3,planar_frozen,0.5100249240662872,19.69145281425246,3.7611223674490417,validation,92.82586932182312
100m_cross_10_e0003,3.446121670865726,100m_cross_10,4.436423402910569,2.157271139651809,1.2437783568700902,3,planar_frozen,0.5100249240662872,18.888860248702272,3.5569515587134437,validation,93.07586932182312
100m_cross_10_e0003,3.289596591394903,100m_cross_10,4.436423402910473,2.0720392884280137,1.2437783568700902,3,planar_frozen,0.5100249240662872,18.07485148003065,3.3233836310681486,validation,93.32586932182312
100m_cross_10_e0003,3.1368463162873157,100m_cross_10,4.436423402910512,1.9934093568317002,1.2437783568700902,3,planar_frozen,0.5100249240662872,17.283926510145115,3.0861446264668273,validation,93.57586932182312
100m_cross_10_e0003,2.997564752975834,100m_cross_10,4.436423402910512,1.9385681993390795,1.2437783568700902,3,planar_frozen,0.5100249240662872,16.531238258149813,2.857482865061438,validation,93.82586932182312
100m_cross_10_e0003,2.8251193782813826,100m_cross_10,2.7357809598203717,1.909281913541666,1.2437783568700902,3,planar_frozen,0.5100249240662872,15.82224460195275,2.641512216458184,validation,94.07586932182312
100m_cross_10_e0003,2.6939528686023047,100m_cross_10,2.8558193587207477,1.8477614537282843,1.2437783568700902,3,planar_frozen,0.5100249240662872,15.154708795579118,2.404833328238525,validation,94.32586932182312
100m_cross_10_e0003,2.566359593070101,100m_cross_10,2.8558193587207628,1.792762812315731,1.2437783568700902,3,planar_frozen,0.5100249240662872,14.540916806483253,2.165427347479694,validation,94.57586932182312
100m_cross_10_e0003,2.4575068629784926,100m_cross_10,2.8558193587208045,1.7663670594801852,1.2437783568700902,3,planar_frozen,0.5100249240662872,13.991184162609791,1.9400229403509546,validation,94.82586932182312
100m_cross_10_e0003,2.35217506175682,100m_cross_10,2.2300558057600783,1.7695344585566393,1.2437783568700902,3,planar_frozen,0.5100249240662872,13.513331076229536,1.7364062722520641,validation,95.07586932182312
100m_cross_10_e0003,2.2512275424262733,100m_cross_10,2.230055805759819,1.7234912793706925,1.2437783568700902,3,planar_frozen,0.5100249240662872,13.111405556385387,1.5093700674980213,validation,95.32586932182312
100m_cross_10_e0003,2.1590025423643078,100m_cross_10,2.2300558057600783,1.6778846947941122,1.2437783568700902,3,planar_frozen,0.5100249240662872,12.795967119788166,1.2819752597810687,validation,95.57586932182312
100m_cross_10_e0003,2.0928404773672007,100m_cross_10,2.230055805759819,1.6638252023881765,1.2437783568700902,3,planar_frozen,0.5100249240662872,12.575156056692181,1.0850029536867862,validation,95.82586932182312
100m_cross_10_e0003,2.0579298579298837,100m_cross_10,2.230055805759819,1.6817597600642713,1.2437783568700902,3,planar_frozen,0.5100249240662872,12.454006649363889,0.94113363070419,validation,96.07586932182312
100m_cross_10_e0003,2.0053023529294256,100m_cross_10,2.230055805759819,1.6335298525071085,1.2437783568700902,3,planar_frozen,0.5100249240662872,12.431734619878288,0.7695152997066377,validation,96.32586932182312
100m_cross_10_e0003,1.9691777309608334,100m_cross_10,2.230055805760006,1.5845088990865792,1.2437783568700902,3,planar_frozen,0.5100249240662872,12.512278963014076,0.6303216073299723,validation,96.57586932182312
100m_cross_10_e0003,1.9771821388528448,100m_cross_10,2.230055805760006,1.5701056239683269,1.2437783568700902,3,planar_frozen,0.5100249240662872,12.695047346832096,0.6029649134114403,validation,96.82586932182312
100m_cross_10_e0003,2.032360939168962,100m_cross_10,2.230055805760006,1.590882649995656,1.2437783568700902,3,planar_frozen,0.5100249240662872,12.975720886684963,0.703893768353375,validation,97.07586932182312
100m_cross_10_e0003,2.0705301391957174,100m_cross_10,1.873581163137871,1.5778643427738563,1.2437783568700902,3,planar_frozen,0.5100249240662872,13.350851816578274,0.7797964311895174,validation,97.32586932182312
100m_cross_10_e0003,2.1555525134058193,100m_cross_10,2.2300558057596738,1.5852981267952202,1.2437783568700902,3,planar_frozen,0.5100249240662872,13.81155782469423,0.9112407092004707,validation,97.57586932182312
100m_cross_10_e0003,2.2595322126875446,100m_cross_10,2.2300558057596738,1.6255911537923615,1.2437783568700902,3,planar_frozen,0.5100249240662872,14.349183412667676,1.0951713666271374,validation,97.82586932182312
100m_cross_10_e0003,2.3849753801709124,100m_cross_10,2.213903436921231,1.6955172492046418,1.2437783568700902,3,planar_frozen,0.5100249240662872,14.95313178649968,1.3061770060368076,validation,98.07586932182312
100m_cross_10_e0003,2.522322012667491,100m_cross_10,2.8558193587206597,1.774333391943644,1.2437783568700902,3,planar_frozen,0.5100249240662872,15.601623906810833,1.445601595923014,validation,98.32586932182312
100m_cross_10_e0003,2.654694978946522,100m_cross_10,2.8558193587205145,1.8743993140941642,1.2437783568700902,3,planar_frozen,0.5100249240662872,16.29844922449775,1.5922772315571985,validation,98.57586932182312
100m_cross_10_e0003,2.8026867752146454,100m_cross_10,2.8558193587204572,1.995635920384435,1.2437783568700902,3,planar_frozen,0.5100249240662872,17.03974984839669,1.759524890464568,validation,98.82586932182312
100m_cross_10_e0003,2.963390985717516,100m_cross_10,2.8558193587207734,2.13417690786998,1.2437783568700902,3,planar_frozen,0.5100249240662872,17.819976202194603,1.9420311202706766,validation,99.07586932182312
100m_cross_10_e0003,3.1253437361899925,100m_cross_10,3.695146867364949,2.2604753950459515,1.2437783568700902,3,planar_frozen,0.5100249240662872,18.59285080090711,2.0349561648438748,validation,99.32586932182312
100m_cross_10_e0003,3.2788320299657387,100m_cross_10,4.135840292023082,2.3948319051699487,1.2437783568700902,3,planar_frozen,0.5100249240662872,19.388753856285557,2.117562385637465,validation,99.57586932182312
100m_cross_10_e0003,3.771856550546519,100m_cross_10,16.088347081634403,2.542237848393472,1.2437783568700902,3,planar_frozen,0.5100249240662872,20.21549769659286,2.2161355264040346,validation,99.82586932182312
100m_cross_10_e0003,4.38054386443057,100m_cross_10,31.77329054949749,2.7003461287430426,1.2437783568700902,3,planar_frozen,0.5100249240662872,21.069452151604743,2.328374858041004,validation,100.07586932182312
100m_cross_10_e0003,4.470518288273711,100m_cross_10,31.773290549497577,2.7365065241568747,1.2437783568700902,3,planar_frozen,0.5100249240662872,21.870391363623966,2.3175100455573667,validation,100.32586932182312
100m_cross_10_e0003,4.536960158821322,100m_cross_10,31.77329054949749,2.7259577045240846,1.2437783568700902,3,planar_frozen,0.5100249240662872,22.671344451877232,2.266824220223448,validation,100.57586932182312
100m_cross_10_e0003,4.608401387226252,100m_cross_10,31.77329054949749,2.7162854116323194,1.2437783568700902,3,planar_frozen,0.5100249240662872,23.49907748376056,2.226284334459376,validation,100.82586932182312
100m_cross_10_e0003,4.669619259019819,100m_cross_10,31.773290549497357,2.700804439311863,1.2437783568700902,3,planar_frozen,0.5100249240662872,24.262395531143255,2.176516290269976,validation,101.07586932182312
100m_cross_10_e0003,4.719218515667004,100m_cross_10,31.773290549497652,2.6788258989007145,1.2437783568700902,3,planar_frozen,0.5100249240662872,24.95879779223629,2.1129423436445904,validation,101.32586932182312
100m_cross_10_e0003,4.772925439005668,100m_cross_10,31.77329054949749,2.6575093779556425,1.2437783568700902,3,planar_frozen,0.5100249240662872,25.682504410861192,2.055151185933936,validation,101.57586932182312
100m_cross_10_e0003,4.830552619763121,100m_cross_10,31.77329054949749,2.63693206676068,1.2437783568700902,3,planar_frozen,0.5100249240662872,26.431272645299117,2.0031984911605125,validation,101.82586932182312
100m_cross_10_e0003,4.891954102006306,100m_cross_10,31.773290549497357,2.6171737053478075,1.2437783568700902,3,planar_frozen,0.5100249240662872,27.203033098212362,1.9572562782746143,validation,102.07586932182312
100m_cross_10_e0003,7.167239966249299,100m_cross_10,109.13074712277253,2.5983163610877957,1.2437783568700902,3,planar_frozen,0.5100249240662872,27.995884359862686,1.9176236510108464,validation,102.32586932182312
100m_cross_10_e0003,7.2359244176515904,100m_cross_10,109.13074712277262,2.5804441593293928,1.2437783568700902,3,planar_frozen,0.5100249240662872,28.808085109830508,1.8847325359690488,validation,102.57586932182312
100m_cross_10_e0003,7.308202748737357,100m_cross_10,109.1307471227726,2.563642964273841,1.2437783568700902,3,planar_frozen,0.5100249240662872,29.638044631111196,1.8591464225167922,validation,102.82586932182312
100m_cross_10_e0003,7.3675244445297405,100m_cross_10,109.1307471227725,2.5354791592766976,1.2437783568700902,3,planar_frozen,0.5100249240662872,30.395711162485874,1.823861310786625,validation,103.07586932182312
100m_cross_10_e0003,7.4090807256497175,100m_cross_10,109.13074712277245,2.4930353130673804,1.2437783568700902,3,planar_frozen,0.5100249240662872,31.058440093273596,1.7710179946748559,validation,103.32586932182312
100m_cross_10_e0003,7.4545694871983095,100m_cross_10,109.13074712277253,2.453217072185878,1.2437783568700902,3,planar_frozen,0.5100249240662872,31.742031961096377,1.7230296033089167,validation,103.57586932182312
100m_cross_10_e0003,9.00880995183423,100m_cross_10,161.7926496232086,2.4164487857783143,1.2437783568700902,3,planar_frozen,0.5100249240662872,32.445168100175806,1.680815405661017,validation,103.82586932182312
100m_cross_10_e0003,9.04812311079099,100m_cross_10,161.7926496232086,2.379779536867809,1.2437783568700902,3,planar_frozen,0.5100249240662872,33.05681922296185,1.6326710539026341,validation,104.07586932182312
100m_cross_10_e0003,9.076207834138447,100m_cross_10,161.7926496232086,2.3424462791451037,1.2437783568700902,3,planar_frozen,0.5100249240662872,33.57557276718863,1.5759399947310389,validation,104.32586932182312
100m_cross_10_e0003,9.108402080339484,100m_cross_10,161.7926496232085,2.3080345636530915,1.2437783568700902,3,planar_frozen,0.5100249240662872,34.11624359405818,1.5239286714548168,validation,104.57586932182312
100m_cross_10_e0003,9.2321702891859,100m_cross_10,164.8434493898858,2.276969443424407,1.2437783568700902,3,planar_frozen,0.5100249240662872,34.67780656432284,1.4779348928389542,validation,104.82586932182312
100m_cross_10_e0003,9.261766504121454,100m_cross_10,164.8434493898859,2.247860432736217,1.2437783568700902,3,planar_frozen,0.5100249240662872,35.160658910568024,1.4330048122077734,validation,105.07586932182312
100m_cross_10_e0003,9.280298501446506,100m_cross_10,164.8434493898859,2.219839770549916,1.2437783568700902,3,planar_frozen,0.5100249240662872,35.53379123588518,1.3857997398182873,validation,105.32586932182312
100m_cross_10_e0003,9.303620044854364,100m_cross_10,164.8434493898859,2.1954960550072817,1.2437783568700902,3,planar_frozen,0.5100249240662872,35.92899466679118,1.345378600642305,validation,105.57586932182312
100m_cross_10_e0003,9.475286504484817,100m_cross_10,169.8535840839749,2.1752629060688142,1.2437783568700902,3,planar_frozen,0.5100249240662872,36.345549239732534,1.3134219994943384,validation,105.82586932182312
100m_cross_10_e0003,9.497348039616398,100m_cross_10,169.85358408397502,2.154450630229758,1.2437783568700902,3,planar_frozen,0.5100249240662872,36.69073880396659,1.2858220194336112,validation,106.07586932182312
100m_cross_10_e0003,9.507557692350446,100m_cross_10,169.8535840839749,2.1303743314247,1.2437783568700902,3,planar_frozen,0.5100249240662872,36.92641269154007,1.2591605039922344,validation,106.32586932182312
100m_cross_10_e0003,9.523230057295736,100m_cross_10,169.8535840839749,2.110357332851017,1.2437783568700902,3,planar_frozen,0.5100249240662872,37.18338743220114,1.2423966226776195,validation,106.57586932182312
100m_cross_10_e0003,9.544784007981212,100m_cross_10,169.8535840839748,2.0948423996395125,1.2437783568700902,3,planar_frozen,0.5100249240662872,37.46122467275498,1.237105977847272,validation,106.82586932182312
100m_cross_10_e0003,9.559185554338983,100m_cross_10,169.85358408397497,2.0763052410349276,1.2437783568700902,3,planar_frozen,0.5100249240662872,37.665795930207146,1.2377233452509855,validation,107.07586932182312
100m_cross_10_e0003,9.561661883134194,100m_cross_10,169.85358408397482,2.0515531166851657,1.2437783568700902,3,planar_frozen,0.5100249240662872,37.76691813629185,1.2407974267676587,validation,107.32586932182312
200m_cross_10_e0001,6.674227640708298,200m_cross_10,50.153555824256344,1.7691875343935897,0.6064413028995128,1,full_6dof_frozen,0.3791373877351568,32.07914708861028,7.218125079400891,validation,75.0893325805664
200m_cross_10_e0001,6.750180220164347,200m_cross_10,50.15355582425651,1.796755045402128,0.6064413028995128,1,full_6dof_frozen,0.3791373877351568,32.63065784239287,7.276186748108918,validation,75.3393325805664
200m_cross_10_e0001,6.846211462315608,200m_cross_10,50.15355582425648,1.8562351869474107,0.6064413028995128,1,full_6dof_frozen,0.3791373877351568,33.23117261287534,7.3569520043818555,validation,75.5893325805664
200m_cross_10_e0001,8.907909155323091,200m_cross_10,118.1792462481371,1.94978492282538,0.6064413028995128,1,full_6dof_frozen,0.3791373877351568,33.885588120210144,7.4643607144485,validation,75.8393325805664
200m_cross_10_e0001,9.046080266108591,200m_cross_10,118.17924624813655,2.072757125637673,0.6064413028995128,1,full_6dof_frozen,0.3791373877351568,34.59084529618708,7.597634009033788,validation,76.0893325805664
200m_cross_10_e0001,9.121744289684097,200m_cross_10,118.17924624813682,2.0978962181368317,0.6064413028995128,1,full_6dof_frozen,0.3791373877351568,35.152828439606026,7.653064067703202,validation,76.3393325805664
200m_cross_10_e0001,9.210127533926762,200m_cross_10,118.17924624813708,2.142545250492974,0.6064413028995128,1,full_6dof_frozen,0.3791373877351568,35.74578644490148,7.724086232341858,validation,76.5893325805664
200m_cross_10_e0001,9.396208465952167,200m_cross_10,120.86035799816403,2.2191631366586178,0.6064413028995128,1,full_6dof_frozen,0.3791373877351568,36.38928139186345,7.822030977755595,validation,76.8393325805664
200m_cross_10_e0001,9.525302755169067,200m_cross_10,120.86035799816378,2.3245564896031,0.6064413028995128,1,full_6dof_frozen,0.3791373877351568,37.08068233271233,7.946146365174885,validation,77.0893325805664
200m_cross_10_e0001,9.58777391722571,200m_cross_10,120.86035799816325,2.3303702854141393,0.6064413028995128,1,full_6dof_frozen,0.3791373877351568,37.60276625207799,7.987770556090291,validation,77.3393325805664
200m_cross_10_e0001,9.663693306610197,200m_cross_10,120.86035799816351,2.3557838707494576,0.6064413028995128,1,full_6dof_frozen,0.3791373877351568,38.15740179504521,8.047693755970213,validation,77.5893325805664
200m_cross_10_e0001,11.360062994792187,200m_cross_10,176.87478004682268,2.410535265649991,0.6064413028995128,1,full_6dof_frozen,0.3791373877351568,38.76071009985999,8.134575426972951,validation,77.8393325805664
200m_cross_10_e0001,11.475039930073924,200m_cross_10,176.87478004682268,2.4926628309851107,0.6064413028995128,1,full_6dof_frozen,0.3791373877351568,39.41045593366085,8.247707910922674,validation,78.0893325805664
200m_cross_10_e0001,11.52554680784986,200m_cross_10,176.8747800468221,2.486817355603118,0.6064413028995128,1,full_6dof_frozen,0.3791373877351568,39.87319874054566,8.278613355330018,validation,78.3393325805664
200m_cross_10_e0001,11.587471781504194,200m_cross_10,176.87478004682222,2.497642738573138,0.6064413028995128,1,full_6dof_frozen,0.3791373877351568,40.36201111993212,8.32578972895841,validation,78.5893325805664
200m_cross_10_e0001,11.670569092724625,200m_cross_10,176.93591861325714,2.5363074853547185,0.6064413028995128,1,full_6dof_frozen,0.3791373877351568,40.89872079429795,8.399746122322412,validation,78.8393325805664
200m_cross_10_e0001,11.770607637995237,200m_cross_10,176.93591861325714,2.6015454348267997,0.6064413028995128,1,full_6dof_frozen,0.3791373877351568,41.48146864198877,8.499835009043254,validation,79.0893325805664
200m_cross_10_e0001,11.80767881836854,200m_cross_10,176.93591861325714,2.5838581350476715,0.6064413028995128,1,full_6dof_frozen,0.3791373877351568,41.86869642100418,8.521055854367276,validation,79.3393325805664
200m_cross_10_e0001,11.853299211028245,200m_cross_10,176.93591861325714,2.579691917764661,0.6064413028995128,1,full_6dof_frozen,0.3791373877351568,42.27169869851,8.554600374384583,validation,79.5893325805664
200m_cross_10_e0001,11.93472962611844,200m_cross_10,177.5027163378478,2.6042181588821243,0.6064413028995128,1,full_6dof_frozen,0.3791373877351568,42.722431370512346,8.614537941792332,validation,79.8393325805664
200m_cross_10_e0001,12.019043250945312,200m_cross_10,177.50271633784752,2.6566187056992767,0.6064413028995128,1,full_6dof_frozen,0.3791373877351568,43.21940113011498,8.700286941430152,validation,80.0893325805664
200m_cross_10_e0001,12.033779465062674,200m_cross_10,177.50271633784737,2.6207364910325057,0.6064413028995128,1,full_6dof_frozen,0.3791373877351568,43.49103150311147,8.697956516630018,validation,80.3393325805664
200m_cross_10_e0001,12.063533837121089,200m_cross_10,177.50271633784752,2.6061759920867247,0.6064413028995128,1,full_6dof_frozen,0.3791373877351568,43.79949210408907,8.716765574676245,validation,80.5893325805664
200m_cross_10_e0001,12.126570291399945,200m_cross_10,178.00693626220638,2.6184064047731157,0.6064413028995128,1,full_6dof_frozen,0.3791373877351568,44.15574096083074,8.761407978790153,validation,80.8393325805664
200m_cross_10_e0001,12.193729247733856,200m_cross_10,178.00693626220655,2.657037547502096,0.6064413028995128,1,full_6dof_frozen,0.3791373877351568,44.55863187841509,8.831372063785878,validation,81.0893325805664
200m_cross_10_e0001,12.196124040587197,200m_cross_10,178.006936262206,2.6157396297598967,0.6064413028995128,1,full_6dof_frozen,0.3791373877351568,44.746692697561635,8.818145481383054,validation,81.3393325805664
200m_cross_10_e0001,12.210105984893621,200m_cross_10,178.00693626220655,2.5920145221456505,0.6064413028995128,1,full_6dof_frozen,0.3791373877351568,44.96034234383865,8.820772225800344,validation,81.5893325805664
200m_cross_10_e0001,12.243075860200408,200m_cross_10,178.00693626220655,2.5958496209859674,0.6064413028995128,1,full_6dof_frozen,0.3791373877351568,45.22183020619357,8.848485839756282,validation,81.8393325805664
200m_cross_10_e0001,12.294817663275053,200m_cross_10,178.006936262206,2.6271053276045295,0.6064413028995128,1,full_6dof_frozen,0.3791373877351568,45.53033206487636,8.900851081423914,validation,82.0893325805664
200m_cross_10_e0001,12.283210703879403,200m_cross_10,178.00693626220638,2.5819019297470813,0.6064413028995128,1,full_6dof_frozen,0.3791373877351568,45.6273936505406,8.869624488042577,validation,82.3393325805664
200m_cross_10_e0001,12.283913753465775,200m_cross_10,178.00693626220655,2.555545223465887,0.6064413028995128,1,full_6dof_frozen,0.3791373877351568,45.75271249566429,8.854408157214559,validation,82.5893325805664
200m_cross_10_e0001,12.303436438852366,200m_cross_10,178.00693626220655,2.5567995181615015,0.6064413028995128,1,full_6dof_frozen,0.3791373877351568,45.92586875240458,8.863352964618004,validation,82.8393325805664
200m_cross_10_e0001,12.341634929249935,200m_cross_10,178.00693626220655,2.5856069101051022,0.6064413028995128,1,full_6dof_frozen,0.3791373877351568,46.14632391857365,8.896105513615314,validation,83.0893325805664
200m_cross_10_e0001,12.318721976697349,200m_cross_10,178.006936262206,2.541933352261776,0.6064413028995128,1,full_6dof_frozen,0.3791373877351568,46.16270919376641,8.846137376328292,validation,83.3393325805664
200m_cross_10_e0001,12.306730490375768,200m_cross_10,178.006936262206,2.5159000199292114,0.6064413028995128,1,full_6dof_frozen,0.3791373877351568,46.203291623090735,8.809277617279168,validation,83.5893325805664
200m_cross_10_e0001,12.313412023392853,200m_cross_10,178.00693626220655,2.5177089134407273,0.6064413028995128,1,full_6dof_frozen,0.3791373877351568,46.29171705020584,8.795457746287768,validation,83.8393325805664
200m_cross_10_e0001,12.33866350142001,200m_cross_10,178.00693626220655,2.547283906019146,0.6064413028995128,1,full_6dof_frozen,0.3791373877351568,46.42771211304841,8.8044259507049,validation,84.0893325805664
200m_cross_10_e0001,12.301703460855206,200m_cross_10,178.00693626220584,2.5002174288743824,0.6064413028995128,1,full_6dof_frozen,0.3791373877351568,46.36054777146331,8.73165204724814,validation,84.3393325805664
200m_cross_10_e0001,12.245960924829859,200m_cross_10,177.50271633784752,2.4667525280603044,0.6064413028995128,1,full_6dof_frozen,0.3791373877351568,46.19193459578435,8.66505220741649,validation,84.5893325805664
200m_cross_10_e0001,12.223312904938915,200m_cross_10,177.50271633784797,2.4624920381091373,0.6064413028995128,1,full_6dof_frozen,0.3791373877351568,46.069112518392956,8.62032396324267,validation,84.8393325805664
200m_cross_10_e0001,12.219398878400362,200m_cross_10,177.5027163378478,2.4875198716017266,0.6064413028995128,1,full_6dof_frozen,0.3791373877351568,45.99244839387797,8.597372836986453,validation,85.0893325805664
200m_cross_10_e0001,12.146934670549943,200m_cross_10,177.50271633784726,2.4202846844807757,0.6064413028995128,1,full_6dof_frozen,0.3791373877351568,45.71081522159078,8.48792702907961,validation,85.3393325805664
200m_cross_10_e0001,12.053950328843332,200m_cross_10,176.93591861325714,2.366967251066263,0.6064413028995128,1,full_6dof_frozen,0.3791373877351568,45.32832076911538,8.384086039321325,validation,85.5893325805664
200m_cross_10_e0001,11.995615030498012,200m_cross_10,176.93591861325714,2.3440581525977704,0.6064413028995128,1,full_6dof_frozen,0.3791373877351568,44.98835376322939,8.30057488131854,validation,85.8393325805664
200m_cross_10_e0001,11.956123527210291,200m_cross_10,176.93591861325714,2.3523791045107068,0.6064413028995128,1,full_6dof_frozen,0.3791373877351568,44.69188472145019,8.237483632581302,validation,86.0893325805664
200m_cross_10_e0001,11.839177228579196,200m_cross_10,176.9359186132575,2.246003732797973,0.6064413028995128,1,full_6dof_frozen,0.3791373877351568,44.19342237394742,8.079275599365044,validation,86.3393325805664
200m_cross_10_e0001,11.717121686482079,200m_cross_10,176.87478004682268,2.1555497087702977,0.6064413028995128,1,full_6dof_frozen,0.3791373877351568,43.59245849441482,7.928970616277819,validation,86.5893325805664
200m_cross_10_e0001,11.61432220306845,200m_cross_10,176.87478004682282,2.095481800891828,0.6064413028995128,1,full_6dof_frozen,0.3791373877351568,43.02914093561376,7.796745158407636,validation,86.8393325805664
200m_cross_10_e0001,11.21635603389643,200m_cross_10,165.89382674516375,2.0683766665775316,0.6064413028995128,1,full_6dof_frozen,0.3791373877351568,42.504966501939705,7.682884367764454,validation,87.0893325805664
200m_cross_10_e0001,11.047286445928961,200m_cross_10,165.89382674516418,1.8992993126664335,0.6064413028995128,1,full_6dof_frozen,0.3791373877351568,41.79697728319052,7.473326627153455,validation,87.3393325805664
200m_cross_10_e0001,10.868478072055412,200m_cross_10,165.89382674516412,1.73399833341218,0.6064413028995128,1,full_6dof_frozen,0.3791373877351568,40.977201930076376,7.26467406643322,validation,87.5893325805664
200m_cross_10_e0001,9.810493184201727,200m_cross_10,134.56649258299583,1.5985779123191601,0.6064413028995128,1,full_6dof_frozen,0.3791373877351568,40.1880445180112,7.070362486757414,validation,87.8393325805664
200m_cross_10_e0001,9.537744537105787,200m_cross_10,130.06354493818264,1.5010544292714019,0.6064413028995128,1,full_6dof_frozen,0.3791373877351568,39.43134340219377,6.890787182572677,validation,88.0893325805664
200m_cross_10_e0001,9.375810478989393,200m_cross_10,130.0635449381825,1.4640753632822712,0.6064413028995128,1,full_6dof_frozen,0.3791373877351568,38.504286123189615,6.606277308141347,validation,88.3393325805664
200m_cross_10_e0001,9.203828434556176,200m_cross_10,130.06354493818267,1.427354799540943,0.6064413028995128,1,full_6dof_frozen,0.3791373877351568,37.47496692268782,6.322227625795014,validation,88.5893325805664
200m_cross_10_e0001,9.035644004012084,200m_cross_10,130.06354493818267,1.3915146586315952,0.6064413028995128,1,full_6dof_frozen,0.3791373877351568,36.46661101014923,6.045216997526103,validation,88.8393325805664
200m_cross_10_e0001,6.911145624915617,200m_cross_10,61.45398728389564,1.356551816246891,0.6064413028995128,1,full_6dof_frozen,0.3791373877351568,35.48100573523001,5.77516452266174,validation,89.0893325805664
200m_cross_10_e0001,6.750062075464346,200m_cross_10,61.45398728389511,1.3224075537004045,0.6064413028995128,1,full_6dof_frozen,0.3791373877351568,34.51061773978027,5.511847877374477,validation,89.3393325805664
200m_cross_10_e0001,6.5804530657565685,200m_cross_10,61.45398728389562,1.2885248810086256,0.6064413028995128,1,full_6dof_frozen,0.3791373877351568,33.44382265427761,5.253671492739807,validation,89.5893325805664
200m_cross_10_e0001,6.414418142840192,200m_cross_10,61.45398728389562,1.2557488117207911,0.6064413028995128,1,full_6dof_frozen,0.3791373877351568,32.39566768221084,5.002201146337699,validation,89.8393325805664
200m_cross_10_e0001,6.18828563613231,200m_cross_10,59.21956038186386,1.2240812926004796,0.6064413028995128,1,full_6dof_frozen,0.3791373877351568,31.36802144410197,4.757344773533978,validation,90.0893325805664
200m_cross_10_e0001,6.028802378367724,200m_cross_10,59.219560381863865,1.1935594976647572,0.6064413028995128,1,full_6dof_frozen,0.3791373877351568,30.351901851780326,4.518857939098073,validation,90.3393325805664
200m_cross_10_e0001,5.8627026513832945,200m_cross_10,59.21956038186383,1.1645283231434231,0.6064413028995128,1,full_6dof_frozen,0.3791373877351568,29.254434137467037,4.285478452201467,validation,90.5893325805664
200m_cross_10_e0001,5.6999072529621655,200m_cross_10,59.21956038186428,1.1367767893063228,0.6064413028995128,1,full_6dof_frozen,0.3791373877351568,28.17313185412043,4.0584051581642235,validation,90.8393325805664
200m_cross_10_e0001,3.9357271311118165,200m_cross_10,3.0494025021816022,1.1103041755077254,0.6064413028995128,1,full_6dof_frozen,0.3791373877351568,27.109929386091775,3.837535074450566,validation,91.0893325805664
200m_cross_10_e0001,3.77932979647151,200m_cross_10,3.049402502180765,1.0851192164655905,0.6064413028995128,1,full_6dof_frozen,0.3791373877351568,26.059641356685624,3.6226673476891196,validation,91.3393325805664
200m_cross_10_e0001,3.618180537078351,200m_cross_10,3.049402502181483,1.0613910427106192,0.6064413028995128,1,full_6dof_frozen,0.3791373877351568,24.94696568857802,3.4128058410353095,validation,91.5893325805664
200m_cross_10_e0001,3.4601148512912165,200m_cross_10,3.0494025021816022,1.0391301965540964,0.6064413028995128,1,full_6dof_frozen,0.3791373877351568,23.848537790923416,3.208792771187796,validation,91.8393325805664
200m_cross_10_e0001,3.3035579550058443,200m_cross_10,2.9879546603119844,1.018325290180949,0.6064413028995128,1,full_6dof_frozen,0.3791373877351568,22.766420024525576,3.0105202800393314,validation,92.0893325805664
200m_cross_10_e0001,3.1519166105196748,200m_cross_10,2.9879546603124725,0.998987438819299,0.6064413028995128,1,full_6dof_frozen,0.3791373877351568,21.699840657026524,2.817832993627356,validation,92.3393325805664
200m_cross_10_e0001,2.998070139879456,200m_cross_10,2.987954660311008,0.9815567799861821,0.6064413028995128,1,full_6dof_frozen,0.3791373877351568,20.595292770090953,2.62992568194945,validation,92.5893325805664
200m_cross_10_e0001,2.8472489607300524,200m_cross_10,2.9879546603119844,0.9657308806440464,0.6064413028995128,1,full_6dof_frozen,0.3791373877351568,19.504885272367524,2.447400033967567,validation,92.8393325805664
200m_cross_10_e0001,2.6833766390641354,200m_cross_10,2.417608692290255,0.9514659111370914,0.6064413028995128,1,full_6dof_frozen,0.3791373877351568,18.43112802157582,2.2701699956437675,validation,93.0893325805664
200m_cross_10_e0001,2.538866478263781,200m_cross_10,2.4176086922899533,0.938724626795794,0.6064413028995128,1,full_6dof_frozen,0.3791373877351568,17.372662318205315,2.0980875172294553,validation,93.3393325805664
200m_cross_10_e0001,2.39480683938437,200m_cross_10,2.4176086922899533,0.9276160633512268,0.6064413028995128,1,full_6dof_frozen,0.3791373877351568,16.30390073319267,1.9306843877463347,validation,93.5893325805664
200m_cross_10_e0001,2.254082736223357,200m_cross_10,2.4176086922899533,0.9181105817134804,0.6064413028995128,1,full_6dof_frozen,0.3791373877351568,15.252948071021692,1.7683826724230003,validation,93.8393325805664
200m_cross_10_e0001,2.106481845174311,200m_cross_10,2.04692857845405,0.9101331853687777,0.6064413028995128,1,full_6dof_frozen,0.3791373877351568,14.223752431789686,1.6112259993448366,validation,94.0893325805664
200m_cross_10_e0001,1.9734821348821552,200m_cross_10,2.046928578454228,0.9035565784161431,0.6064413028995128,1,full_6dof_frozen,0.3791373877351568,13.21956858250223,1.4592803841154844,validation,94.3393325805664
200m_cross_10_e0001,1.842924367574161,200m_cross_10,2.046928578454762,0.8980366313910638,0.6064413028995128,1,full_6dof_frozen,0.3791373877351568,12.226301897932062,1.3123248015689883,validation,94.5893325805664
200m_cross_10_e0001,1.717123775374732,200m_cross_10,2.0469285784549403,0.8940816402943083,0.6064413028995128,1,full_6dof_frozen,0.3791373877351568,11.263719746264293,1.1712045682336265,validation,94.8393325805664
200m_cross_10_e0001,1.5970444790479557,200m_cross_10,2.0469285784549403,0.8915792173261031,0.6064413028995128,1,full_6dof_frozen,0.3791373877351568,10.340394904282002,1.0366412125379,validation,95.0893325805664
200m_cross_10_e0001,1.4836697337518818,200m_cross_10,2.046928578454406,0.890257811759423,0.6064413028995128,1,full_6dof_frozen,0.3791373877351568,9.464959283446579,0.9096876390864518,validation,95.3393325805664
200m_cross_10_e0001,1.375378689241231,200m_cross_10,2.0469285784549403,0.8890239811756557,0.6064413028995128,1,full_6dof_frozen,0.3791373877351568,8.623131638559451,0.791202623282964,validation,95.5893325805664
200m_cross_10_e0001,1.2770117808083903,200m_cross_10,2.0469285784549403,0.889291626871665,0.6064413028995128,1,full_6dof_frozen,0.3791373877351568,7.8505287269517,0.6852234607626206,validation,95.8393325805664
200m_cross_10_e0001,1.1917411133488176,200m_cross_10,2.04692857845405,0.8909252709092877,0.6064413028995128,1,full_6dof_frozen,0.3791373877351568,7.169564864593124,0.5966293145814684,validation,96.0893325805664
200m_cross_10_e0001,1.123307050344334,200m_cross_10,2.0469285784549403,0.8936036029910494,0.6064413028995128,1,full_6dof_frozen,0.3791373877351568,6.60521374234284,0.5321706738811287,validation,96.3393325805664
200m_cross_10_e0001,6.6916807304952135,200m_cross_10,50.05405430399695,1.7634323294558019,0.6064413028995128,1,planar_frozen,0.3791373877351568,32.01424534673832,7.361647910395295,validation,75.0893325805664
200m_cross_10_e0001,6.767772551256516,200m_cross_10,50.05405430399701,1.7911162105779088,0.6064413028995128,1,planar_frozen,0.3791373877351568,32.56481150075725,7.420684135322152,validation,75.3393325805664
200m_cross_10_e0001,6.863839577340288,200m_cross_10,50.05405430399694,1.850600449199866,0.6064413028995128,1,planar_frozen,0.3791373877351568,33.16453208003619,7.5020185783982924,validation,75.5893325805664
200m_cross_10_e0001,8.927491183879573,200m_cross_10,118.15100368474386,1.9440231017599765,0.6064413028995128,1,planar_frozen,0.3791373877351568,33.81828906260721,7.609558073054705,validation,75.8393325805664
200m_cross_10_e0001,9.065470465511314,200m_cross_10,118.15100368474386,2.0667478672252257,0.6064413028995128,1,planar_frozen,0.3791373877351568,34.52301274777126,7.7425513628559655,validation,76.0893325805664
200m_cross_10_e0001,9.14121128047425,200m_cross_10,118.15100368474388,2.091969954569184,0.6064413028995128,1,planar_frozen,0.3791373877351568,35.08464045637344,7.798404771129622,validation,76.3393325805664
200m_cross_10_e0001,9.229594564643643,200m_cross_10,118.15100368474386,2.1366255159129053,0.6064413028995128,1,planar_frozen,0.3791373877351568,35.67736250823014,7.869534230475372,validation,76.5893325805664
200m_cross_10_e0001,9.4153714368734,200m_cross_10,120.82555479642569,2.213124509724227,0.6064413028995128,1,planar_frozen,0.3791373877351568,36.32072473844544,7.9671604232573845,validation,76.8393325805664
200m_cross_10_e0001,9.544240296278149,200m_cross_10,120.82555479642566,2.3182824814063916,0.6064413028995128,1,planar_frozen,0.3791373877351568,37.01208648400908,8.09056056136236,validation,77.0893325805664
200m_cross_10_e0001,9.60675674497322,200m_cross_10,120.82555479642569,2.3241906493358573,0.6064413028995128,1,planar_frozen,0.3791373877351568,37.53424109319158,8.132218553697353,validation,77.3393325805664
200m_cross_10_e0001,9.682638392599415,200m_cross_10,120.82555479642566,2.349619697936463,0.6064413028995128,1,planar_frozen,0.3791373877351568,38.08903844437044,8.191846368571223,validation,77.5893325805664
200m_cross_10_e0001,11.380286755820961,200m_cross_10,176.88995958749194,2.4042714179220237,0.6064413028995128,1,planar_frozen,0.3791373877351568,38.69258971105956,8.278025666920433,validation,77.8393325805664
200m_cross_10_e0001,11.495009733128404,200m_cross_10,176.88995958749194,2.4861903968893824,0.6064413028995128,1,planar_frozen,0.3791373877351568,39.34265117193834,8.390078191405985,validation,78.0893325805664
200m_cross_10_e0001,11.545516319108781,200m_cross_10,176.88995958749217,2.48044442143488,0.6064413028995128,1,planar_frozen,0.3791373877351568,39.80576948568397,8.420628590192521,validation,78.3393325805664
200m_cross_10_e0001,11.607367555321197,200m_cross_10,176.88995958749217,2.4913015598812844,0.6064413028995128,1,planar_frozen,0.3791373877351568,40.295030630893244,8.467158967905952,validation,78.5893325805664
200m_cross_10_e0001,11.690309621801468,200m_cross_10,176.9519730534448,2.5298883202543783,0.6064413028995128,1,planar_frozen,0.3791373877351568,40.832256365082046,8.540086099359767,validation,78.8393325805664
200m_cross_10_e0001,11.790067875044512,200m_cross_10,176.9519730534448,2.5949429133360726,0.6064413028995128,1,planar_frozen,0.3791373877351568,41.4155802000272,8.63879112629959,validation,79.0893325805664
200m_cross_10_e0001,11.82708913922623,200m_cross_10,176.95197305344445,2.5773632623148526,0.6064413028995128,1,planar_frozen,0.3791373877351568,41.803418307214116,8.659277811983458,validation,79.3393325805664
200m_cross_10_e0001,11.872599452180339,200m_cross_10,176.95197305344445,2.5732473731697336,0.6064413028995128,1,planar_frozen,0.3791373877351568,42.20709233962567,8.69185217579009,validation,79.5893325805664
200m_cross_10_e0001,11.954249810632069,200m_cross_10,177.53392432175102,2.5977105851570452,0.6064413028995128,1,planar_frozen,0.3791373877351568,42.65855559967509,8.750464422572822,validation,79.8393325805664
200m_cross_10_e0001,12.038253463359887,200m_cross_10,177.53392432175087,2.6499380508516275,0.6064413028995128,1,planar_frozen,0.3791373877351568,43.156308327086734,8.834560546348465,validation,80.0893325805664
200m_cross_10_e0001,12.052924936695018,200m_cross_10,177.53392432175133,2.614201724700975,0.6064413028995128,1,planar_frozen,0.3791373877351568,43.42875357953439,8.83125583038465,validation,80.3393325805664
200m_cross_10_e0001,12.082532232406374,200m_cross_10,177.53392432175087,2.599702072861826,0.6064413028995128,1,planar_frozen,0.3791373877351568,43.73808696680439,8.84879170170507,validation,80.5893325805664
200m_cross_10_e0001,12.144712672105623,200m_cross_10,178.01665408232887,2.611887335798832,0.6064413028995128,1,planar_frozen,0.3791373877351568,44.09526198370825,8.891836225819429,validation,80.8393325805664
200m_cross_10_e0001,12.21154006935662,200m_cross_10,178.01665408232927,2.650369340471235,0.6064413028995128,1,planar_frozen,0.3791373877351568,44.499126633679985,8.959904212634484,validation,81.0893325805664
200m_cross_10_e0001,12.213822687283272,200m_cross_10,178.01665408232944,2.6092213132364726,0.6064413028995128,1,planar_frozen,0.3791373877351568,44.688209948462465,8.94535569026776,validation,81.3393325805664
200m_cross_10_e0001,12.227627670918377,200m_cross_10,178.01665408232944,2.58557545871619,0.6064413028995128,1,planar_frozen,0.3791373877351568,44.9029365378024,8.946427071307115,validation,81.5893325805664
200m_cross_10_e0001,12.260330870042369,200m_cross_10,178.01665408232927,2.5893807007671783,0.6064413028995128,1,planar_frozen,0.3791373877351568,45.165550791011455,8.972293870237593,validation,81.8393325805664
200m_cross_10_e0001,12.311721186169182,200m_cross_10,178.01665408232927,2.620498656995933,0.6064413028995128,1,planar_frozen,0.3791373877351568,45.47522307818223,9.022546046905006,validation,82.0893325805664
200m_cross_10_e0001,12.2999722926985,200m_cross_10,178.01665408232927,2.5754598142615546,0.6064413028995128,1,planar_frozen,0.3791373877351568,45.57353307972311,8.989711316671785,validation,82.3393325805664
200m_cross_10_e0001,12.300471116218915,200m_cross_10,178.01665408232927,2.549193664422838,0.6064413028995128,1,planar_frozen,0.3791373877351568,45.700154024597914,8.972671878234332,validation,82.5893325805664
200m_cross_10_e0001,12.31970648335191,200m_cross_10,178.01665408232927,2.5504292493619345,0.6064413028995128,1,planar_frozen,0.3791373877351568,45.874658679471196,8.979537078230823,validation,82.8393325805664
200m_cross_10_e0001,12.357539077802434,200m_cross_10,178.01665408232927,2.5791094182964835,0.6064413028995128,1,planar_frozen,0.3791373877351568,46.09650323643481,9.00997749044406,validation,83.0893325805664
200m_cross_10_e0001,12.334456776057445,200m_cross_10,178.01665408232927,2.535606182020543,0.6064413028995128,1,planar_frozen,0.3791373877351568,46.114384643936525,8.958130671761495,validation,83.3393325805664
200m_cross_10_e0001,12.322243666187298,200m_cross_10,178.01665408232927,2.509675166858044,0.6064413028995128,1,planar_frozen,0.3791373877351568,46.156518230242526,8.919216687861919,validation,83.5893325805664
200m_cross_10_e0001,12.328626951090829,200m_cross_10,178.01665408232927,2.5114759929997796,0.6064413028995128,1,planar_frozen,0.3791373877351568,46.246538823314395,8.903121438940756,validation,83.8393325805664
200m_cross_10_e0001,12.35350763443007,200m_cross_10,178.01665408232944,2.5409329747375655,0.6064413028995128,1,planar_frozen,0.3791373877351568,46.38416761225508,8.909615491603608,validation,84.0893325805664
200m_cross_10_e0001,12.316362863141602,200m_cross_10,178.01665408232927,2.4940456732624305,0.6064413028995128,1,planar_frozen,0.3791373877351568,46.31874409833766,8.834748894578563,validation,84.3393325805664
200m_cross_10_e0001,12.261014608570463,200m_cross_10,177.53392432175073,2.4607262721897607,0.6064413028995128,1,planar_frozen,0.3791373877351568,46.15155743700822,8.766094681877068,validation,84.5893325805664
200m_cross_10_e0001,12.238069839240307,200m_cross_10,177.53392432175087,2.4564852549471135,0.6064413028995128,1,planar_frozen,0.3791373877351568,46.030211029015426,8.719112401293756,validation,84.8393325805664
200m_cross_10_e0001,12.23378537204967,200m_cross_10,177.53392432175087,2.481406743147491,0.6064413028995128,1,planar_frozen,0.3791373877351568,45.95506800549817,8.69372576343189,validation,85.0893325805664
200m_cross_10_e0001,12.16113832350606,200m_cross_10,177.53392432175102,2.4143801778236096,0.6064413028995128,1,planar_frozen,0.3791373877351568,45.67510497360113,8.582182978868817,validation,85.3393325805664
200m_cross_10_e0001,12.067501745510665,200m_cross_10,176.95197305344445,2.3612232817871273,0.6064413028995128,1,planar_frozen,0.3791373877351568,45.29398937629437,8.476288609745053,validation,85.5893325805664
200m_cross_10_e0001,12.008872027778425,200m_cross_10,176.95197305344445,2.338341620015153,0.6064413028995128,1,planar_frozen,0.3791373877351568,44.95545581953885,8.390542902414913,validation,85.8393325805664
200m_cross_10_e0001,11.969012967841527,200m_cross_10,176.95197305344445,2.3465553677466646,0.6064413028995128,1,planar_frozen,0.3791373877351568,44.66047264995535,8.325049607969646,validation,86.0893325805664
200m_cross_10_e0001,11.851898622491262,200m_cross_10,176.95197305344453,2.2404326305363655,0.6064413028995128,1,planar_frozen,0.3791373877351568,44.16371924129062,8.164725814234501,validation,86.3393325805664
200m_cross_10_e0001,11.729617119965729,200m_cross_10,176.8899595874924,2.150193046664394,0.6064413028995128,1,planar_frozen,0.3791373877351568,43.56416613287986,8.012353228830095,validation,86.5893325805664
200m_cross_10_e0001,11.626543913789774,200m_cross_10,176.88995958749194,2.090201456782359,0.6064413028995128,1,planar_frozen,0.3791373877351568,43.00232226388758,7.877895115583258,validation,86.8393325805664
200m_cross_10_e0001,11.229316602354185,200m_cross_10,165.94701833540262,2.0630273676417668,0.6064413028995128,1,planar_frozen,0.3791373877351568,42.479683908025926,7.7616452066308375,validation,87.0893325805664
200m_cross_10_e0001,11.060096244965605,200m_cross_10,165.94701833540225,1.8942760375615129,0.6064413028995128,1,planar_frozen,0.3791373877351568,41.773499679588966,7.549887750706886,validation,87.3393325805664
200m_cross_10_e0001,10.881126426057804,200m_cross_10,165.947018335403,1.7293064520081585,0.6064413028995128,1,planar_frozen,0.3791373877351568,40.9552699813442,7.33910281454576,validation,87.5893325805664
200m_cross_10_e0001,9.823398290555094,200m_cross_10,134.63702172671532,1.594052524942802,0.6064413028995128,1,planar_frozen,0.3791373877351568,40.16773679416917,7.142508600779261,validation,87.8393325805664
200m_cross_10_e0001,9.550050566976614,200m_cross_10,130.12446282935548,1.496502354517175,0.6064413028995128,1,planar_frozen,0.3791373877351568,39.41274026559424,6.960503135601783,validation,88.0893325805664
200m_cross_10_e0001,9.38789853818717,200m_cross_10,130.12446282935542,1.459681894613106,0.6064413028995128,1,planar_frozen,0.3791373877351568,38.48775246464677,6.673604325301743,validation,88.3393325805664
200m_cross_10_e0001,9.215717362392684,200m_cross_10,130.12446282935542,1.4232125809599079,0.6064413028995128,1,planar_frozen,0.3791373877351568,37.460269687160384,6.387222024494513,validation,88.5893325805664
200m_cross_10_e0001,9.047316050350272,200m_cross_10,130.12446282935545,1.3876198098121129,0.6064413028995128,1,planar_frozen,0.3791373877351568,36.453861208362376,6.107740988927773,validation,88.8393325805664
200m_cross_10_e0001,6.921395776177008,200m_cross_10,61.4733371149931,1.352901670624493,0.6064413028995128,1,planar_frozen,0.3791373877351568,35.47032091300001,5.835077004535673,validation,89.0893325805664
200m_cross_10_e0001,6.760062634671036,200m_cross_10,61.47333711499257,1.3190045347272357,0.6064413028995128,1,planar_frozen,0.3791373877351568,34.50209013216889,5.5690219139168775,validation,89.3393325805664
200m_cross_10_e0001,6.590204907530876,200m_cross_10,61.47333711499281,1.2854122181862322,0.6064413028995128,1,planar_frozen,0.3791373877351568,33.43718171306646,5.308174682002266,validation,89.5893325805664
200m_cross_10_e0001,6.423902868412011,200m_cross_10,61.47333711499282,1.2529217557950247,0.6064413028995128,1,planar_frozen,0.3791373877351568,32.39104030797528,5.053885959605537,validation,89.8393325805664
200m_cross_10_e0001,6.197896467721937,200m_cross_10,59.25329335429894,1.2215362819407938,0.6064413028995128,1,planar_frozen,0.3791373877351568,31.365543793294343,4.8060604452565805,validation,90.0893325805664
200m_cross_10_e0001,6.038112516141442,200m_cross_10,59.253293354298066,1.1912960241906965,0.6064413028995128,1,planar_frozen,0.3791373877351568,30.351674928593045,4.564475549288375,validation,90.3393325805664
200m_cross_10_e0001,5.871703597115655,200m_cross_10,59.253293354298904,1.1625565374712834,0.6064413028995128,1,planar_frozen,0.3791373877351568,29.25620054592859,4.3280672900239,validation,90.5893325805664
200m_cross_10_e0001,5.708580343033187,200m_cross_10,59.25329335429894,1.1350884381567587,0.6064413028995128,1,planar_frozen,0.3791373877351568,28.177044573183487,4.097809171508317,validation,90.8393325805664
200m_cross_10_e0001,3.9427861057271674,200m_cross_10,3.0387306173470536,1.1088919497741663,0.6064413028995128,1,planar_frozen,0.3791373877351568,27.116155377518297,3.873595216346355,validation,91.0893325805664
200m_cross_10_e0001,3.7860284609054737,200m_cross_10,3.0387306173466935,1.0839792363324088,0.6064413028995128,1,planar_frozen,0.3791373877351568,26.06832045336985,3.655245643381759,validation,91.3393325805664
200m_cross_10_e0001,3.624515856453808,200m_cross_10,3.0387306173463338,1.0605384259807575,0.6064413028995128,1,planar_frozen,0.3791373877351568,24.95783381390707,3.441993958107625,validation,91.5893325805664
200m_cross_10_e0001,3.4660696668884396,200m_cross_10,3.0387306173466935,1.0385514453620956,0.6064413028995128,1,planar_frozen,0.3791373877351568,23.861791097393112,3.23442933623548,validation,91.8393325805664
200m_cross_10_e0001,3.3090887968596783,200m_cross_10,2.9762922475801883,1.018007605482218,0.6064413028995128,1,planar_frozen,0.3791373877351568,22.782277066585305,3.0324415017382056,validation,92.0893325805664
200m_cross_10_e0001,3.157039855106835,200m_cross_10,2.9762922475803104,0.9989200090783183,0.6064413028995128,1,planar_frozen,0.3791373877351568,21.718512535241494,2.835891719319044,validation,92.3393325805664
200m_cross_10_e0001,3.0027870913493806,200m_cross_10,2.976292247579453,0.9817410490719906,0.6064413028995128,1,planar_frozen,0.3791373877351568,20.616488735446886,2.644271400439746,validation,92.5893325805664
200m_cross_10_e0001,2.8515474221330575,200m_cross_10,2.9762922475799427,0.9661444534364623,0.6064413028995128,1,planar_frozen,0.3791373877351568,19.52887334874221,2.4578750737696105,validation,92.8393325805664
200m_cross_10_e0001,2.6867475138772337,200m_cross_10,2.388415386284529,0.952087303983113,0.6064413028995128,1,planar_frozen,0.3791373877351568,18.458213516498773,2.276616439790947,validation,93.0893325805664
200m_cross_10_e0001,2.541810364807397,200m_cross_10,2.388415386284529,0.9395379755366137,0.6064413028995128,1,planar_frozen,0.3791373877351568,17.40309552903425,2.100405235584857,validation,93.3393325805664
200m_cross_10_e0001,2.3973431804520904,200m_cross_10,2.388415386284529,0.9286248997212909,0.6064413028995128,1,planar_frozen,0.3791373877351568,16.33741770819122,1.9290966839220447,validation,93.5893325805664
200m_cross_10_e0001,2.256216401890589,200m_cross_10,2.388415386284529,0.9192868100132366,0.6064413028995128,1,planar_frozen,0.3791373877351568,15.289936670739449,1.762766792687181,validation,93.8393325805664
200m_cross_10_e0001,2.109246748177151,200m_cross_10,2.0534273066823814,0.9114501829972113,0.6064413028995128,1,planar_frozen,0.3791373877351568,14.264661652580491,1.6014725181693399,validation,94.0893325805664
200m_cross_10_e0001,1.9758885946149156,200m_cross_10,2.053427306682914,0.9049948449889516,0.6064413028995128,1,planar_frozen,0.3791373877351568,13.264822891200003,1.4453600277287646,validation,94.3393325805664
200m_cross_10_e0001,1.845050874298289,200m_cross_10,2.0534273066834463,0.89961603747986,0.6064413028995128,1,planar_frozen,0.3791373877351568,12.275568992264716,1.2947630547950186,validation,94.5893325805664
200m_cross_10_e0001,1.7190327769957896,200m_cross_10,2.053427306682914,0.8957687630206386,0.6064413028995128,1,planar_frozen,0.3791373877351568,11.31755811400624,1.1500901315105378,validation,94.8393325805664
200m_cross_10_e0001,1.5988324213231166,200m_cross_10,2.0534273066830915,0.8933431284828247,0.6064413028995128,1,planar_frozen,0.3791373877351568,10.399428305203887,1.0121959817780133,validation,95.0893325805664
200m_cross_10_e0001,1.4854949000649234,200m_cross_10,2.0534273066830915,0.8920800733377958,0.6064413028995128,1,planar_frozen,0.3791373877351568,9.529719571322026,0.8824678343363591,validation,95.3393325805664
200m_cross_10_e0001,1.3775701328705563,200m_cross_10,2.0534273066823814,0.8909543553233469,0.6064413028995128,1,planar_frozen,0.3791373877351568,8.693101495051934,0.7630292331904203,validation,95.5893325805664
200m_cross_10_e0001,1.2799573359620495,200m_cross_10,2.053427306682736,0.8912949204307273,0.6064413028995128,1,planar_frozen,0.3791373877351568,7.926154749729255,0.6578710127968739,validation,95.8393325805664
200m_cross_10_e0001,1.1960336868503982,200m_cross_10,2.0534273066834463,0.8929695221968545,0.6064413028995128,1,planar_frozen,0.3791373877351568,7.251020731468265,0.5730287734254661,validation,96.0893325805664
200m_cross_10_e0001,1.1297677235749413,200m_cross_10,2.053427306682914,0.895670549669669,0.6064413028995128,1,planar_frozen,0.3791373877351568,6.691977222039222,0.5167189993080874,validation,96.3393325805664
300m_cross_10_e0003,12.575742699450327,300m_cross_10,178.12671839122285,3.799120604020204,1.3779926098024553,3,full_6dof_frozen,0.21640930273864425,46.708235732626164,7.746053901682565,validation,107.75867342948914
300m_cross_10_e0003,12.528619654238659,300m_cross_10,178.12671839122265,3.7658397677129067,1.3779926098024553,3,full_6dof_frozen,0.21640930273864425,46.55198624924361,7.644031477827698,validation,108.00867342948914
300m_cross_10_e0003,12.489392186625857,300m_cross_10,178.12671839122225,3.73254746644337,1.3779926098024553,3,full_6dof_frozen,0.21640930273864425,46.457158170862094,7.550795347737064,validation,108.25867342948914
300m_cross_10_e0003,12.457973808984859,300m_cross_10,178.12671839122265,3.6992491757235064,1.3779926098024553,3,full_6dof_frozen,0.21640930273864425,46.42412788564556,7.465715753340047,validation,108.50867342948914
300m_cross_10_e0003,12.434248550849718,300m_cross_10,178.12671839122322,3.6659504878308824,1.3779926098024553,3,full_6dof_frozen,0.21640930273864425,46.45302721718565,7.388137610048593,validation,108.75867342948914
300m_cross_10_e0003,12.418071886647722,300m_cross_10,178.12671839122285,3.632657113175695,1.3779926098024553,3,full_6dof_frozen,0.21640930273864425,46.543740808039374,7.317386451370446,validation,109.00867342948914
300m_cross_10_e0003,12.40927217067143,300m_cross_10,178.12671839122225,3.5993748817033544,1.3779926098024553,3,full_6dof_frozen,0.21640930273864425,46.695908410040076,7.25277445627596,validation,109.25867342948914
300m_cross_10_e0003,12.407652534075302,300m_cross_10,178.12671839122225,3.56610974433392,1.3779926098024553,3,full_6dof_frozen,0.21640930273864425,46.90893197610979,7.19360638587619,validation,109.50867342948914
300m_cross_10_e0003,12.412993180721507,300m_cross_10,178.12671839122265,3.5328677744396755,1.3779926098024553,3,full_6dof_frozen,0.21640930273864425,47.18198723143486,7.1391852746016955,validation,109.75867342948914
300m_cross_10_e0003,12.425054004646986,300m_cross_10,178.12671839122322,3.4996551693614606,1.3779926098024553,3,full_6dof_frozen,0.21640930273864425,47.5140392109828,7.088817746252066,validation,110.00867342948914
300m_cross_10_e0003,12.443577442663308,300m_cross_10,178.12671839122322,3.4664782519644906,1.3779926098024553,3,full_6dof_frozen,0.21640930273864425,47.90386109955943,7.0418188543736395,validation,110.25867342948914
300m_cross_10_e0003,12.468291471547998,300m_cross_10,178.12671839122322,3.433343472233772,1.3779926098024553,3,full_6dof_frozen,0.21640930273864425,48.35005560923892,6.997516376841874,validation,110.50867342948914
300m_cross_10_e0003,12.498912660362555,300m_cross_10,178.12671839122285,3.4002574089089057,1.3779926098024553,3,full_6dof_frozen,0.21640930273864425,48.85107808078192,6.955254524017993,validation,110.75867342948914
300m_cross_10_e0003,12.53514919411558,300m_cross_10,178.12671839122322,3.367226771157638,1.3779926098024553,3,full_6dof_frozen,0.21640930273864425,49.40526049886136,6.914397046662115,validation,111.00867342948914
300m_cross_10_e0003,12.576703794406791,300m_cross_10,178.12671839122322,3.334258400286876,1.3779926098024553,3,full_6dof_frozen,0.21640930273864425,50.010835659220795,6.874329752723065,validation,111.25867342948914
300m_cross_10_e0003,12.623276474759598,300m_cross_10,178.12671839122322,3.301359271489542,1.3779926098024553,3,full_6dof_frozen,0.21640930273864425,50.66596080974261,6.834462460555085,validation,111.50867342948914
300m_cross_10_e0003,12.67456708192152,300m_cross_10,178.12671839122342,3.268536495624484,1.3779926098024553,3,full_6dof_frozen,0.21640930273864425,51.36874019559657,6.7942304298794465,validation,111.75867342948914
300m_cross_10_e0003,12.730277588396556,300m_cross_10,178.12671839122322,3.2357973210263355,1.3779926098024553,3,full_6dof_frozen,0.21640930273864425,52.11724605980795,6.753095321145877,validation,112.00867342948914
300m_cross_10_e0003,12.790114114933232,300m_cross_10,178.12671839122322,3.2031491353410155,1.3779926098024553,3,full_6dof_frozen,0.21640930273864425,52.90953777441244,6.710545739335887,validation,112.25867342948914
300m_cross_10_e0003,12.853788673912216,300m_cross_10,178.12671839122285,3.1705994673817774,1.3779926098024553,3,full_6dof_frozen,0.21640930273864425,53.743678895409914,6.666097420330847,validation,112.50867342948914
300m_cross_10_e0003,12.92102063507877,300m_cross_10,178.12671839122322,3.1381559889995225,1.3779926098024553,3,full_6dof_frozen,0.21640930273864425,54.617752040810174,6.619293117433863,validation,112.75867342948914
300m_cross_10_e0003,12.991537923596521,300m_cross_10,178.12671839122342,3.105826516959828,1.3779926098024553,3,full_6dof_frozen,0.21640930273864425,55.52987158131614,6.569702243169095,validation,113.00867342948914
300m_cross_10_e0003,13.065077966908826,300m_cross_10,178.12671839122382,3.0736190148177003,1.3779926098024553,3,full_6dof_frozen,0.21640930273864425,56.47819420582638,6.516920317712319,validation,113.25867342948914
300m_cross_10_e0003,13.141388411478221,300m_cross_10,178.12671839122322,3.0415415947799085,1.3779926098024553,3,full_6dof_frozen,0.21640930273864425,57.46092747887178,6.460568270766336,validation,113.50867342948914
300m_cross_10_e0003,13.220227633340455,300m_cross_10,178.12671839122322,3.0096025195427036,1.3779926098024553,3,full_6dof_frozen,0.21640930273864425,58.476336545485026,6.400291638832891,validation,113.75867342948914
300m_cross_10_e0003,13.301365067820695,300m_cross_10,178.12671839122342,2.9778102040910137,1.3779926098024553,3,full_6dof_frozen,0.21640930273864425,59.52274916279517,6.335759694998473,validation,114.00867342948914
300m_cross_10_e0003,13.384581384009968,300m_cross_10,178.12671839122342,2.946173217443418,1.3779926098024553,3,full_6dof_frozen,0.21640930273864425,60.59855924921633,6.266664543813583,validation,114.25867342948914
300m_cross_10_e0003,13.434537961939279,300m_cross_10,178.12671839122322,2.907103012773767,1.3779926098024553,3,full_6dof_frozen,0.21640930273864425,61.3003895864958,6.230649272603184,validation,114.50867342948914
300m_cross_10_e0003,13.468990956236016,300m_cross_10,178.12671839122322,2.867436114740438,1.3779926098024553,3,full_6dof_frozen,0.21640930273864425,61.81559636688205,6.211422350615956,validation,114.75867342948914
300m_cross_10_e0003,13.508290771044877,300m_cross_10,178.12671839122225,2.8323399030809826,1.3779926098024553,3,full_6dof_frozen,0.21640930273864425,62.37379846130145,6.187314063549795,validation,115.00867342948914
300m_cross_10_e0003,13.552297571418801,300m_cross_10,178.12671839122342,2.8018934430857163,1.3779926098024553,3,full_6dof_frozen,0.21640930273864425,62.973852544921165,6.158065123601511,validation,115.25867342948914
300m_cross_10_e0003,13.569853333650423,300m_cross_10,178.12671839122382,2.7766821476454315,1.3779926098024553,3,full_6dof_frozen,0.21640930273864425,63.22439778548691,6.162590140210489,validation,115.50867342948914
300m_cross_10_e0003,13.573745648839289,300m_cross_10,178.12671839122322,2.7536186507804556,1.3779926098024553,3,full_6dof_frozen,0.21640930273864425,63.297878289477126,6.183750625601421,validation,115.75867342948914
300m_cross_10_e0003,13.5815900176651,300m_cross_10,178.12671839122225,2.7317701837479476,1.3779926098024553,3,full_6dof_frozen,0.21640930273864425,63.418857705064354,6.198896873657851,validation,116.00867342948914
300m_cross_10_e0003,13.593329376223712,300m_cross_10,178.12671839122285,2.7111471666107807,1.3779926098024553,3,full_6dof_frozen,0.21640930273864425,63.58706492152866,6.207861753447288,validation,116.25867342948914
300m_cross_10_e0003,13.608902580336741,300m_cross_10,178.12671839122285,2.6917582137769798,1.3779926098024553,3,full_6dof_frozen,0.21640930273864425,63.80212640741657,6.210511952458138,validation,116.50867342948914
300m_cross_10_e0003,13.62824448565649,300m_cross_10,178.12671839122322,2.673610039345618,1.3779926098024553,3,full_6dof_frozen,0.21640930273864425,64.0635702949421,6.206746492679665,validation,116.75867342948914
300m_cross_10_e0003,13.651286218564241,300m_cross_10,178.12671839122322,2.65670737168183,1.3779926098024553,3,full_6dof_frozen,0.21640930273864425,64.37083143641824,6.196495699253328,validation,117.00867342948914
300m_cross_10_e0003,13.677955624961623,300m_cross_10,178.12671839122285,2.6410528786834306,1.3779926098024553,3,full_6dof_frozen,0.21640930273864425,64.72325730948897,6.17972061636893,validation,117.25867342948914
300m_cross_10_e0003,13.687790928270715,300m_cross_10,178.12671839122285,2.653321240607448,1.3779926098024553,3,full_6dof_frozen,0.21640930273864425,64.76418992037733,6.187983557596847,validation,117.50867342948914
300m_cross_10_e0003,13.687032181998173,300m_cross_10,178.0108937201347,2.6853038085978853,1.3779926098024553,3,full_6dof_frozen,0.21640930273864425,64.64299375812382,6.208030008960857,validation,117.75867342948914
300m_cross_10_e0003,13.69447296438747,300m_cross_10,178.0108937201347,2.7217488872801603,1.3779926098024553,3,full_6dof_frozen,0.21640930273864425,64.56939515381755,6.221291425256681,validation,118.00867342948914
300m_cross_10_e0003,13.706736088841488,300m_cross_10,178.0108937201347,2.762380375593481,1.3779926098024553,3,full_6dof_frozen,0.21640930273864425,64.54355693323471,6.227807010629326,validation,118.25867342948914
300m_cross_10_e0003,13.695171602770532,300m_cross_10,178.01089372013416,2.7981314336169607,1.3779926098024553,3,full_6dof_frozen,0.21640930273864425,64.26813840560064,6.248108747385863,validation,118.50867342948914
300m_cross_10_e0003,13.656831847774765,300m_cross_10,177.64928209707037,2.8317133287116993,1.3779926098024553,3,full_6dof_frozen,0.21640930273864425,63.81901692170203,6.276659692493252,validation,118.75867342948914
300m_cross_10_e0003,13.581534199100874,300m_cross_10,175.829613075123,2.869554190028247,1.3779926098024553,3,full_6dof_frozen,0.21640930273864425,63.41651706474837,6.298305992827445,validation,119.00867342948914
300m_cross_10_e0003,13.562946062392253,300m_cross_10,175.82961307512264,2.9113920178423642,1.3779926098024553,3,full_6dof_frozen,0.21640930273864425,63.06153155002289,6.3131283536235845,validation,119.25867342948914
300m_cross_10_e0003,13.520458204327717,300m_cross_10,175.82961307512176,2.9413207242724533,1.3779926098024553,3,full_6dof_frozen,0.21640930273864425,62.498610671374045,6.33226832524198,validation,119.50867342948914
300m_cross_10_e0003,13.459115314947088,300m_cross_10,175.8296130751222,2.962972436686469,1.3779926098024553,3,full_6dof_frozen,0.21640930273864425,61.770184803766604,6.3536806247858095,validation,119.75867342948914
300m_cross_10_e0003,13.209961877444002,300m_cross_10,169.09499578677853,2.989239958044983,1.3779926098024553,3,full_6dof_frozen,0.21640930273864425,61.085924246622135,6.368352697627518,validation,120.00867342948914
300m_cross_10_e0003,13.157927243321502,300m_cross_10,169.09499578677878,3.0199069797102576,1.3779926098024553,3,full_6dof_frozen,0.21640930273864425,60.4473288654654,6.376365514817897,validation,120.25867342948914
300m_cross_10_e0003,13.078106965265926,300m_cross_10,169.09499578677887,3.0318800169818316,1.3779926098024553,3,full_6dof_frozen,0.21640930273864425,59.59739709476356,6.382274947771628,validation,120.50867342948914
300m_cross_10_e0003,12.982669125341824,300m_cross_10,169.09499578677853,3.0344362101270757,1.3779926098024553,3,full_6dof_frozen,0.21640930273864425,58.63017842131279,6.384434762967815,validation,120.75867342948914
300m_cross_10_e0003,8.146685667132688,300m_cross_10,3.0239571917963395,3.041596742259078,1.3779926098024553,3,full_6dof_frozen,0.21640930273864425,57.703912562193,6.380150266259482,validation,121.00867342948914
300m_cross_10_e0003,8.060101627407448,300m_cross_10,3.023957191795737,3.0532405979751527,1.3779926098024553,3,full_6dof_frozen,0.21640930273864425,56.82060234001093,6.3694787525309415,validation,121.25867342948914
300m_cross_10_e0003,7.94786512262016,300m_cross_10,3.023957191795737,3.0463598693466634,1.3779926098024553,3,full_6dof_frozen,0.21640930273864425,55.75786813474246,6.351131212276218,validation,121.50867342948914
300m_cross_10_e0003,7.81992981222511,300m_cross_10,3.023957191795978,3.029205557927205,1.3779926098024553,3,full_6dof_frozen,0.21640930273864425,54.58658225596451,6.325688118722337,validation,121.75867342948914
300m_cross_10_e0003,7.658854699907073,300m_cross_10,1.7221374407434566,3.0167273083638464,1.3779926098024553,3,full_6dof_frozen,0.21640930273864425,53.45265469892343,6.294047668408648,validation,122.00867342948914
300m_cross_10_e0003,7.541713858807225,300m_cross_10,1.8077662280828481,3.0088959538228384,1.3779926098024553,3,full_6dof_frozen,0.21640930273864425,52.35851272579093,6.256234023138379,validation,122.25867342948914
300m_cross_10_e0003,7.400252967858038,300m_cross_10,1.8261525767294329,2.98799590315308,1.3779926098024553,3,full_6dof_frozen,0.21640930273864425,51.10531232559181,6.2077365650397125,validation,122.50867342948914
300m_cross_10_e0003,7.2426427742061845,300m_cross_10,1.8261525767294329,2.9591591190317894,1.3779926098024553,3,full_6dof_frozen,0.21640930273864425,49.741078123436054,6.149864004727136,validation,122.75867342948914
300m_cross_10_e0003,7.085685069356894,300m_cross_10,1.7221374407428214,2.935110849288311,1.3779926098024553,3,full_6dof_frozen,0.21640930273864425,48.40943702295731,6.085835785433467,validation,123.00867342948914
300m_cross_10_e0003,6.935606283379104,300m_cross_10,1.7221374407434566,2.9158794722164774,1.3779926098024553,3,full_6dof_frozen,0.21640930273864425,47.11315281203318,6.015636256126215,validation,123.25867342948914
300m_cross_10_e0003,6.763649177936675,300m_cross_10,1.7221374407432448,2.8871480573592665,1.3779926098024553,3,full_6dof_frozen,0.21640930273864425,45.65326635515066,5.933679648784042,validation,123.50867342948914
300m_cross_10_e0003,6.575877974963606,300m_cross_10,1.7221374407436683,2.8529425711490575,1.3779926098024553,3,full_6dof_frozen,0.21640930273864425,44.07409663743892,5.841417636458186,validation,123.75867342948914
300m_cross_10_e0003,6.3908317348812425,300m_cross_10,1.7221374407428214,2.8235991173289863,1.3779926098024553,3,full_6dof_frozen,0.21640930273864425,42.51880409211679,5.74273846507434,validation,124.00867342948914
300m_cross_10_e0003,6.2087878734961635,300m_cross_10,1.7221374407428214,2.7991783677747355,1.3779926098024553,3,full_6dof_frozen,0.21640930273864425,40.990106732562154,5.6375690871833495,validation,124.25867342948914
300m_cross_10_e0003,6.003968908719074,300m_cross_10,1.7221374407428214,2.768959366407702,1.3779926098024553,3,full_6dof_frozen,0.21640930273864425,39.27931401232305,5.519235625695845,validation,124.50867342948914
300m_cross_10_e0003,5.7781526609533085,300m_cross_10,1.7221374407434566,2.7314883026046086,1.3779926098024553,3,full_6dof_frozen,0.21640930273864425,37.40718098008993,5.388672675988644,validation,124.75867342948914
300m_cross_10_e0003,5.55122137919545,300m_cross_10,1.7221374407436683,2.6943714015670444,1.3779926098024553,3,full_6dof_frozen,0.21640930273864425,35.53713433120858,5.2509010933692695,validation,125.00867342948914
300m_cross_10_e0003,5.323174935290975,300m_cross_10,1.7221374407428214,2.6576268758295636,1.3779926098024553,3,full_6dof_frozen,0.21640930273864425,33.6695217083665,5.105716061497186,validation,125.25867342948914
300m_cross_10_e0003,5.094027408793575,300m_cross_10,1.7221374407434566,2.6212733758285705,1.3779926098024553,3,full_6dof_frozen,0.21640930273864425,31.80477190084217,4.952942499440586,validation,125.50867342948914
300m_cross_10_e0003,4.863809877253829,300m_cross_10,1.7221374407432448,2.5853299928217397,1.3779926098024553,3,full_6dof_frozen,0.21640930273864425,29.943419765579115,4.7924365477181325,validation,125.75867342948914
300m_cross_10_e0003,4.632574363674481,300m_cross_10,1.72213744074261,2.5498162601588295,1.3779926098024553,3,full_6dof_frozen,0.21640930273864425,28.0861408322572,4.624088000920621,validation,126.00867342948914
300m_cross_10_e0003,4.400399475207862,300m_cross_10,1.7221374407447265,2.514752152613944,1.3779926098024553,3,full_6dof_frozen,0.21640930273864425,26.233800228707505,4.447824039603544,validation,126.25867342948914
300m_cross_10_e0003,4.1673985683906904,300m_cross_10,1.7221374407421866,2.4801580834600814,1.3779926098024553,3,full_6dof_frozen,0.21640930273864425,24.38752324506776,4.263614779261029,validation,126.50867342948914
300m_cross_10_e0003,3.933731780666057,300m_cross_10,1.7221374407434566,2.446054898938259,1.3779926098024553,3,full_6dof_frozen,0.21640930273864425,22.548799383034662,4.071481412523932,validation,126.75867342948914
300m_cross_10_e0003,3.699624136691183,300m_cross_10,1.7221374407434566,2.4124638697436405,1.3779926098024553,3,full_6dof_frozen,0.21640930273864425,20.719639601175633,3.8715081322367744,validation,127.00867342948914
300m_cross_10_e0003,3.4653934801128563,300m_cross_10,1.7221374407428214,2.379406679124322,1.3779926098024553,3,full_6dof_frozen,0.21640930273864425,18.902820551111002,3.6638596920764126,validation,127.25867342948914
300m_cross_10_e0003,3.2314948088241473,300m_cross_10,1.7221374407434566,2.346905407161138,1.3779926098024553,3,full_6dof_frozen,0.21640930273864425,17.10227564890241,3.4488075733423784,validation,127.50867342948914
300m_cross_10_e0003,2.9985929497101638,300m_cross_10,1.7221374407428214,2.3149825107743327,1.3779926098024553,3,full_6dof_frozen,0.21640930273864425,15.323742622258248,3.226769618405974,validation,127.75867342948914
300m_cross_10_e0003,2.76768598569951,300m_cross_10,1.7221374407432448,2.283660798984042,1.3779926098024553,3,full_6dof_frozen,0.21640930273864425,13.575875350563036,2.9983712871840695,validation,128.00867342948914
300m_cross_10_e0003,2.5403228110745153,300m_cross_10,1.72213744074261,2.2529634029387404,1.3779926098024553,3,full_6dof_frozen,0.21640930273864425,11.87222570175759,2.76454256520408,validation,128.25867342948914
300m_cross_10_e0003,2.319000041890504,300m_cross_10,1.7221374407434566,2.222913740219518,1.3779926098024553,3,full_6dof_frozen,0.21640930273864425,10.234898274607302,2.52667520405775,validation,128.50867342948914
300m_cross_10_e0003,2.1079006147157404,300m_cross_10,1.7221374407428214,2.1935354729334318,1.3779926098024553,3,full_6dof_frozen,0.21640930273864425,8.70141311904468,2.2868844247754754,validation,128.75867342948914
300m_cross_10_e0003,1.914229357065563,300m_cross_10,1.7221374407440915,2.164852459123439,1.3779926098024553,3,full_6dof_frozen,0.21640930273864425,7.337171515212365,2.0484539614572226,validation,129.00867342948914
300m_cross_10_e0003,1.7502129695296094,300m_cross_10,1.7221374407432448,2.136888697051873,1.3779926098024553,3,full_6dof_frozen,0.21640930273864425,6.253929118373661,1.8165994923162025,validation,129.25867342948914
300m_cross_10_e0003,1.6340448219128554,300m_cross_10,1.7221374407432448,2.1096682619606417,1.3779926098024553,3,full_6dof_frozen,0.21640930273864425,5.616691284936144,1.5997450627699104,validation,129.50867342948914
300m_cross_10_e0003,1.583932268940195,300m_cross_10,1.7221374407432448,2.0832152349726063,1.3779926098024553,3,full_6dof_frozen,0.21640930273864425,5.5803996775814175,1.4114164798973627,validation,129.75867342948914
300m_cross_10_e0003,1.6050247620140998,300m_cross_10,1.7221374407434566,2.0575536238834355,1.3779926098024553,3,full_6dof_frozen,0.21640930273864425,6.155692335672847,1.2720019680364276,validation,130.00867342948914
300m_cross_10_e0003,1.6879076144936094,300m_cross_10,1.7221374407440915,2.03270727569709,1.3779926098024553,3,full_6dof_frozen,0.21640930273864425,7.197380335928442,1.206982810616663,validation,130.25867342948914
300m_cross_10_e0003,1.8197329567376381,300m_cross_10,1.7221374407428214,2.0086997808865648,1.3779926098024553,3,full_6dof_frozen,0.21640930273864425,8.536396620775935,1.236613870764115,validation,130.50867342948914
300m_cross_10_e0003,1.9313839709487208,300m_cross_10,1.7221374407434566,1.9326186659654847,1.3779926098024553,3,full_6dof_frozen,0.21640930273864425,9.837547156243302,1.2710955322875575,validation,130.75867342948914
300m_cross_10_e0003,2.0155584727670677,300m_cross_10,1.72213744074261,1.8176584077625426,1.3779926098024553,3,full_6dof_frozen,0.21640930273864425,11.044298206095846,1.2801929467913769,validation,131.00867342948914
300m_cross_10_e0003,2.150639354813739,300m_cross_10,1.7221374407443033,1.7508083023545897,1.3779926098024553,3,full_6dof_frozen,0.21640930273864425,12.407932282964655,1.3851971609366733,validation,131.25867342948914
300m_cross_10_e0003,2.3315529019557806,300m_cross_10,1.7221374407432448,1.7386327513452002,1.3779926098024553,3,full_6dof_frozen,0.21640930273864425,13.882295057795888,1.5728760942470679,validation,131.50867342948914
300m_cross_10_e0003,2.5120080486742813,300m_cross_10,1.7221374407428214,1.741048662716852,1.3779926098024553,3,full_6dof_frozen,0.21640930273864425,15.301042070804897,1.7617518023823717,validation,131.75867342948914
300m_cross_10_e0003,2.6698776436233445,300m_cross_10,1.7221374407434566,1.7133083647151144,1.3779926098024553,3,full_6dof_frozen,0.21640930273864425,16.631879721361347,1.9319147818522677,validation,132.00867342948914
300m_cross_10_e0003,2.8511768118382057,300m_cross_10,1.7221374407432448,1.6990228184990899,1.3779926098024553,3,full_6dof_frozen,0.21640930273864425,18.042202010832526,2.1570587218843897,validation,132.25867342948914
300m_cross_10_e0003,3.0519935558249585,300m_cross_10,1.7221374407432448,1.6987783975113735,1.3779926098024553,3,full_6dof_frozen,0.21640930273864425,19.514783612792545,2.425259009151005,validation,132.50867342948914
300m_cross_10_e0003,3.269183852357197,300m_cross_10,1.7221374407436683,1.7128229832039095,1.3779926098024553,3,full_6dof_frozen,0.21640930273864425,21.036553929508344,2.726917690633346,validation,132.75867342948914
300m_cross_10_e0003,3.500306081797496,300m_cross_10,1.7221374407432448,1.7410456999232784,1.3779926098024553,3,full_6dof_frozen,0.21640930273864425,22.597577718080274,3.054979082349989,validation,133.00867342948914
300m_cross_10_e0003,3.743452588334747,300m_cross_10,1.7221374407432448,1.782999688276004,1.3779926098024553,3,full_6dof_frozen,0.21640930273864425,24.190256963100087,3.4044486786051276,validation,133.25867342948914
300m_cross_10_e0003,3.9970960255465906,300m_cross_10,1.7221374407434566,1.837961331025362,1.3779926098024553,3,full_6dof_frozen,0.21640930273864425,25.80873187271152,3.771825671943001,validation,133.50867342948914
300m_cross_10_e0003,4.246455707966571,300m_cross_10,1.72213744074261,1.9224798229513669,1.3779926098024553,3,full_6dof_frozen,0.21640930273864425,27.342973702395508,4.110639015991021,validation,133.75867342948914
300m_cross_10_e0003,4.49590691372005,300m_cross_10,1.7221374407434566,2.062411941452545,1.3779926098024553,3,full_6dof_frozen,0.21640930273864425,28.76761887347624,4.412352261715963,validation,134.00867342948914
300m_cross_10_e0003,4.767532550894212,300m_cross_10,1.8261525767288336,2.236803812979635,1.3779926098024553,3,full_6dof_frozen,0.21640930273864425,30.224835814125043,4.73635955290979,validation,134.25867342948914
300m_cross_10_e0003,5.052162001856605,300m_cross_10,1.8261525767288336,2.4389526359326714,1.3779926098024553,3,full_6dof_frozen,0.21640930273864425,31.7101344039028,5.079942807911142,validation,134.50867342948914
300m_cross_10_e0003,5.313563945187926,300m_cross_10,1.8261525767292328,2.612978756184593,1.3779926098024553,3,full_6dof_frozen,0.21640930273864425,33.110430900096105,5.39676074271784,validation,134.75867342948914
300m_cross_10_e0003,5.530489077693506,300m_cross_10,1.8261525767294329,2.7303022696483796,1.3779926098024553,3,full_6dof_frozen,0.21640930273864425,34.35981665318639,5.66115433959426,validation,135.00867342948914
300m_cross_10_e0003,5.829162277982692,300m_cross_10,4.062465066429381,2.876822396940729,1.3779926098024553,3,full_6dof_frozen,0.21640930273864425,35.644684174973854,5.948413155178266,validation,135.25867342948914
300m_cross_10_e0003,6.079779684567145,300m_cross_10,4.062465066429201,3.048884349400998,1.3779926098024553,3,full_6dof_frozen,0.21640930273864425,36.961333348097426,6.256405680771655,validation,135.50867342948914
300m_cross_10_e0003,6.306215982370528,300m_cross_10,4.062465066429201,3.193063355296689,1.3779926098024553,3,full_6dof_frozen,0.21640930273864425,38.18456795613593,6.536671522609829,validation,135.75867342948914
300m_cross_10_e0003,6.4779284081121915,300m_cross_10,4.062465066428573,3.270006775725616,1.3779926098024553,3,full_6dof_frozen,0.21640930273864425,39.215278212516615,6.751639489079689,validation,136.00867342948914
300m_cross_10_e0003,6.859494803181606,300m_cross_10,10.777229832449782,3.3753658100005612,1.3779926098024553,3,full_6dof_frozen,0.21640930273864425,40.28508443427745,6.989717853656503,validation,136.25867342948914
300m_cross_10_e0003,7.065902881528771,300m_cross_10,10.777229832449782,3.5070867766117613,1.3779926098024553,3,full_6dof_frozen,0.21640930273864425,41.39095526527642,7.249287885540833,validation,136.50867342948914
300m_cross_10_e0003,7.2381713791247275,300m_cross_10,10.777229832449782,3.6015858767867255,1.3779926098024553,3,full_6dof_frozen,0.21640930273864425,42.36025799021238,7.468480510761032,validation,136.75867342948914
300m_cross_10_e0003,7.358319378348385,300m_cross_10,10.777229832450326,3.6357736997281576,1.3779926098024553,3,full_6dof_frozen,0.21640930273864425,43.13313618435882,7.625801704903632,validation,137.00867342948914
300m_cross_10_e0003,12.2295218536036,300m_cross_10,176.45698149193902,3.695763447160716,1.3779926098024553,3,full_6dof_frozen,0.21640930273864425,43.94814681376187,7.805789902735051,validation,137.25867342948914
300m_cross_10_e0003,12.404421622066527,300m_cross_10,177.18408112858447,3.7807801225367403,1.3779926098024553,3,full_6dof_frozen,0.21640930273864425,44.802990645646894,8.00730099348351,validation,137.50867342948914
300m_cross_10_e0003,12.524924198522065,300m_cross_10,177.18408112858498,3.8334624313343606,1.3779926098024553,3,full_6dof_frozen,0.21640930273864425,45.50992912644303,8.16854078736702,validation,137.75867342948914
300m_cross_10_e0003,12.588721993415636,300m_cross_10,177.18408112858498,3.826882598991437,1.3779926098024553,3,full_6dof_frozen,0.21640930273864425,45.98443870737772,8.261241358605735,validation,138.00867342948914
300m_cross_10_e0003,12.669409951629722,300m_cross_10,177.18408112858447,3.845000073957068,1.3779926098024553,3,full_6dof_frozen,0.21640930273864425,46.50271790332997,8.375345760090726,validation,138.25867342948914
300m_cross_10_e0003,12.802888697516748,300m_cross_10,178.44948515846875,3.8879123180788606,1.3779926098024553,3,full_6dof_frozen,0.21640930273864425,47.06332071354711,8.510145673278453,validation,138.50867342948914
300m_cross_10_e0003,12.868471254063994,300m_cross_10,178.37675123738757,3.9091307376044897,1.3779926098024553,3,full_6dof_frozen,0.21640930273864425,47.475792139629675,8.606849270585148,validation,138.75867342948914
300m_cross_10_e0003,12.87729956881748,300m_cross_10,178.3767512373878,3.878873016695833,1.3779926098024553,3,full_6dof_frozen,0.21640930273864425,47.6220951596808,8.62826886917473,validation,139.00867342948914
300m_cross_10_e0003,12.902378629891095,300m_cross_10,178.37675123738916,3.873019771372558,1.3779926098024553,3,full_6dof_frozen,0.21640930273864425,47.81128835742068,8.668822984544805,validation,139.25867342948914
300m_cross_10_e0003,12.946864043852464,300m_cross_10,178.4847483146268,3.8921313126546266,1.3779926098024553,3,full_6dof_frozen,0.21640930273864425,48.04286502990353,8.728180995415688,validation,139.50867342948914
300m_cross_10_e0003,12.95916040679637,300m_cross_10,178.4847483146268,3.8948214007062485,1.3779926098024553,3,full_6dof_frozen,0.21640930273864425,48.11720843534785,8.74800762732702,validation,139.75867342948914
300m_cross_10_e0003,12.912438199505033,300m_cross_10,178.4847483146266,3.8533744675345174,1.3779926098024553,3,full_6dof_frozen,0.21640930273864425,47.90528943102108,8.689434314986626,validation,140.00867342948914
300m_cross_10_e0003,12.880661384138058,300m_cross_10,178.4847483146268,3.8359306931607033,1.3779926098024553,3,full_6dof_frozen,0.21640930273864425,47.73188688996506,8.646324465969426,validation,140.25867342948914
300m_cross_10_e0003,12.693593906637405,300m_cross_10,177.05659476506338,3.808767545901912,1.3779926098024553,3,planar_frozen,0.21640930273864425,48.067353937547104,7.792547402425041,validation,107.75867342948914
300m_cross_10_e0003,12.64857649545437,300m_cross_10,177.05659476506386,3.7754571338125653,1.3779926098024553,3,planar_frozen,0.21640930273864425,47.91555491542785,7.698877211051667,validation,108.00867342948914
300m_cross_10_e0003,12.61128959231887,300m_cross_10,177.05659476506375,3.7421336742032447,1.3779926098024553,3,planar_frozen,0.21640930273864425,47.82344899959517,7.614034752639396,validation,108.25867342948914
300m_cross_10_e0003,12.581637004489568,300m_cross_10,177.0565947650635,3.708802625796963,1.3779926098024553,3,planar_frozen,0.21640930273864425,47.79138132182331,7.537357399722658,validation,108.50867342948914
300m_cross_10_e0003,12.559495397596638,300m_cross_10,177.05659476506338,3.6754695641684694,1.3779926098024553,3,planar_frozen,0.21640930273864425,47.81947266696387,7.468158795401898,validation,108.75867342948914
300m_cross_10_e0003,12.544715355656164,300m_cross_10,177.05659476506375,3.6421401831083102,1.3779926098024553,3,planar_frozen,0.21640930273864425,47.90761720971552,7.405735282757243,validation,109.00867342948914
300m_cross_10_e0003,12.537122862145146,300m_cross_10,177.05659476506375,3.608820296022211,1.3779926098024553,3,planar_frozen,0.21640930273864425,48.05548449809135,7.349372316157739,validation,109.25867342948914
300m_cross_10_e0003,12.536521157462612,300m_cross_10,177.05659476506312,3.5755158373674325,1.3779926098024553,3,planar_frozen,0.21640930273864425,48.262525597481,7.298350674141628,validation,109.50867342948914
300m_cross_10_e0003,12.542692915452076,300m_cross_10,177.05659476506386,3.542232864127064,1.3779926098024553,3,planar_frozen,0.21640930273864425,48.52798313155268,7.2519523191202815,validation,109.75867342948914
300m_cross_10_e0003,12.555402672141867,300m_cross_10,177.0565947650635,3.5089775573231163,1.3779926098024553,3,planar_frozen,0.21640930273864425,48.85090479870927,7.209465780330911,validation,110.00867342948914
300m_cross_10_e0003,12.574399433973396,300m_cross_10,177.0565947650635,3.475756223569206,1.3779926098024553,3,planar_frozen,0.21640930273864425,49.230159816482356,7.170190970191857,validation,110.25867342948914
300m_cross_10_e0003,12.599419390733397,300m_cross_10,177.05659476506386,3.4425752966632164,1.3779926098024553,3,planar_frozen,0.21640930273864425,49.66445765864935,7.133443377751642,validation,110.50867342948914
300m_cross_10_e0003,12.630188660079503,300m_cross_10,177.05659476506412,3.4094413392194483,1.3779926098024553,3,planar_frozen,0.21640930273864425,50.152368404360494,7.098557614032832,validation,110.75867342948914
300m_cross_10_e0003,12.666425995550545,300m_cross_10,177.05659476506386,3.3763610443402015,1.3779926098024553,3,planar_frozen,0.21640930273864425,50.692344014389015,7.064890311172566,validation,111.00867342948914
300m_cross_10_e0003,12.707845397663824,300m_cross_10,177.05659476506386,3.3433412373254296,1.3779926098024553,3,planar_frozen,0.21640930273864425,51.282739882412365,7.0318223994185844,validation,111.25867342948914
300m_cross_10_e0003,12.754158577356769,300m_cross_10,177.05659476506386,3.3103888774189354,1.3779926098024553,3,planar_frozen,0.21640930273864425,51.92183607201037,6.998760802928452,validation,111.50867342948914
300m_cross_10_e0003,12.805077231810767,300m_cross_10,177.05659476506412,3.277511059588653,1.3779926098024553,3,planar_frozen,0.21640930273864425,52.607857734351896,6.96513960707812,validation,111.75867342948914
300m_cross_10_e0003,12.860315103813344,300m_cross_10,177.05659476506338,3.2447150163380916,1.3779926098024553,3,planar_frozen,0.21640930273864425,53.33899429849088,6.930420757105886,validation,112.00867342948914
300m_cross_10_e0003,12.919589806582907,300m_cross_10,177.05659476506412,3.212008119544796,1.3779926098024553,3,planar_frozen,0.21640930273864425,54.113417127535186,6.8940943510869355,validation,112.25867342948914
300m_cross_10_e0003,12.982624405853603,300m_cross_10,177.05659476506375,3.1793978823211044,1.3779926098024553,3,planar_frozen,0.21640930273864425,54.92929543267724,6.855678590242246,validation,112.50867342948914
300m_cross_10_e0003,13.049148759617307,300m_cross_10,177.05659476506386,3.146891960890838,1.3779926098024553,3,planar_frozen,0.21640930273864425,55.78481032780876,6.814719447212101,validation,112.75867342948914
300m_cross_10_e0003,13.118900623025885,300m_cross_10,177.05659476506423,3.114498156475281,1.3779926098024553,3,planar_frozen,0.21640930273864425,56.6781669865602,6.770790108905155,validation,113.00867342948914
300m_cross_10_e0003,13.19162653150094,300m_cross_10,177.05659476506423,3.0822244171791717,1.3779926098024553,3,planar_frozen,0.21640930273864425,57.60760492913022,6.7234902454889385,validation,113.25867342948914
300m_cross_10_e0003,13.267082479125003,300m_cross_10,177.05659476506412,3.05007883986727,1.3779926098024553,3,planar_frozen,0.21640930273864425,58.57140651762288,6.672445151549438,validation,113.50867342948914
300m_cross_10_e0003,13.345034412028877,300m_cross_10,177.05659476506386,3.0180696720195455,1.3779926098024553,3,planar_frozen,0.21640930273864425,59.56790377629606,6.617304799811796,validation,113.75867342948914
300m_cross_10_e0003,13.425258557933876,300m_cross_10,177.05659476506423,2.9862053135516042,1.3779926098024553,3,planar_frozen,0.21640930273864425,60.59548367839833,6.557742842398849,validation,114.00867342948914
300m_cross_10_e0003,13.507541613466406,300m_cross_10,177.05659476506412,2.954494318584816,1.3779926098024553,3,planar_frozen,0.21640930273864425,61.6525920558378,6.493455589619755,validation,114.25867342948914
300m_cross_10_e0003,13.557195838732893,300m_cross_10,177.05659476506386,2.9155337676897903,1.3779926098024553,3,planar_frozen,0.21640930273864425,62.34269666837093,6.461608661177382,validation,114.50867342948914
300m_cross_10_e0003,13.591579373721968,300m_cross_10,177.05659476506412,2.8759727832058952,1.3779926098024553,3,planar_frozen,0.21640930273864425,62.84956791745699,6.446025685719509,validation,114.75867342948914
300m_cross_10_e0003,13.630654641971722,300m_cross_10,177.05659476506386,2.840845637868455,1.3779926098024553,3,planar_frozen,0.21640930273864425,63.39887330622068,6.425294574815533,validation,115.00867342948914
300m_cross_10_e0003,13.674286628260752,300m_cross_10,177.0565947650635,2.810227452349246,1.3779926098024553,3,planar_frozen,0.21640930273864425,63.989520041535364,6.39916144780207,validation,115.25867342948914
300m_cross_10_e0003,13.691867681468635,300m_cross_10,177.05659476506412,2.7848418020011843,1.3779926098024553,3,planar_frozen,0.21640930273864425,64.23642360917944,6.40592434726613,validation,115.50867342948914
300m_cross_10_e0003,13.695951187117956,300m_cross_10,177.05659476506375,2.761629746811013,1.3779926098024553,3,planar_frozen,0.21640930273864425,64.30913342299138,6.428673727257098,validation,115.75867342948914
300m_cross_10_e0003,13.703841624755858,300m_cross_10,177.05659476506412,2.7395975094846787,1.3779926098024553,3,planar_frozen,0.21640930273864425,64.4285989385772,6.445113553197544,validation,116.00867342948914
300m_cross_10_e0003,13.715484083157358,300m_cross_10,177.05659476506338,2.718755235155062,1.3779926098024553,3,planar_frozen,0.21640930273864425,64.59456073705987,6.455082069846512,validation,116.25867342948914
300m_cross_10_e0003,13.730819517810412,300m_cross_10,177.05659476506386,2.699111369930172,1.3779926098024553,3,planar_frozen,0.21640930273864425,64.80666160583463,6.458448584099139,validation,116.50867342948914
300m_cross_10_e0003,13.749784807473862,300m_cross_10,177.05659476506375,2.6806725715498563,1.3779926098024553,3,planar_frozen,0.21640930273864425,65.0644503260142,6.455112002960493,validation,116.75867342948914
300m_cross_10_e0003,13.77231298711922,300m_cross_10,177.05659476506386,2.663443628298012,1.3779926098024553,3,planar_frozen,0.21640930273864425,65.36738636363961,6.444999787794303,validation,117.00867342948914
300m_cross_10_e0003,13.798333644974297,300m_cross_10,177.05659476506386,2.647427387508507,1.3779926098024553,3,planar_frozen,0.21640930273864425,65.71484535364948,6.428067316713919,validation,117.25867342948914
300m_cross_10_e0003,13.807789906389779,300m_cross_10,177.05659476506412,2.659048166389553,1.3779926098024553,3,planar_frozen,0.21640930273864425,65.75562170448629,6.435592483571142,validation,117.50867342948914
300m_cross_10_e0003,13.810033258455825,300m_cross_10,177.0565947650635,2.6901300273414726,1.3779926098024553,3,planar_frozen,0.21640930273864425,65.63676734948064,6.454433319817757,validation,117.75867342948914
300m_cross_10_e0003,13.812461512752579,300m_cross_10,176.8978945580251,2.7255615711711103,1.3779926098024553,3,planar_frozen,0.21640930273864425,65.56479598826687,6.466179157007364,validation,118.00867342948914
300m_cross_10_e0003,13.82407649291813,300m_cross_10,176.89789455802557,2.7650775140087065,1.3779926098024553,3,planar_frozen,0.21640930273864425,65.53986207204846,6.470861111214917,validation,118.25867342948914
300m_cross_10_e0003,13.812283981523674,300m_cross_10,176.897894558025,2.799895188701672,1.3779926098024553,3,planar_frozen,0.21640930273864425,65.26923027778913,6.489184993550779,validation,118.50867342948914
300m_cross_10_e0003,13.784321619952308,300m_cross_10,176.89789455802557,2.8326401904997573,1.3779926098024553,3,planar_frozen,0.21640930273864425,64.82768205757019,6.515572292806538,validation,118.75867342948914
300m_cross_10_e0003,13.695874295982206,300m_cross_10,174.6220714135694,2.8695409662086244,1.3779926098024553,3,planar_frozen,0.21640930273864425,64.43212482837835,6.534730586769009,validation,119.00867342948914
300m_cross_10_e0003,13.677004339903313,300m_cross_10,174.62207141356978,2.91034471993199,1.3779926098024553,3,planar_frozen,0.21640930273864425,64.08341023917212,6.54673184477198,validation,119.25867342948914
300m_cross_10_e0003,13.634716674672683,300m_cross_10,174.62207141356944,2.9394828155790655,1.3779926098024553,3,planar_frozen,0.21640930273864425,63.530252724233115,6.563308783343262,validation,119.50867342948914
300m_cross_10_e0003,13.573952778101674,300m_cross_10,174.62207141356944,2.960505255187037,1.3779926098024553,3,planar_frozen,0.21640930273864425,62.81455545862445,6.582300533945932,validation,119.75867342948914
300m_cross_10_e0003,13.381015683729592,300m_cross_10,169.84011542363325,2.9860340108122454,1.3779926098024553,3,planar_frozen,0.21640930273864425,62.14256801305667,6.594197428818268,validation,120.00867342948914
300m_cross_10_e0003,13.329248233467725,300m_cross_10,169.8401154236336,3.0158598911164787,1.3779926098024553,3,planar_frozen,0.21640930273864425,61.51572284045138,6.599072963304482,validation,120.25867342948914
300m_cross_10_e0003,13.250339258947916,300m_cross_10,169.8401154236332,3.027303086194597,1.3779926098024553,3,planar_frozen,0.21640930273864425,60.68158036341277,6.602527337427932,validation,120.50867342948914
300m_cross_10_e0003,13.156174511427492,300m_cross_10,169.84011542363322,3.0294720614009703,1.3779926098024553,3,planar_frozen,0.21640930273864425,59.73277596528893,6.602490840210443,validation,120.75867342948914
300m_cross_10_e0003,8.335302206749473,300m_cross_10,4.258024496936307,3.036138743241988,1.3779926098024553,3,planar_frozen,0.21640930273864425,58.824743736489616,6.595618712917863,validation,121.00867342948914
300m_cross_10_e0003,8.24971891585917,300m_cross_10,4.258024496936393,3.0471859577743987,1.3779926098024553,3,planar_frozen,0.21640930273864425,57.95940000409036,6.58196210044528,validation,121.25867342948914
300m_cross_10_e0003,8.139175094617986,300m_cross_10,4.25802449693665,3.039996674124878,1.3779926098024553,3,planar_frozen,0.21640930273864425,56.918819401996004,6.561515434702374,validation,121.50867342948914
300m_cross_10_e0003,8.01337932754753,300m_cross_10,4.258024496936136,3.0226802436494085,1.3779926098024553,3,planar_frozen,0.21640930273864425,55.772817773719886,6.534398130947332,validation,121.75867342948914
300m_cross_10_e0003,7.858713516384931,300m_cross_10,3.108977178310833,3.0099328829366816,1.3779926098024553,3,planar_frozen,0.21640930273864425,54.664418328958746,6.500664015649265,validation,122.00867342948914
300m_cross_10_e0003,7.7410650215056425,300m_cross_10,3.1089771783104814,3.001726369452009,1.3779926098024553,3,planar_frozen,0.21640930273864425,53.59595403186276,6.460331212275322,validation,122.25867342948914
300m_cross_10_e0003,7.60177257220006,300m_cross_10,3.108977178310716,2.980672327851987,1.3779926098024553,3,planar_frozen,0.21640930273864425,52.37329141775594,6.410290342134153,validation,122.50867342948914
300m_cross_10_e0003,7.447442987825837,300m_cross_10,3.108977178310833,2.95180819051125,1.3779926098024553,3,planar_frozen,0.21640930273864425,51.04387419980976,6.3514579248040075,validation,122.75867342948914
300m_cross_10_e0003,7.291574787616035,300m_cross_10,2.9289870997881886,2.9276239880044614,1.3779926098024553,3,planar_frozen,0.21640930273864425,49.748058934346766,6.286044429024856,validation,123.00867342948914
300m_cross_10_e0003,7.144727243586247,300m_cross_10,2.9289870997878156,2.9081472757734783,1.3779926098024553,3,planar_frozen,0.21640930273864425,48.48853964760016,6.214027539300911,validation,123.25867342948914
300m_cross_10_e0003,6.976962246285623,300m_cross_10,2.9289870997884377,2.8793565982304647,1.3779926098024553,3,planar_frozen,0.21640930273864425,47.072265617919705,6.131324030209617,validation,123.50867342948914
300m_cross_10_e0003,6.794208366710815,300m_cross_10,2.9289870997881886,2.84519667923246,1.3779926098024553,3,planar_frozen,0.21640930273864425,45.543251400111274,6.038994939569832,validation,123.75867342948914
300m_cross_10_e0003,6.614335719615445,300m_cross_10,2.9289870997881886,2.8157900528018946,1.3779926098024553,3,planar_frozen,0.21640930273864425,44.04083045639598,5.9398532200015755,validation,124.00867342948914
300m_cross_10_e0003,6.437629859487673,300m_cross_10,2.9289870997881886,2.7911956052844467,1.3779926098024553,3,planar_frozen,0.21640930273864425,42.567818689590176,5.833820548628029,validation,124.25867342948914
300m_cross_10_e0003,6.239540484168738,300m_cross_10,2.9289870997881886,2.760882132996076,1.3779926098024553,3,planar_frozen,0.21640930273864425,40.92398222483532,5.715814358224733,validation,124.50867342948914
300m_cross_10_e0003,6.02196245059258,300m_cross_10,2.9289870997881886,2.7234480168695474,1.3779926098024553,3,planar_frozen,0.21640930273864425,39.13153472548591,5.586538133562866,validation,124.75867342948914
300m_cross_10_e0003,5.803985005418591,300m_cross_10,2.9289870997881886,2.6863727177447534,1.3779926098024553,3,planar_frozen,0.21640930273864425,37.34889217639286,5.449764347447434,validation,125.00867342948914
300m_cross_10_e0003,5.585722265489401,300m_cross_10,2.9289870997881886,2.6496745994316604,1.3779926098024553,3,planar_frozen,0.21640930273864425,35.5775284643884,5.305296034325535,validation,125.25867342948914
300m_cross_10_e0003,5.36732379822189,300m_cross_10,2.928987099787691,2.6133724662001083,1.3779926098024553,3,planar_frozen,0.21640930273864425,33.81921590551076,5.152963532812794,validation,125.50867342948914
300m_cross_10_e0003,5.14898238780569,300m_cross_10,2.9289870997881886,2.577485565374062,1.3779926098024553,3,planar_frozen,0.21640930273864425,32.07610084301666,4.992625513355518,validation,125.75867342948914
300m_cross_10_e0003,4.930944219295769,300m_cross_10,2.92898709978794,2.542033588205726,1.3779926098024553,3,planar_frozen,0.21640930273864425,30.350801869437216,4.82417078620956,validation,126.00867342948914
300m_cross_10_e0003,4.713522288495006,300m_cross_10,2.9289870997881886,2.5070366687305556,1.3779926098024553,3,planar_frozen,0.21640930273864425,28.646538201725715,4.647521165186744,validation,126.25867342948914
300m_cross_10_e0003,4.497114123574793,300m_cross_10,2.9289870997881886,2.47251538027579,1.3779926098024553,3,planar_frozen,0.21640930273864425,26.96729826598626,4.4626357892133495,validation,126.50867342948914
300m_cross_10_e0003,4.28222525952521,300m_cross_10,2.9289870997881886,2.4384907292656277,1.3779926098024553,3,planar_frozen,0.21640930273864425,25.318061706794172,4.2695175002450805,validation,126.75867342948914
300m_cross_10_e0003,4.069500328464704,300m_cross_10,2.9289870997881886,2.4049841459363197,1.3779926098024553,3,planar_frozen,0.21640930273864425,23.705091634711028,4.068222186532968,validation,127.00867342948914
300m_cross_10_e0003,3.859764054223929,300m_cross_10,2.92898709978794,2.372017471547806,1.3779926098024553,3,planar_frozen,0.21640930273864425,22.13631717855736,3.8588725007201545,validation,127.25867342948914
300m_cross_10_e0003,3.6540746788194696,300m_cross_10,2.9289870997884377,2.339612941651913,1.3779926098024553,3,planar_frozen,0.21640930273864425,20.621827151054728,3.64167818727559,validation,127.50867342948914
300m_cross_10_e0003,3.453791941093767,300m_cross_10,2.928987099787691,2.3077931649545786,1.3779926098024553,3,planar_frozen,0.21640930273864425,19.174488777146053,3.4169666467637447,validation,127.75867342948914
300m_cross_10_e0003,3.2606596965447685,300m_cross_10,2.9289870997881886,2.276581097292682,1.3779926098024553,3,planar_frozen,0.21640930273864425,17.81068029808123,3.1852297763209214,validation,128.00867342948914
300m_cross_10_e0003,3.076897819002944,300m_cross_10,2.9289870997881886,2.246000010233552,1.3779926098024553,3,planar_frozen,0.21640930273864425,16.551063213420928,2.947197409373832,validation,128.25867342948914
300m_cross_10_e0003,2.905286595232439,300m_cross_10,2.92898709978794,2.2160734538022173,1.3779926098024553,3,planar_frozen,0.21640930273864425,15.421190041870627,2.703955470348719,validation,128.50867342948914
300m_cross_10_e0003,2.749207809731186,300m_cross_10,2.9289870997881886,2.1868252128480528,1.3779926098024553,3,planar_frozen,0.21640930273864425,14.451524456574168,2.4571414037475874,validation,128.75867342948914
300m_cross_10_e0003,2.6125856333408675,300m_cross_10,2.9289870997884377,2.158279256580925,1.3779926098024553,3,planar_frozen,0.21640930273864425,13.676186015445618,2.2092763361387826,validation,129.00867342948914
300m_cross_10_e0003,2.499671620336654,300m_cross_10,2.9289870997878156,2.1304596808395333,1.3779926098024553,3,planar_frozen,0.21640930273864425,13.129646481829457,1.9643419974948677,validation,129.25867342948914
300m_cross_10_e0003,2.414688262018898,300m_cross_10,2.9289870997881886,2.1033906427054485,1.3779926098024553,3,planar_frozen,0.21640930273864425,12.841153279406042,1.7287868706745506,validation,129.50867342948914
300m_cross_10_e0003,2.361504650366315,300m_cross_10,2.9289870997881886,2.07709628714269,1.3779926098024553,3,planar_frozen,0.21640930273864425,12.828127936344487,1.5132054098803456,validation,129.75867342948914
300m_cross_10_e0003,2.343624565150455,300m_cross_10,2.9289870997881886,2.051600665433357,1.3779926098024553,3,planar_frozen,0.21640930273864425,13.091392712613914,1.3346652985152196,validation,130.00867342948914
300m_cross_10_e0003,2.364417697865121,300m_cross_10,2.9289870997884377,2.0269276452895406,1.3779926098024553,3,planar_frozen,0.21640930273864425,13.614929598024984,1.217984219622672,validation,130.25867342948914
300m_cross_10_e0003,2.426503975232344,300m_cross_10,2.9289870997881886,2.003100812657095,1.3779926098024553,3,planar_frozen,0.21640930273864425,14.370320134259725,1.1904317260621966,validation,130.50867342948914
300m_cross_10_e0003,2.4786446486146527,300m_cross_10,2.9289870997881886,1.9265384332740039,1.3779926098024553,3,planar_frozen,0.21640930273864425,15.181406683920278,1.173195783781947,validation,130.75867342948914
300m_cross_10_e0003,2.5133334925475443,300m_cross_10,2.9289870997881886,1.8105939195262237,1.3779926098024553,3,planar_frozen,0.21640930273864425,15.991333123293666,1.1349176400060133,validation,131.00867342948914
300m_cross_10_e0003,2.602377311865342,300m_cross_10,2.9289870997884377,1.7434286235986902,1.3779926098024553,3,planar_frozen,0.21640930273864425,16.963237694417955,1.2061266109120454,validation,131.25867342948914
300m_cross_10_e0003,2.743373731151569,300m_cross_10,2.9289870997881886,1.7317426683025596,1.3779926098024553,3,planar_frozen,0.21640930273864425,18.071004481049147,1.3767019061878372,validation,131.50867342948914
300m_cross_10_e0003,2.891560281321842,300m_cross_10,2.9289870997881886,1.7346859248267517,1.3779926098024553,3,planar_frozen,0.21640930273864425,19.183419530759096,1.5565217046439062,validation,131.75867342948914
300m_cross_10_e0003,3.023178385470604,300m_cross_10,2.9289870997881886,1.706823432773699,1.3779926098024553,3,planar_frozen,0.21640930273864425,20.261462562290575,1.7220281963770663,validation,132.00867342948914
300m_cross_10_e0003,3.181199111298578,300m_cross_10,2.9289870997881886,1.6926052895991361,1.3779926098024553,3,planar_frozen,0.21640930273864425,21.434883744813376,1.9491181395464705,validation,132.25867342948914
300m_cross_10_e0003,3.3613158529018494,300m_cross_10,2.9289870997881886,1.6926244722801678,1.3779926098024553,3,planar_frozen,0.21640930273864425,22.68888963490271,2.2226669313831082,validation,132.50867342948914
300m_cross_10_e0003,3.5600120300500286,300m_cross_10,2.9289870997881886,1.7071244187434405,1.3779926098024553,3,planar_frozen,0.21640930273864425,24.0108575502104,2.5309972820313726,validation,132.75867342948914
300m_cross_10_e0003,3.7745539667841563,300m_cross_10,2.9289870997881886,1.7359790548921445,1.3779926098024553,3,planar_frozen,0.21640930273864425,25.390174151603702,2.865957604757519,validation,133.00867342948914
300m_cross_10_e0003,4.002801523449611,300m_cross_10,2.9289870997881886,1.7787178477551049,1.3779926098024553,3,planar_frozen,0.21640930273864425,26.817992138144916,3.222055073375918,validation,133.25867342948914
300m_cross_10_e0003,4.243031876058931,300m_cross_10,2.9289870997881886,1.8345885759621978,1.3779926098024553,3,planar_frozen,0.21640930273864425,28.2869679696324,3.5956010403336256,validation,133.50867342948914
300m_cross_10_e0003,4.480971959274926,300m_cross_10,2.9289870997878156,1.9198742831687987,1.3779926098024553,3,planar_frozen,0.21640930273864425,29.693744723733523,3.9397702340187544,validation,133.75867342948914
300m_cross_10_e0003,4.72092801410421,300m_cross_10,2.9289870997884377,2.0606085380338492,1.3779926098024553,3,planar_frozen,0.21640930273864425,31.010717428725954,4.246507064227121,validation,134.00867342948914
300m_cross_10_e0003,4.986068093054687,300m_cross_10,3.108977178311068,2.2361540532799116,1.3779926098024553,3,planar_frozen,0.21640930273864425,32.36723396819471,4.575660462141317,validation,134.25867342948914
300m_cross_10_e0003,5.26277930215001,300m_cross_10,3.108977178311068,2.4396890009392562,1.3779926098024553,3,planar_frozen,0.21640930273864425,33.75852771731851,4.924344720290454,validation,134.50867342948914
300m_cross_10_e0003,5.517287786605274,300m_cross_10,3.108977178311068,2.614735585004709,1.3779926098024553,3,planar_frozen,0.21640930273864425,35.077184535250346,5.2458144268251,validation,134.75867342948914
300m_cross_10_e0003,5.728430971019347,300m_cross_10,3.108977178310833,2.732474878664965,1.3779926098024553,3,planar_frozen,0.21640930273864425,36.25876696107445,5.514506979883021,validation,135.00867342948914
300m_cross_10_e0003,6.021795215356813,300m_cross_10,5.347801736397032,2.879694527995527,1.3779926098024553,3,planar_frozen,0.21640930273864425,37.47849558877067,5.80626572577804,validation,135.25867342948914
300m_cross_10_e0003,6.2674009799385955,300m_cross_10,5.347801736396486,3.0526859945916374,1.3779926098024553,3,planar_frozen,0.21640930273864425,38.73276681441699,6.11883982487035,validation,135.50867342948914
300m_cross_10_e0003,6.489485058232142,300m_cross_10,5.347801736397032,3.1975659634221416,1.3779926098024553,3,planar_frozen,0.21640930273864425,39.90158600123743,6.403384008210276,validation,135.75867342948914
300m_cross_10_e0003,6.6576841464859635,300m_cross_10,5.347801736396895,3.2746788713623918,1.3779926098024553,3,planar_frozen,0.21640930273864425,40.88878666768675,6.622257603020995,validation,136.00867342948914
300m_cross_10_e0003,6.976746644009819,300m_cross_10,9.991311214029578,3.380466489440504,1.3779926098024553,3,planar_frozen,0.21640930273864425,41.915657601909516,6.864463429927372,validation,136.25867342948914
300m_cross_10_e0003,7.180010088895496,300m_cross_10,9.991311214028405,3.5128472434768545,1.3779926098024553,3,planar_frozen,0.21640930273864425,42.979355469212166,7.128297130644004,validation,136.50867342948914
300m_cross_10_e0003,7.3496876083819265,300m_cross_10,9.991311214028332,3.6077588073568667,1.3779926098024553,3,planar_frozen,0.21640930273864425,43.91334464180244,7.351504201981016,validation,136.75867342948914
300m_cross_10_e0003,7.467874803240674,300m_cross_10,9.991311214030276,3.641952455641042,1.3779926098024553,3,planar_frozen,0.21640930273864425,44.65904486923378,7.512600648751848,validation,137.00867342948914
300m_cross_10_e0003,12.34413369624071,300m_cross_10,175.91421702099916,3.702173650350017,1.3779926098024553,3,planar_frozen,0.21640930273864425,45.446396235556286,7.696578514604075,validation,137.25867342948914
300m_cross_10_e0003,12.49643924258841,300m_cross_10,175.91421702099916,3.7876355777528365,1.3779926098024553,3,planar_frozen,0.21640930273864425,46.273272675817566,7.902231480540562,validation,137.50867342948914
300m_cross_10_e0003,12.61558269262678,300m_cross_10,175.91421702099916,3.840562004746648,1.3779926098024553,3,planar_frozen,0.21640930273864425,46.95779131112302,8.067478701423337,validation,137.75867342948914
300m_cross_10_e0003,12.678626699452614,300m_cross_10,175.91421702099916,3.8338408330120974,1.3779926098024553,3,planar_frozen,0.21640930273864425,47.417530659892826,8.164031014058526,validation,138.00867342948914
300m_cross_10_e0003,12.758570716910889,300m_cross_10,175.91421702099916,3.852030036873527,1.3779926098024553,3,planar_frozen,0.21640930273864425,47.9200321157047,8.282185033674907,validation,138.25867342948914
300m_cross_10_e0003,12.887224595730926,300m_cross_10,177.0363888327417,3.895224768223637,1.3779926098024553,3,planar_frozen,0.21640930273864425,48.4639655526027,8.42118623158888,validation,138.50867342948914
300m_cross_10_e0003,12.954559816491527,300m_cross_10,177.03638883274158,3.9165804511309763,1.3779926098024553,3,planar_frozen,0.21640930273864425,48.86435815993415,8.522073226880615,validation,138.75867342948914
300m_cross_10_e0003,12.963705384551828,300m_cross_10,177.03638883274158,3.886095357858512,1.3779926098024553,3,planar_frozen,0.21640930273864425,49.00628881565478,8.547644228109242,validation,139.00867342948914
300m_cross_10_e0003,12.989091005960264,300m_cross_10,177.03638883274158,3.880225609531354,1.3779926098024553,3,planar_frozen,0.21640930273864425,49.18993217591158,8.592533568901617,validation,139.25867342948914
300m_cross_10_e0003,13.036356593043386,300m_cross_10,177.2314105374176,3.8995339775178435,1.3779926098024553,3,planar_frozen,0.21640930273864425,49.41482318439028,8.65637514324193,validation,139.50867342948914
300m_cross_10_e0003,13.049368518651583,300m_cross_10,177.2314105374176,3.902297297424201,1.3779926098024553,3,planar_frozen,0.21640930273864425,49.48690777365197,8.680786943474791,validation,139.75867342948914
300m_cross_10_e0003,13.004078614506147,300m_cross_10,177.2314105374172,3.8605817014163075,1.3779926098024553,3,planar_frozen,0.21640930273864425,49.280725083354326,8.626954761242981,validation,140.00867342948914
300m_cross_10_e0003,12.97373793595936,300m_cross_10,177.2314105374172,3.8430776112227316,1.3779926098024553,3,planar_frozen,0.21640930273864425,49.11202450756524,8.588775140059555,validation,140.25867342948914
