condition_id,path_type,path_order,node_id,frame_index,bag_time,center_x_m,center_y_m,center_z_m,range_m,raw_support,voxels,extent_m,intensity,measured_doppler_mps,node_score,base_component,compactness_component,support_component,silver_frame,silver_distance_m,silver_match,speed_mps,acceleration_mps2,curvature_deg,geometric_range_rate_mps,doppler_range_rate_residual_mps,legacy_valid,legacy_static_count_prior,legacy_background_probability_prior,cell_revisit_frames_prior,cell_revisit_fraction_prior,neighborhood_revisit_frames_prior,neighborhood_revisit_fraction_prior,legacy_static_or_initialization
100m_cross_5,top_clutter_full,0,59,0,1770275541.323714,437.3426513671875,-18.671003341674805,-38.71803665161133,439.44998285677707,1,1,0.0,13.0,-0.05000000074505806,0.8773705614469084,0.5,0.3,0.07737056144690832,False,nan,False,nan,nan,nan,nan,nan,True,0,0.0,0,0.0,0,0.0,True
100m_cross_5,top_clutter_full,1,132,1,1770275542.3177536,444.9043884277344,-20.16414713859558,-39.690165996551514,447.12617564722945,8,1,0.0,15.25,-0.16374999890103936,1.0,0.5,0.3,0.2,False,nan,False,7.815391588788391,nan,nan,7.72222081329775,7.558470814396711,True,0,0.0,0,0.0,0,0.0,True
100m_cross_5,top_clutter_full,2,191,2,1770275543.33146,444.9187970842634,-20.17239080156599,-39.79235185895647,447.1499665839483,7,1,0.0,15.571428571428571,-0.13285714308066027,1.0,0.5,0.3,0.2,False,nan,False,0.1021256654751045,7.7579525261283235,74.08041963402289,0.02346925662741211,0.10938788645324815,True,1,0.3333333333333333,1,0.5,1,0.5,True
100m_cross_5,top_clutter_full,3,248,3,1770275544.308834,444.9128824869792,-20.248511420355904,-39.70711474948459,447.13994473692634,9,1,0.0,12.88888888888889,-0.1888888900478681,1.0,0.5,0.3,0.2,False,nan,False,0.11708112656847607,0.20246007852930514,133.5871036437539,-0.01025384984051235,0.19914273988838044,True,2,0.5,2,0.6666666666666666,2,0.6666666666666666,True
100m_cross_5,top_clutter_full,4,314,4,1770275545.3241606,444.8862609863281,-20.380467414855957,-39.43070983886719,447.0949893980475,2,1,0.0,19.0,-0.13500000163912773,0.9226294385530918,0.5,0.3,0.12262943855309168,False,nan,False,0.30280140704159497,0.19397573958325653,16.329978274357703,-0.04427673155534125,0.179276733194469,True,3,0.6,3,0.75,3,0.75,True
100m_cross_5,top_clutter_full,5,381,5,1770275546.3215003,444.9205017089844,-20.221799468994142,-39.65796890258789,447.14195566085857,5,1,0.0,11.0,-0.13599999994039536,1.0,0.5,0.3,0.2,False,nan,False,0.2800201103807711,0.5771351365775308,170.42259354404223,0.04709153923230397,0.08890846070809139,True,4,0.6666666666666666,4,0.8,4,0.8,True
100m_cross_5,top_clutter_full,6,451,6,1770275547.3336082,444.9541931152344,-20.41368039449056,-39.49652226765951,447.1699090830212,3,1,0.0,11.0,-0.17999999721844992,0.9547411228938167,0.5,0.3,0.15474112289381664,False,nan,False,0.2499917463647185,0.5187406455445472,159.0304657609467,0.027619015292589123,0.1523809819258608,True,5,0.7142857142857143,5,0.8333333333333334,5,0.8333333333333334,True
100m_cross_5,top_clutter_full,7,518,7,1770275548.3253937,444.9034824371338,-20.482985854148865,-39.68447756767273,447.13926147679024,16,1,0.0,17.375,-0.18375000124797225,1.0,0.5,0.3,0.2,False,nan,False,0.20835619383838141,0.37778292804802427,111.02068491553435,-0.030901445341761893,0.21465144658973415,True,6,0.75,6,0.8571428571428571,6,0.8571428571428571,True
100m_cross_5,top_clutter_full,8,577,8,1770275549.3225265,444.8991343180339,-20.359835147857666,-39.719588915506996,447.1324281997457,12,1,0.0,14.666666666666666,-0.17250000002483526,1.0,0.5,0.3,0.2,False,nan,False,0.12850043896149618,0.25318318233189097,93.71405855487947,-0.006852925903328591,0.17935292592816385,True,7,0.7777777777777778,7,0.875,7,0.875,True
100m_cross_5,top_clutter_full,9,634,9,1770275550.322443,440.7034454345703,-12.73878288269043,-36.30763244628906,442.3799809904246,2,1,0.0,11.5,0.14000000059604645,0.9226294385530918,0.5,0.3,0.12262943855309168,False,nan,False,9.345601406775025,9.2699097151019,45.65177708161607,-4.752843817515458,4.612843816919412,True,0,0.0,0,0.0,2,0.2222222222222222,False
100m_cross_5,top_clutter_full,10,691,10,1770275551.3177147,440.37709045410156,-12.731151580810547,-37.034576416015625,442.11494418047806,3,2,0.08681869506835938,15.666666666666666,-0.14666666835546494,0.9419969283879164,0.5,0.2872558054940996,0.15474112289381664,False,nan,False,0.8006630348315753,9.514847385123172,98.12807920071599,-0.2662959416438771,0.41296260999934203,True,2,0.18181818181818182,2,0.2,3,0.3,True
100m_cross_5,top_clutter_full,11,758,11,1770275552.3388069,444.93011474609375,-20.29340362548828,-39.546709060668945,447.14491100336625,2,1,0.0,13.0,-0.13499999791383743,0.9226294385530918,0.5,0.3,0.12262943855309168,True,344.5234868445765,False,8.988031294679876,8.919775928820536,87.78572119632702,4.926065382694335,4.791065384780498,True,9,0.75,9,0.8181818181818182,9,0.8181818181818182,True
100m_cross_5,top_clutter_full,12,818,12,1770275553.3252451,444.9111982073103,-20.324763706752233,-39.60588346208845,447.1327502149808,7,1,0.0,16.285714285714285,-0.19714285912258284,1.0,0.5,0.3,0.2,True,344.39436340497633,False,0.07054769560146462,8.921554101648958,62.01646374114884,-0.0123279770273227,0.20947083614990553,True,10,0.7692307692307693,10,0.8333333333333334,10,0.8333333333333334,True
100m_cross_5,top_clutter_full,13,885,13,1770275554.3309758,444.9215476296165,-20.11475406993519,-39.73959697376598,447.14541532264917,11,1,0.0,13.090909090909092,-0.12454545447094874,1.0,0.5,0.3,0.2,False,nan,False,0.24775975717535934,0.2541401190482689,86.26129055505653,0.012592942189104782,0.11195251228184395,True,11,0.7857142857142857,11,0.8461538461538461,11,0.8461538461538461,True
100m_cross_5,top_clutter_full,14,946,14,1770275555.3296804,444.9140563964844,-20.230112838745118,-39.56770401000976,447.12792156749305,5,1,0.0,16.4,-0.15,1.0,0.5,0.3,0.2,True,344.131505620183,False,0.2074182706772253,0.44462266463387823,156.36699682111148,-0.017516444699861296,0.1675164446998613,True,12,0.8,12,0.8571428571428571,12,0.8571428571428571,True
100m_cross_5,top_clutter_full,15,1011,15,1770275556.3181634,444.90827026367185,-20.02463493347168,-39.737596130371095,447.127981118887,5,1,0.0,11.2,-0.12199999988079072,1.0,0.5,0.3,0.2,True,344.02804750505646,False,0.26978669451846005,0.47517216534866547,163.12413693097656,6.024524130304328e-05,0.12193975463948767,True,13,0.8125,13,0.8666666666666667,13,0.8666666666666667,True
100m_cross_5,top_clutter_full,16,1069,16,1770275557.3242788,444.9150136311849,-20.181508382161457,-39.717264811197914,447.13993755769513,6,1,0.0,11.666666666666666,-0.07166666599611442,1.0,0.5,0.3,0.2,True,344.03254660959146,False,0.15736676681248463,0.41269286508381325,147.79552499126495,0.011883764400897197,0.05978290159521722,True,14,0.8235294117647058,14,0.875,14,0.875,True
100m_cross_5,top_clutter_full,17,1132,17,1770275558.3155587,444.92669677734375,-20.02532132466634,-39.7033576965332,447.14330545333377,3,1,0.0,12.666666666666666,-0.06333333191772302,0.9547411228938167,0.5,0.3,0.15474112289381664,True,344.05552835187143,False,0.15862284469496782,0.3139919606334423,165.8482217548479,0.0033975225775173916,0.05993580934020562,True,15,0.8333333333333334,15,0.8823529411764706,15,0.8823529411764706,True
100m_cross_5,top_clutter_full,18,1199,18,1770275559.3378131,444.8992919921875,-20.32449095589774,-39.675306592668804,447.1270455932948,7,1,0.0,12.571428571428571,-0.17428571624415262,1.0,0.5,0.3,0.2,True,344.230812281826,False,0.29516030748325073,0.449029222042228,169.54776634618048,-0.015905883088519316,0.19019159933267193,True,16,0.8421052631578947,16,0.8888888888888888,16,0.8888888888888888,True
100m_cross_5,top_clutter_full,19,1265,19,1770275560.328398,444.90301005045575,-20.277984778086346,-39.72740109761556,447.1332591259423,12,1,0.0,16.25,-0.15083333539466062,1.0,0.5,0.3,0.2,False,nan,False,0.07059668806332327,0.34800913142486195,137.1774713866457,0.006272590021495593,0.14456074537316502,True,17,0.85,17,0.8947368421052632,17,0.8947368421052632,True
100m_cross_5,top_clutter_full,20,1334,20,1770275561.3277552,444.90067400251115,-20.324444362095424,-39.64338084629604,447.1255868449502,7,1,0.0,15.0,-0.14857142844370433,1.0,0.5,0.3,0.2,True,344.8774327318991,False,0.09610005852566492,0.16650183929921186,167.0883040282134,-0.007677215725868151,0.1562486441695725,True,18,0.8571428571428571,18,0.9,18,0.9,True
100m_cross_5,top_clutter_full,21,1395,21,1770275562.3265066,444.90543365478516,-20.113611221313477,-39.63420391082764,447.1199753662988,4,1,0.0,13.5,-0.09249999932944775,0.9796488803407855,0.5,0.3,0.17964888034078544,True,345.9174002903208,False,0.21135032814649088,0.26859892229127874,116.46778798883227,-0.005618493892208879,0.09811849322165662,True,19,0.8636363636363636,19,0.9047619047619048,19,0.9047619047619048,True
100m_cross_5,top_clutter_full,22,1456,22,1770275563.3220086,444.9166310628255,-20.181135177612305,-39.60531361897787,447.1315999571145,6,1,0.0,10.833333333333334,-0.2083333320915699,1.0,0.5,0.3,0.2,True,346.7949924298644,False,0.07462912457298294,0.2805110698962465,152.55911618606063,0.011677114534248342,0.19665621755732154,True,20,0.8695652173913043,20,0.9090909090909091,20,0.9090909090909091,True
100m_cross_5,top_clutter_full,23,1530,23,1770275564.3188245,444.8992004394531,-20.470937728881836,-39.52153778076172,447.1200172120687,1,1,0.0,13.0,-0.15000000596046448,0.8773705614469084,0.5,0.3,0.07737056144690832,True,347.091166760661,False,0.3031369124517433,0.23227324674890723,13.881221859325484,-0.011619743239250226,0.1616197491997147,True,21,0.875,21,0.9130434782608695,21,0.9130434782608695,True
100m_cross_5,top_clutter_full,24,1591,24,1770275565.3278663,444.8672790527344,-20.514225006103516,-39.51870346069336,447.0899879471678,1,1,0.0,14.0,-0.1899999976158142,0.8773705614469084,0.5,0.3,0.07737056144690832,True,346.8877479472987,False,0.05337642622093591,0.2604237568588614,34.95588126055584,-0.02976017971880999,0.2197601773346242,True,22,0.88,22,0.9166666666666666,22,0.9166666666666666,True
100m_cross_5,top_clutter_full,25,1661,25,1770275566.328564,444.9117965698242,-20.248170375823975,-39.6347599029541,447.1324292903858,4,1,0.0,14.75,-0.12249999912455678,0.9796488803407855,0.5,0.3,0.17964888034078544,True,346.81736340908293,False,0.293454903804132,0.33782843411133096,147.01449454325038,0.04241175623557385,0.08008824288898293,True,23,0.8846153846153846,23,0.92,23,0.92,True
100m_cross_5,top_clutter_full,26,1727,26,1770275567.3306546,444.93871688842773,-20.204970121383667,-39.72126007080078,447.1649372497117,8,1,0.0,15.125,-0.12624999973922968,1.0,0.5,0.3,0.2,True,346.7746461629871,False,0.10015615899090212,0.2251004641862624,39.534754625805725,0.03244013697420176,0.09380986276502792,True,24,0.8888888888888888,24,0.9230769230769231,24,0.9230769230769231,True
100m_cross_5,top_clutter_full,27,1790,27,1770275568.3307827,444.92174072265624,-20.347291946411133,-39.68049926757813,447.15088021757856,10,1,0.0,15.4,-0.1379999987781048,1.0,0.5,0.3,0.2,True,346.4639565321724,False,0.1489947998191734,0.2287618585562638,132.64111178430494,-0.014055232630812235,0.15205523140891702,True,25,0.8928571428571429,25,0.9259259259259259,25,0.9259259259259259,True
100m_cross_5,top_clutter_full,28,1856,28,1770275569.3342097,444.91186862521704,-20.33272870381673,-39.637260860866974,447.1365598434977,9,1,0.0,13.222222222222221,-0.13111111231976086,1.0,0.5,0.3,0.2,True,345.87489962030156,False,0.046521466738614854,0.1567181673542595,91.17501349165948,-0.01427146536010081,0.14538257767986168,True,26,0.896551724137931,26,0.9285714285714286,26,0.9285714285714286,True
100m_cross_5,top_clutter_full,29,1932,29,1770275570.3206878,444.90671997070314,-20.417435073852538,-39.48633041381836,447.1219424492986,6,2,0.39047279357910014,14.5,-0.1116666669646899,0.9467920496722384,0.5,0.2467920496722385,0.2,True,345.4829169460284,False,0.17552562212152462,0.14967682555644632,48.619808268881464,-0.01481775859294625,0.12648442555763614,True,27,0.9,27,0.9310344827586207,27,0.9310344827586207,True
100m_cross_5,top_clutter_full,30,2002,30,1770275571.3147042,444.88425699869794,-20.471479733784992,-39.819159189860024,447.13157912001884,6,1,0.0,13.0,-0.12833333512147269,1.0,0.5,0.3,0.2,True,345.3420894953868,False,0.3399697434451357,0.4939737692519766,141.10325238039883,0.009694679719315608,0.11863865540215708,True,28,0.9032258064516129,28,0.9333333333333333,28,0.9333333333333333,True
100m_cross_5,top_clutter_full,31,2069,31,1770275572.3259099,444.91485595703125,-20.28406677246094,-39.62158966064453,447.13593322761704,5,1,0.0,15.2,-0.11800000220537185,1.0,0.5,0.3,0.2,True,345.3754634805362,False,0.2709954885903888,0.5827542258735537,145.77895384761345,0.004305857565403241,0.1136941446399686,True,29,0.90625,29,0.9354838709677419,29,0.9354838709677419,True
100m_cross_5,top_clutter_label_span,0,758,11,1770275552.3388069,444.93011474609375,-20.29340362548828,-39.546709060668945,447.14491100336625,2,1,0.0,13.0,-0.13499999791383743,0.9226294385530918,0.5,0.3,0.12262943855309168,True,344.5234868445765,False,nan,nan,nan,nan,nan,True,9,0.75,9,0.8181818181818182,9,0.8181818181818182,True
100m_cross_5,top_clutter_label_span,1,818,12,1770275553.3252451,444.9111982073103,-20.324763706752233,-39.60588346208845,447.1327502149808,7,1,0.0,16.285714285714285,-0.19714285912258284,1.0,0.5,0.3,0.2,True,344.39436340497633,False,0.07054769560146462,nan,nan,-0.0123279770273227,0.20947083614990553,True,10,0.7692307692307693,10,0.8333333333333334,10,0.8333333333333334,True
100m_cross_5,top_clutter_label_span,2,885,13,1770275554.3309758,444.9215476296165,-20.11475406993519,-39.73959697376598,447.14541532264917,11,1,0.0,13.090909090909092,-0.12454545447094874,1.0,0.5,0.3,0.2,False,nan,False,0.24775975717535934,0.2541401190482689,86.26129055505653,0.012592942189104782,0.11195251228184395,True,11,0.7857142857142857,11,0.8461538461538461,11,0.8461538461538461,True
100m_cross_5,top_clutter_label_span,3,946,14,1770275555.3296804,444.9140563964844,-20.230112838745118,-39.56770401000976,447.12792156749305,5,1,0.0,16.4,-0.15,1.0,0.5,0.3,0.2,True,344.131505620183,False,0.2074182706772253,0.44462266463387823,156.36699682111148,-0.017516444699861296,0.1675164446998613,True,12,0.8,12,0.8571428571428571,12,0.8571428571428571,True
100m_cross_5,top_clutter_label_span,4,1011,15,1770275556.3181634,444.90827026367185,-20.02463493347168,-39.737596130371095,447.127981118887,5,1,0.0,11.2,-0.12199999988079072,1.0,0.5,0.3,0.2,True,344.02804750505646,False,0.26978669451846005,0.47517216534866547,163.12413693097656,6.024524130304328e-05,0.12193975463948767,True,13,0.8125,13,0.8666666666666667,13,0.8666666666666667,True
100m_cross_5,top_clutter_label_span,5,1069,16,1770275557.3242788,444.9150136311849,-20.181508382161457,-39.717264811197914,447.13993755769513,6,1,0.0,11.666666666666666,-0.07166666599611442,1.0,0.5,0.3,0.2,True,344.03254660959146,False,0.15736676681248463,0.41269286508381325,147.79552499126495,0.011883764400897197,0.05978290159521722,True,14,0.8235294117647058,14,0.875,14,0.875,True
100m_cross_5,top_clutter_label_span,6,1132,17,1770275558.3155587,444.92669677734375,-20.02532132466634,-39.7033576965332,447.14330545333377,3,1,0.0,12.666666666666666,-0.06333333191772302,0.9547411228938167,0.5,0.3,0.15474112289381664,True,344.05552835187143,False,0.15862284469496782,0.3139919606334423,165.8482217548479,0.0033975225775173916,0.05993580934020562,True,15,0.8333333333333334,15,0.8823529411764706,15,0.8823529411764706,True
100m_cross_5,top_clutter_label_span,7,1199,18,1770275559.3378131,444.8992919921875,-20.32449095589774,-39.675306592668804,447.1270455932948,7,1,0.0,12.571428571428571,-0.17428571624415262,1.0,0.5,0.3,0.2,True,344.230812281826,False,0.29516030748325073,0.449029222042228,169.54776634618048,-0.015905883088519316,0.19019159933267193,True,16,0.8421052631578947,16,0.8888888888888888,16,0.8888888888888888,True
100m_cross_5,top_clutter_label_span,8,1265,19,1770275560.328398,444.90301005045575,-20.277984778086346,-39.72740109761556,447.1332591259423,12,1,0.0,16.25,-0.15083333539466062,1.0,0.5,0.3,0.2,False,nan,False,0.07059668806332327,0.34800913142486195,137.1774713866457,0.006272590021495593,0.14456074537316502,True,17,0.85,17,0.8947368421052632,17,0.8947368421052632,True
100m_cross_5,top_clutter_label_span,9,1334,20,1770275561.3277552,444.90067400251115,-20.324444362095424,-39.64338084629604,447.1255868449502,7,1,0.0,15.0,-0.14857142844370433,1.0,0.5,0.3,0.2,True,344.8774327318991,False,0.09610005852566492,0.16650183929921186,167.0883040282134,-0.007677215725868151,0.1562486441695725,True,18,0.8571428571428571,18,0.9,18,0.9,True
100m_cross_5,top_clutter_label_span,10,1395,21,1770275562.3265066,444.90543365478516,-20.113611221313477,-39.63420391082764,447.1199753662988,4,1,0.0,13.5,-0.09249999932944775,0.9796488803407855,0.5,0.3,0.17964888034078544,True,345.9174002903208,False,0.21135032814649088,0.26859892229127874,116.46778798883227,-0.005618493892208879,0.09811849322165662,True,19,0.8636363636363636,19,0.9047619047619048,19,0.9047619047619048,True
100m_cross_5,top_clutter_label_span,11,1456,22,1770275563.3220086,444.9166310628255,-20.181135177612305,-39.60531361897787,447.1315999571145,6,1,0.0,10.833333333333334,-0.2083333320915699,1.0,0.5,0.3,0.2,True,346.7949924298644,False,0.07462912457298294,0.2805110698962465,152.55911618606063,0.011677114534248342,0.19665621755732154,True,20,0.8695652173913043,20,0.9090909090909091,20,0.9090909090909091,True
100m_cross_5,top_clutter_label_span,12,1530,23,1770275564.3188245,444.8992004394531,-20.470937728881836,-39.52153778076172,447.1200172120687,1,1,0.0,13.0,-0.15000000596046448,0.8773705614469084,0.5,0.3,0.07737056144690832,True,347.091166760661,False,0.3031369124517433,0.23227324674890723,13.881221859325484,-0.011619743239250226,0.1616197491997147,True,21,0.875,21,0.9130434782608695,21,0.9130434782608695,True
100m_cross_5,top_clutter_label_span,13,1591,24,1770275565.3278663,444.8672790527344,-20.514225006103516,-39.51870346069336,447.0899879471678,1,1,0.0,14.0,-0.1899999976158142,0.8773705614469084,0.5,0.3,0.07737056144690832,True,346.8877479472987,False,0.05337642622093591,0.2604237568588614,34.95588126055584,-0.02976017971880999,0.2197601773346242,True,22,0.88,22,0.9166666666666666,22,0.9166666666666666,True
100m_cross_5,top_clutter_label_span,14,1661,25,1770275566.328564,444.9117965698242,-20.248170375823975,-39.6347599029541,447.1324292903858,4,1,0.0,14.75,-0.12249999912455678,0.9796488803407855,0.5,0.3,0.17964888034078544,True,346.81736340908293,False,0.293454903804132,0.33782843411133096,147.01449454325038,0.04241175623557385,0.08008824288898293,True,23,0.8846153846153846,23,0.92,23,0.92,True
100m_cross_5,top_clutter_label_span,15,1727,26,1770275567.3306546,444.93871688842773,-20.204970121383667,-39.72126007080078,447.1649372497117,8,1,0.0,15.125,-0.12624999973922968,1.0,0.5,0.3,0.2,True,346.7746461629871,False,0.10015615899090212,0.2251004641862624,39.534754625805725,0.03244013697420176,0.09380986276502792,True,24,0.8888888888888888,24,0.9230769230769231,24,0.9230769230769231,True
100m_cross_5,top_clutter_label_span,16,1790,27,1770275568.3307827,444.92174072265624,-20.347291946411133,-39.68049926757813,447.15088021757856,10,1,0.0,15.4,-0.1379999987781048,1.0,0.5,0.3,0.2,True,346.4639565321724,False,0.1489947998191734,0.2287618585562638,132.64111178430494,-0.014055232630812235,0.15205523140891702,True,25,0.8928571428571429,25,0.9259259259259259,25,0.9259259259259259,True
100m_cross_5,top_clutter_label_span,17,1856,28,1770275569.3342097,444.91186862521704,-20.33272870381673,-39.637260860866974,447.1365598434977,9,1,0.0,13.222222222222221,-0.13111111231976086,1.0,0.5,0.3,0.2,True,345.87489962030156,False,0.046521466738614854,0.1567181673542595,91.17501349165948,-0.01427146536010081,0.14538257767986168,True,26,0.896551724137931,26,0.9285714285714286,26,0.9285714285714286,True
100m_cross_5,top_clutter_label_span,18,1932,29,1770275570.3206878,444.90671997070314,-20.417435073852538,-39.48633041381836,447.1219424492986,6,2,0.39047279357910014,14.5,-0.1116666669646899,0.9467920496722384,0.5,0.2467920496722385,0.2,True,345.4829169460284,False,0.17552562212152462,0.14967682555644632,48.619808268881464,-0.01481775859294625,0.12648442555763614,True,27,0.9,27,0.9310344827586207,27,0.9310344827586207,True
100m_cross_5,top_clutter_label_span,19,2002,30,1770275571.3147042,444.88425699869794,-20.471479733784992,-39.819159189860024,447.13157912001884,6,1,0.0,13.0,-0.12833333512147269,1.0,0.5,0.3,0.2,True,345.3420894953868,False,0.3399697434451357,0.4939737692519766,141.10325238039883,0.009694679719315608,0.11863865540215708,True,28,0.9032258064516129,28,0.9333333333333333,28,0.9333333333333333,True
100m_cross_5,top_clutter_label_span,20,2069,31,1770275572.3259099,444.91485595703125,-20.28406677246094,-39.62158966064453,447.13593322761704,5,1,0.0,15.2,-0.11800000220537185,1.0,0.5,0.3,0.2,True,345.3754634805362,False,0.2709954885903888,0.5827542258735537,145.77895384761345,0.004305857565403241,0.1136941446399686,True,29,0.90625,29,0.9354838709677419,29,0.9354838709677419,True
100m_cross_5,silver_feasible,0,698,11,1770275552.3388069,102.93209284002131,-17.404207229614258,2.1534572406248613,104.41532236125752,28,2,0.08342026219223442,42.17857142857143,-2.728214289460863,0.9877443302178,0.5,0.2877443302177999,0.2,True,0.02371334385813998,True,nan,nan,nan,nan,nan,True,0,0.0,0,0.0,0,0.0,False
100m_cross_5,silver_feasible,1,761,12,1770275553.3252451,103.07982359992133,-22.599796083238388,2.2489263150427075,105.55216002510487,37,2,0.14173867967393505,33.13513513513514,-2.037567544627834,0.9794750815124853,0.5,0.27947508151248524,0.2,True,0.005820553682446432,True,5.270036188569305,nan,nan,1.1524671065280685,0.8851004380997656,True,0,0.0,0,0.0,0,0.0,False
100m_cross_5,silver_feasible,2,821,13,1770275554.3309758,103.27708478655134,-24.921275983537946,2.2866206850324358,106.26596290823039,41,2,0.1469788051786871,42.34146341463415,-0.7653658491809193,0.9787437976842956,0.5,0.2787437976842957,0.2,False,nan,False,2.3168734472012043,2.9713586274006967,3.230128714447388,0.7097356514422541,0.05563019773866518,True,0,0.0,0,0.0,0,0.0,False
100m_cross_5,silver_feasible,3,886,14,1770275555.3296804,103.36621756302684,-24.745448212874564,2.286116543569063,106.31151616543636,39,2,0.27167405580219395,37.76923076923077,0.00717948639813142,0.9618954679229459,0.5,0.26189546792294593,0.2,True,0.007297051713372048,True,0.19738586725626606,2.4813936346323135,148.25328072584023,0.04561234015371086,0.05279182655184228,True,0,0.0,0,0.0,1,0.07142857142857142,False
100m_cross_5,silver_feasible,4,948,15,1770275556.3181634,103.4979493882921,-24.50911013285319,2.2619005892011854,106.38438889875351,46,2,0.6850450303819429,40.43478260869565,-0.022391306965247444,0.9129931401804514,0.5,0.21299314018045146,0.2,True,0.01563611659653274,True,0.2748181339026402,0.08106002825911453,5.453446436036519,0.0737217907107229,0.05133048374547546,True,0,0.0,1,0.06666666666666667,2,0.13333333333333333,False
100m_cross_5,silver_feasible,5,1015,16,1770275557.3242788,103.48502826690674,-24.412462035814922,2.30721914768219,106.35056482336152,48,1,0.0,37.479166666666664,0.18645833599536368,1.0,0.5,0.3,0.2,True,0.0,True,0.10687123188717097,0.21655193774196274,46.673844408392085,-0.033618483687956634,0.15283985230740704,True,0,0.0,2,0.125,3,0.1875,False
100m_cross_5,silver_feasible,6,1072,17,1770275558.3155587,103.45730152130128,-22.52177791595459,2.327897310256958,105.90591496442552,40,1,0.0,38.0,1.7287499964237214,1.0,0.5,0.3,0.2,True,0.0,True,1.9076353605884282,1.8138424589911353,25.167943053482546,-0.44856138577928345,1.280188610644438,True,0,0.0,1,0.058823529411764705,1,0.058823529411764705,False
100m_cross_5,silver_feasible,7,1135,18,1770275559.3378131,103.24811866066672,-16.311668569391426,2.196224808692932,104.55174767499159,22,1,0.0,35.54545454545455,2.4818181666460903,1.0,0.5,0.3,0.2,True,0.0,True,6.079725357460752,4.145969286016733,2.1385503713553917,-1.324687084414594,1.1571310822314964,True,0,0.0,0,0.0,1,0.05555555555555555,False
100m_cross_5,silver_feasible,8,1200,19,1770275560.328398,103.27976274490356,-16.056836128234863,2.2046927511692047,104.54373271133768,19,2,0.15508556365966797,35.473684210526315,2.549999977412977,0.9776162301346123,0.5,0.2776162301346123,0.2,False,nan,False,0.25937124511684256,5.786938661574135,9.525953225013884,-0.008091142976179766,2.5419088344367973,True,0,0.0,1,0.05263157894736842,2,0.10526315789473684,False
100m_cross_5,silver_feasible,9,1267,20,1770275561.3277552,102.81324139763328,-7.15500742594401,1.9506672480527092,103.08036593195598,57,7,1.583038330078125,42.87719298245614,2.067017540597079,0.8359467560730331,0.5,0.13594675607303322,0.2,True,0.14606205305201955,True,8.923399423449707,8.712464165113927,10.674337834899825,-1.4643080021385078,0.6027095384585712,True,0,0.0,0,0.0,0,0.0,False
100m_cross_5,silver_feasible,10,1335,21,1770275562.3265066,102.20551182673528,2.2122611632713904,1.8045077599011934,102.24537640145391,13,1,0.0,43.53846153846154,0.6353846146510198,1.0,0.5,0.3,0.2,True,0.0,True,9.399836460277049,0.5044037275044728,1.027026421699282,-0.8360334002160763,0.2006487855650565,True,1,0.045454545454545456,1,0.047619047619047616,2,0.09523809523809523,False
100m_cross_5,silver_feasible,11,1397,22,1770275563.3220086,101.74765756395128,8.260831117630005,1.7482419974274106,102.097421615762,47,3,0.4669267866346587,38.95744680851064,-0.08085106566865394,0.9375359739669431,0.5,0.23753597396694306,0.2,True,0.07524691621350521,True,6.093543874071713,3.3171702755147625,0.7144251536895676,-0.14862329399854912,0.22947435966720306,True,0,0.0,0,0.0,7,0.3181818181818182,False
100m_cross_5,silver_feasible,12,1457,23,1770275564.3188245,101.60882625579833,9.649842667579652,1.746308496594429,102.08096115317161,41,2,0.8294912338256779,44.0,-0.12658536525034322,0.8981524844414608,0.5,0.19815248444146089,0.2,True,0.020650576732028247,True,1.4003926845935042,4.71183262626716,1.451115275864424,-0.016513041437413722,0.14309840668775695,True,0,0.0,0,0.0,7,0.30434782608695654,False
100m_cross_5,silver_feasible,13,1531,24,1770275565.3278663,101.73790804545085,9.301435205671522,1.7653229203489091,102.17746813932624,36,1,0.0,44.611111111111114,-0.2808333316610919,1.0,0.5,0.3,0.2,True,0.0,True,0.3687031132462148,1.7541302125016016,165.10977312376932,0.0956422097430191,0.18519112191807283,True,1,0.04,1,0.041666666666666664,8,0.3333333333333333,False
100m_cross_5,silver_feasible,14,1594,25,1770275566.328564,101.83024968856421,9.34359694749881,1.737807762928498,102.27278490084025,41,2,0.2970810914650883,44.34146341463415,-0.2795121953254793,0.9585895172371872,0.5,0.25858951723718715,0.2,True,0.015604103736293989,True,0.10510117990633248,0.38990572883707686,94.82764523574521,0.0952503136795628,0.18426188164591648,True,2,0.07692307692307693,2,0.08,9,0.36,True
100m_cross_5,silver_feasible,15,1665,26,1770275567.3306546,101.90255716111925,9.142593251334297,1.7223023374875386,102.32636264754179,36,1,0.0,41.611111111111114,0.12666666792291734,1.0,0.5,0.3,0.2,True,0.0,True,0.21372896166046465,0.24350632773892436,93.48947984262065,0.053465965806740734,0.18013263372965807,True,5,0.18518518518518517,5,0.19230769230769232,10,0.38461538461538464,True
100m_cross_5,silver_feasible,16,1730,27,1770275568.3307827,101.93479784797219,6.291402353959925,1.7678413706667282,102.14406502092136,55,2,0.11211166595545308,34.58181818181818,0.310727267509157,0.983645903529589,0.5,0.28364590352958896,0.2,True,0.04416754426613861,True,2.851371740557858,2.6483062587805177,19.783249621390063,-0.1822742899014659,0.12845297760769112,True,0,0.0,0,0.0,2,0.07407407407407407,False
100m_cross_5,silver_feasible,17,1792,28,1770275569.3342097,102.21644829644097,1.3974933226903279,1.8005542808108859,102.24185681825277,45,1,0.0,40.977777777777774,-0.3833333325882753,1.0,0.5,0.3,0.2,True,0.0,True,4.885373830609439,2.037961723472121,2.6988503086949205,0.09745780663531992,0.2858755259529554,True,0,0.0,0,0.0,2,0.07142857142857142,False
100m_cross_5,silver_feasible,18,1858,29,1770275570.3206878,102.33126539342544,-3.2687083272372974,1.822566856356228,102.39967812983646,34,1,0.0,43.64705882352941,-0.53411763818825,1.0,0.5,0.3,0.2,True,0.0,True,4.73164684460004,0.22184129063107055,1.8875701415833914,0.15998460902247963,0.37413302916577035,True,1,0.03333333333333333,1,0.034482758620689655,2,0.06896551724137931,False
100m_cross_5,silver_feasible,19,1936,30,1770275571.3147042,102.39784798255333,-5.273450952309829,1.813019919853944,102.54957629183217,52,1,0.0,40.05769230769231,-0.03365384733590942,1.0,0.5,0.3,0.2,True,0.0,True,2.0179452875483013,2.7407191317705397,0.7331409634359117,0.150800490465272,0.11714664312936257,True,0,0.0,0,0.0,1,0.03333333333333333,False
100m_cross_5,silver_feasible,20,2006,31,1770275572.3259099,102.39167234632704,-4.727211488617791,1.852061218685574,102.5174679022725,36,1,0.0,38.361111111111114,-0.04111111252051261,1.0,0.5,0.3,0.2,True,0.0,True,0.5415987249311963,2.5518324953245544,175.98421786010314,-0.03175258051855525,0.07286369303906787,True,0,0.0,0,0.0,4,0.12903225806451613,False
100m_cross_10,top_clutter_full,0,11,0,1770275309.3347964,198.65883827209473,-45.434757232666016,-10.055739045143127,204.03619550499758,10,2,0.1267261505126953,28.5,-0.01399999987334013,0.9815807885280137,0.5,0.2815807885280137,0.2,False,nan,False,nan,nan,nan,nan,nan,True,0,0.0,0,0.0,0,0.0,True
100m_cross_10,top_clutter_full,1,67,1,1770275310.3365185,198.6438865661621,-45.559712409973145,-10.064941167831421,204.04995492697773,7,2,0.08268268903096576,30.0,-0.06285714038780757,0.9878504660349674,0.5,0.2878504660349675,0.2,False,nan,False,0.1259655971705172,nan,nan,0.013735767650439663,0.049121372737367906,True,1,0.5,1,1.0,1,1.0,True
100m_cross_10,top_clutter_full,2,125,2,1770275311.3306572,198.66363271077475,-45.69036420186361,-9.961383501688639,204.09330587750364,11,2,0.13327191670735772,35.0,-0.0045454544438557195,0.9806607139942038,0.5,0.2806607139942038,0.2,False,nan,False,0.16887068261891292,0.1190071443730264,44.622606058633366,0.04360654077362671,0.03906108632977099,True,2,0.6666666666666666,2,1.0,2,1.0,True
100m_cross_10,top_clutter_full,3,183,3,1770275312.3226254,198.63770294189453,-45.580833435058594,-10.056330839792887,204.04822762431988,11,2,0.07821709314982073,29.818181818181817,-0.07363636351444504,0.9884938960199836,0.5,0.2884938960199837,0.2,False,nan,False,0.14844834558556316,0.3193245134743198,175.79512996142617,-0.045443246298543,0.11907960981298804,True,3,0.75,3,1.0,3,1.0,True
100m_cross_10,top_clutter_full,4,234,4,1770275313.3230386,198.65245310465494,-45.55618858337402,-10.047125180562338,204.05662980441227,8,2,0.3504142761230469,32.875,-0.07875000010244548,0.9517849465830686,0.5,0.25178494658306855,0.2,False,nan,False,0.03014844807455018,0.14209686588433232,71.0425898904954,0.00839870991848465,0.07035129018396083,True,4,0.8,4,1.0,4,1.0,True
100m_cross_10,top_clutter_full,5,292,5,1770275314.3304663,198.6200154622396,-45.55244000752767,-10.062071482340494,204.0249509628061,8,2,0.11624399820963305,32.75,-0.05500000040046871,0.9830604490030617,0.5,0.2830604490030616,0.2,False,nan,False,0.03564684552983319,0.05651301191246745,118.91279878204418,-0.03144527576990851,0.08644527617037721,True,5,0.8333333333333334,5,1.0,5,1.0,True
100m_cross_10,top_clutter_full,6,354,6,1770275315.327158,198.67438507080078,-45.70660591125488,-9.945322513580322,204.10662543652697,9,2,0.2790406545003279,31.555555555555557,-0.14111111188928285,0.9609326028651166,0.5,0.26093260286511655,0.2,False,nan,False,0.20154859325437272,0.2232189841786717,124.50424299792104,0.08194557395208937,0.05916553793719348,True,6,0.8571428571428571,6,1.0,6,1.0,True
100m_cross_10,top_clutter_full,7,406,7,1770275316.3272212,198.63673146565756,-45.57052040100098,-10.089475154876709,204.04661459058485,8,2,0.15685081481933594,36.0,0.0037500010803341866,0.9773713070521073,0.5,0.2773713070521074,0.2,False,nan,False,0.20177189963111103,0.40228257105061144,169.50406740713154,-0.06000705464099003,0.05625705356065584,True,7,0.875,7,1.0,7,1.0,True
100m_cross_10,top_clutter_full,8,459,8,1770275317.3291566,198.6391632080078,-45.580561828613284,-10.06370735168457,204.04995217409373,6,2,0.2744552612304716,31.5,-0.03333333351959785,0.9615315284806678,0.5,0.26153152848066785,0.2,False,nan,False,0.027708275257268995,0.22737795570047992,157.42125316174184,0.003331136154729676,0.030002197364868175,True,8,0.8888888888888888,8,1.0,8,1.0,True
100m_cross_10,top_clutter_full,9,516,9,1770275318.3198152,198.64040047781808,-45.567183358328684,-10.071168082101005,204.0485366958985,9,2,0.15331949506487064,33.666666666666664,-0.03777777569161521,0.9778614830547694,0.5,0.2778614830547693,0.2,False,nan,False,0.015512958804941052,0.040899389801876414,139.32507520775414,-0.0014288255380679633,0.03920660122968317,True,9,0.9,9,1.0,9,1.0,True
100m_cross_10,top_clutter_full,10,578,10,1770275319.3352602,198.6409386528863,-45.49461110432943,-10.077525562710232,204.0331803160971,15,2,0.1139770613776303,28.266666666666666,-0.017333333070079487,0.9833814709815931,0.5,0.28338147098159305,0.2,False,nan,False,0.0717440869146684,0.05780576730121866,24.473511262468843,-0.015122808121121165,0.03245614119120065,True,10,0.9090909090909091,10,1.0,10,1.0,True
100m_cross_10,top_clutter_full,11,641,11,1770275320.333125,198.65071296691895,-45.51406955718994,-10.060306668281555,204.04618609565287,9,2,0.4002218246459961,29.555555555555557,-0.08333333374725448,0.9455919852351664,0.5,0.24559198523516634,0.2,False,nan,False,0.027820141437846817,0.09379055609357392,138.57022326420193,0.01303360680649085,0.07029972694076363,True,11,0.9166666666666666,11,1.0,11,1.0,True
100m_cross_10,top_clutter_full,12,698,12,1770275321.3312345,198.65042114257812,-45.604479471842446,-10.037062803904215,204.0649430885934,6,1,0.0,31.333333333333332,-0.043333332054317,1.0,0.5,0.3,0.2,False,nan,False,0.09352732407597869,0.07219159830414718,33.67502793726837,0.018792523199889114,0.024540808854427883,True,12,0.9230769230769231,12,1.0,12,1.0,True
100m_cross_10,top_clutter_full,13,760,13,1770275322.3276477,198.61265563964844,-45.566779545375276,-10.06975255693708,204.02136725090426,9,2,0.1835828508649584,30.666666666666668,-0.028888889484935336,0.9736886233970152,0.5,0.27368862339701533,0.2,False,nan,False,0.06280431555026074,0.1454915446834947,135.368706197543,-0.04373269677475935,0.07262158625969468,True,13,0.9285714285714286,13,1.0,13,1.0,True
100m_cross_10,top_clutter_full,14,822,14,1770275323.3371584,198.64769490559897,-45.485804875691734,-10.08671760559082,204.0382488862134,8,2,0.14381980895996094,29.125,-0.10500000137835741,0.9791844208758775,0.5,0.27918442087587764,0.2,False,nan,False,0.0890004095064013,0.08532826788965665,66.0317080644458,0.01672259083573085,0.08827741054262656,True,14,0.9333333333333333,14,1.0,14,1.0,True
100m_cross_10,top_clutter_full,15,873,15,1770275324.312367,198.6668243408203,-45.699218114217125,-10.061126232147217,204.1032873105584,9,2,0.07318766911824603,32.44444444444444,-0.026666667726304796,0.9892202880373586,0.5,0.28922028803735855,0.2,False,nan,False,0.22127751134100912,0.30483856593658964,151.5387512087017,0.06669181303468162,0.04002514530837682,True,15,0.9375,15,1.0,15,1.0,True
100m_cross_10,top_clutter_full,16,934,16,1770275325.3341484,198.64463500976564,-45.59427032470703,-10.056022262573242,204.05796257032176,9,3,0.42175140380859233,30.22222222222222,0.010000000190403726,0.9429624179534533,0.5,0.24296241795345316,0.2,False,nan,False,0.10510003991368125,0.3253798935558305,168.2862215305112,-0.044358547004740206,0.03435854681433648,True,16,0.9411764705882353,16,1.0,16,1.0,True
100m_cross_10,top_clutter_full,17,990,17,1770275326.338775,198.65,-45.511558532714844,-10.040354919433593,204.043949155531,9,2,0.10962486267089844,32.22222222222222,0.046666665830545954,0.9839988086678098,0.5,0.28399880866780974,0.2,False,nan,False,0.08396489507972912,0.03503045889140534,17.458814962704906,-0.013948880122124006,0.032717785708421945,True,17,0.9444444444444444,17,1.0,17,1.0,True
100m_cross_10,top_clutter_full,18,1054,18,1770275327.3188448,198.6263224283854,-45.76212501525879,-9.96614376703898,204.07330072530897,11,2,0.22492408752441406,26.90909090909091,0.024545455182140522,0.9680893796036842,0.5,0.2680893796036842,0.2,True,92.07266775327943,False,0.26773158825859694,0.3472208372183826,152.81607841674557,0.029948446029402092,0.054493901211542614,True,18,0.9473684210526315,18,1.0,18,1.0,True
100m_cross_10,top_clutter_full,19,1119,19,1770275328.3327084,198.63318481445313,-45.596028900146486,-10.071367263793945,204.04796592849902,8,2,0.09850374857584576,29.375,0.04125000163912773,0.9855823989866352,0.5,0.2855823989866353,0.2,True,89.35919024349361,False,0.19405070219049075,0.45871810133911733,163.86053700802609,-0.024988368969040105,0.016261632670087626,True,19,0.95,19,1.0,19,1.0,True
100m_cross_10,top_clutter_full,20,1185,20,1770275329.3416195,198.64824422200522,-45.48210652669271,-10.060188293457031,204.03664948996456,5,2,0.37022844950357836,31.2,-0.0760000005364418,0.9493028069779648,0.5,0.24930280697796486,0.2,True,87.97233384637187,False,0.11443613342590994,0.12448792514023552,38.20629625860819,-0.011216486929744003,0.08721648746618581,True,20,0.9523809523809523,20,1.0,20,1.0,True
100m_cross_10,top_clutter_full,21,1249,21,1770275330.3456955,198.62977345784506,-45.554653803507485,-10.0625688234965,204.03496925380188,8,2,0.1029561360677107,34.375,-0.05999999982304871,0.9849473443756387,0.5,0.2849473443756388,0.2,True,87.45941652363042,False,0.07459550399910922,0.1874065892407633,172.29542534469465,-0.0016734153151189454,0.06167341513816765,True,21,0.9545454545454546,21,1.0,21,1.0,True
100m_cross_10,top_clutter_full,22,1315,22,1770275331.3233402,198.73060607910156,-45.51007652282715,-9.94482135772705,204.11741799640157,6,2,0.1278209686279297,23.0,-0.01666666567325592,0.9814266908350069,0.5,0.281426690835007,0.2,True,87.6265995892089,False,0.1649919412664876,0.2110738450994042,116.42557918364274,0.08433405727414635,0.06766739160089043,True,22,0.9565217391304348,22,1.0,22,1.0,True
100m_cross_10,top_clutter_full,23,1378,23,1770275332.31876,198.6810760498047,-45.66865539550781,-9.970222473144531,204.10585832382645,9,2,0.09356021881103516,33.55555555555556,0.06111111119389534,0.9862891646509189,0.5,0.2862891646509188,0.2,True,87.54959020558353,False,0.16883789024387924,0.298411714573803,123.73220275579017,-0.011612862496836723,0.049498248697058614,True,23,0.9583333333333334,23,1.0,23,1.0,True
100m_cross_10,top_clutter_full,24,1433,24,1770275333.3226686,198.70640563964844,-45.667036056518555,-9.963526725769043,204.12982557488013,7,2,0.21063804626464844,27.0,-0.12714285669582231,0.9700112032143087,0.5,0.27001120321430877,0.2,True,87.64097869593934,False,0.02614743568091096,0.1804910338832125,112.40428121271562,0.023873936569053157,0.10326892012676916,True,24,0.96,24,1.0,24,1.0,True
100m_cross_10,top_clutter_full,25,1494,25,1770275334.3379436,198.63657836914064,-45.56328811645508,-10.071541786193848,204.04396448837662,7,2,0.13859138488769673,31.714285714285715,0.014285711837666375,0.9799152229688475,0.5,0.2799152229688476,0.2,True,88.10909736852705,False,0.16276131997274093,0.17645086494956297,122.39508455384507,-0.08456929046265367,0.0702835786249873,True,25,0.9615384615384616,25,1.0,25,1.0,True
100m_cross_10,top_clutter_full,26,1559,26,1770275335.3242373,198.6668212890625,-45.53636169433594,-10.041208648681641,204.06590109223063,8,2,0.2259419759114607,29.625,0.006250000791624188,0.9679529717855175,0.5,0.2679529717855175,0.2,True,89.71258798760384,False,0.05129721687184364,0.18507069866662806,108.08002022755835,0.022241449774733545,0.028491450566357733,True,26,0.9629629629629629,26,1.0,26,1.0,True
100m_cross_10,top_clutter_full,27,1618,27,1770275336.3327715,198.6843231201172,-45.614707946777344,-9.950466918945313,204.09599120677004,9,2,0.16337966918945312,33.0,-0.11333333411150509,0.9764673249117206,0.5,0.2764673249117207,0.2,False,nan,False,0.12012969446887115,0.12158136923789271,78.97527368250135,0.02983549268541579,0.0834978414260893,True,27,0.9642857142857143,27,1.0,27,1.0,True
100m_cross_10,top_clutter_full,28,1677,28,1770275337.336372,198.63741149902344,-45.72480239868164,-10.031752967834473,204.07894273794764,10,2,0.1743621826171875,30.1,-0.09199999868869782,0.9749533325224664,0.5,0.2749533325224665,0.2,True,92.76248436008852,False,0.14414928750142764,0.18425637689050384,88.59940369195807,-0.016987308414288235,0.10898730710298606,True,28,0.9655172413793104,28,1.0,28,1.0,True
100m_cross_10,top_clutter_full,29,1731,29,1770275338.325019,198.66756286621094,-45.55763397216797,-10.053191947937012,204.07196087822544,8,2,0.10442428588867259,34.0,0.01999999862164259,0.984738248434756,0.5,0.28473824843475604,0.2,False,nan,False,0.17317947810511988,0.29645623312138986,136.8681251948433,-0.007062035119194604,0.012937963502447986,True,29,0.9666666666666667,29,1.0,29,1.0,True
100m_cross_10,top_clutter_full,30,1794,30,1770275339.3381367,198.68994140625,-45.69565963745117,-9.95872097015381,204.11997023584493,6,2,0.2704124450683594,28.666666666666668,-0.1316666677594185,0.9620607251067623,0.5,0.2620607251067624,0.2,False,nan,False,0.16656528771786325,0.3260627496590826,147.70962359867443,0.04738773524938668,0.08427893251003181,True,30,0.967741935483871,30,1.0,30,1.0,True
100m_cross_10,top_clutter_full,31,1857,31,1770275340.3380077,198.6373545328776,-45.68115743001302,-10.099466641743978,204.07245278678218,6,2,0.1452891031901089,31.666666666666668,-0.033333332588275276,0.978979394166869,0.5,0.2789793941668689,0.2,True,105.21728996289401,False,0.15096660661063385,0.28634553784658073,130.29884531006775,-0.04752357886549584,0.08085691145377111,True,31,0.96875,31,1.0,31,1.0,True
100m_cross_10,top_clutter_full,32,1915,32,1770275341.3413877,198.65289306640625,-45.6287727355957,-9.98076057434082,204.0700183923449,1,1,0.0,38.0,0.14000000059604645,0.8773705614469084,0.5,0.3,0.07737056144690832,False,nan,False,0.1302377616953852,0.27006744636070307,148.20146252498094,-0.0024261937563297463,0.1375738068397167,True,32,0.9696969696969697,32,1.0,32,1.0,True
100m_cross_10,top_clutter_full,33,1976,33,1770275342.326537,198.6606903076172,-45.7209218343099,-10.026152610778809,204.10045640089265,13,3,0.3923199971516951,29.46153846153846,-0.08923076995863365,0.946564217323695,0.5,0.24656421732369507,0.2,False,nan,False,0.10457087965417707,0.22108831497616319,138.57574652276932,0.030896853231135873,0.05833391672749777,True,33,0.9705882352941176,33,1.0,33,1.0,True
100m_cross_10,top_clutter_full,34,2033,34,1770275343.3252664,198.6760959625244,-45.525184631347656,-10.066573977470398,204.0736863347952,11,2,0.09495290120442945,28.09090909090909,0.010909091511910612,0.9860898791048249,0.5,0.28608987910482486,0.2,False,nan,False,0.2007151700916909,0.2920299951392803,141.14680447507993,-0.026804121607973852,0.015895030096063238,True,34,0.9714285714285714,34,1.0,34,1.0,True
100m_cross_10,top_clutter_full,35,2094,35,1770275344.329735,198.64611598423548,-45.604127066476,-10.051545415605817,204.06138626981738,7,1,0.0,30.285714285714285,0.038571426911013465,1.0,0.5,0.3,0.2,False,nan,False,0.08538884397047168,0.28329916032127805,163.92527526715392,-0.012245344458962429,0.026326082452051036,True,35,0.9722222222222222,35,1.0,35,1.0,True
100m_cross_10,top_clutter_full,36,2158,36,1770275345.3181677,198.63082885742188,-45.61323547363281,-9.979651927947998,204.04501188601128,3,2,0.13066864013671875,27.333333333333332,0.05666666974623998,0.9357673934781545,0.5,0.28102627058433793,0.15474112289381664,False,nan,False,0.07492977247228882,0.09174553581661744,69.18055110953524,-0.01656600869640444,0.04010066104983554,True,36,0.972972972972973,36,1.0,36,1.0,True
100m_cross_10,top_clutter_full,37,2216,37,1770275346.321245,198.6725354875837,-45.55618177141462,-10.035810334341866,204.0756221201402,11,2,0.09484686170305423,28.90909090909091,-0.07636363702741536,0.9861050479210092,0.5,0.2861050479210091,0.2,False,nan,False,0.08999119876241532,0.15619942801107525,140.98683339495307,0.03051632719344087,0.04584730983397449,True,37,0.9736842105263158,37,1.0,37,1.0,True
100m_cross_10,top_clutter_full,38,2286,38,1770275347.3327892,198.6544647216797,-45.801304499308266,-10.040585994720459,204.11312847245475,12,2,0.23775545756021899,29.416666666666668,-0.01916666670391957,0.9663749082224569,0.5,0.26637490822245685,0.2,False,nan,False,0.24302873758921106,0.3070842438080545,130.6997232581416,0.03707831184360142,0.01791164513968185,True,38,0.9743589743589743,38,1.0,38,1.0,True
100m_cross_10,top_clutter_full,39,2357,39,1770275348.3263726,198.66434224446616,-45.499813079833984,-10.067647933959961,204.0566377372919,4,2,0.08669090270996094,36.25,0.13000000268220901,0.966923040969714,0.5,0.2872741606289287,0.17964888034078544,False,nan,False,0.304820538817523,0.5455365713061828,173.33709968681677,-0.056855552180353874,0.07314445050185514,True,39,0.975,39,1.0,39,1.0,True
100m_cross_10,top_clutter_full,40,2414,40,1770275349.3333611,198.62449210030692,-45.671052660260884,-10.058982849121094,204.0556714457114,11,2,0.08686280250549316,30.545454545454547,-0.01727272705598311,0.9872494705052637,0.5,0.2872494705052638,0.2,False,nan,False,0.17480708004543208,0.4772823704485374,168.56906708387663,-0.0009595854929290594,0.01823231254891217,True,40,0.975609756097561,40,1.0,40,1.0,True
100m_cross_10,top_clutter_full,41,2476,41,1770275350.3318772,198.67126973470053,-45.71656926472982,-9.961761156717936,204.10662607734827,5,2,0.18499883015950758,30.4,-0.003999999910593033,0.9734949232620096,0.5,0.2734949232620096,0.2,False,nan,False,0.117272125595553,0.1751286825156939,70.81831678340363,0.05103035646240039,0.04703035655180735,True,41,0.9761904761904762,41,1.0,41,1.0,True
100m_cross_10,top_clutter_full,42,2534,42,1770275351.3312614,198.6718266805013,-45.52560806274414,-10.038140773773193,204.06822382782636,8,2,0.2692890167236328,27.75,-0.057500001043081284,0.9622079696808852,0.5,0.2622079696808851,0.2,False,nan,False,0.20579719384119885,0.2975600133437639,131.92488080043708,-0.038425913551674594,0.09592591459475588,True,42,0.9767441860465116,42,1.0,42,1.0,True
100m_cross_10,top_clutter_full,43,2600,43,1770275352.3336334,198.64275105794272,-45.53662872314453,-10.05659278233846,204.04328501993663,9,2,0.08603413899737689,27.444444444444443,0.020000000794728596,0.9873685117418096,0.5,0.2873685117418097,0.2,False,nan,False,0.03607136522197142,0.2121197577767671,95.48921208396081,-0.02487979236432895,0.004879791569600354,True,43,0.9772727272727273,43,1.0,43,1.0,True
100m_cross_10,top_clutter_full,44,2659,44,1770275353.3188143,198.71033325195313,-45.654134368896486,-9.94778652191162,204.1299953038775,9,2,0.09753446578979563,33.22222222222222,-0.044444444278875984,0.9857208375821307,0.5,0.2857208375821308,0.2,False,nan,False,0.17643560178357678,0.1957788551618018,115.21760391529457,0.08801458485377227,0.043570140574896284,True,44,0.9777777777777777,44,1.0,44,1.0,True
100m_cross_10,top_clutter_full,45,2728,45,1770275354.318434,198.67827606201172,-45.59934997558594,-9.948838869730631,204.086593121706,11,2,0.11193383534749479,29.545454545454547,-0.031818183308297936,0.9836711251125994,0.5,0.28367112511259945,0.2,False,nan,False,0.06350722381591414,0.2316926464781392,142.19455544777122,-0.04341869332947539,0.07523687663777333,True,45,0.9782608695652174,45,1.0,45,1.0,True
100m_cross_10,top_clutter_label_span,0,1054,18,1770275327.3188448,198.6263224283854,-45.76212501525879,-9.96614376703898,204.07330072530897,11,2,0.22492408752441406,26.90909090909091,0.024545455182140522,0.9680893796036842,0.5,0.2680893796036842,0.2,True,92.07266775327943,False,nan,nan,nan,nan,nan,True,18,0.9473684210526315,18,1.0,18,1.0,True
100m_cross_10,top_clutter_label_span,1,1119,19,1770275328.3327084,198.63318481445313,-45.596028900146486,-10.071367263793945,204.04796592849902,8,2,0.09850374857584576,29.375,0.04125000163912773,0.9855823989866352,0.5,0.2855823989866353,0.2,True,89.35919024349361,False,0.19405070219049075,nan,nan,-0.024988368969040105,0.016261632670087626,True,19,0.95,19,1.0,19,1.0,True
100m_cross_10,top_clutter_label_span,2,1185,20,1770275329.3416195,198.64824422200522,-45.48210652669271,-10.060188293457031,204.03664948996456,5,2,0.37022844950357836,31.2,-0.0760000005364418,0.9493028069779648,0.5,0.24930280697796486,0.2,True,87.97233384637187,False,0.11443613342590994,0.12448792514023552,38.20629625860819,-0.011216486929744003,0.08721648746618581,True,20,0.9523809523809523,20,1.0,20,1.0,True
100m_cross_10,top_clutter_label_span,3,1249,21,1770275330.3456955,198.62977345784506,-45.554653803507485,-10.0625688234965,204.03496925380188,8,2,0.1029561360677107,34.375,-0.05999999982304871,0.9849473443756387,0.5,0.2849473443756388,0.2,True,87.45941652363042,False,0.07459550399910922,0.1874065892407633,172.29542534469465,-0.0016734153151189454,0.06167341513816765,True,21,0.9545454545454546,21,1.0,21,1.0,True
100m_cross_10,top_clutter_label_span,4,1315,22,1770275331.3233402,198.73060607910156,-45.51007652282715,-9.94482135772705,204.11741799640157,6,2,0.1278209686279297,23.0,-0.01666666567325592,0.9814266908350069,0.5,0.281426690835007,0.2,True,87.6265995892089,False,0.1649919412664876,0.2110738450994042,116.42557918364274,0.08433405727414635,0.06766739160089043,True,22,0.9565217391304348,22,1.0,22,1.0,True
100m_cross_10,top_clutter_label_span,5,1378,23,1770275332.31876,198.6810760498047,-45.66865539550781,-9.970222473144531,204.10585832382645,9,2,0.09356021881103516,33.55555555555556,0.06111111119389534,0.9862891646509189,0.5,0.2862891646509188,0.2,True,87.54959020558353,False,0.16883789024387924,0.298411714573803,123.73220275579017,-0.011612862496836723,0.049498248697058614,True,23,0.9583333333333334,23,1.0,23,1.0,True
100m_cross_10,top_clutter_label_span,6,1433,24,1770275333.3226686,198.70640563964844,-45.667036056518555,-9.963526725769043,204.12982557488013,7,2,0.21063804626464844,27.0,-0.12714285669582231,0.9700112032143087,0.5,0.27001120321430877,0.2,True,87.64097869593934,False,0.02614743568091096,0.1804910338832125,112.40428121271562,0.023873936569053157,0.10326892012676916,True,24,0.96,24,1.0,24,1.0,True
100m_cross_10,top_clutter_label_span,7,1494,25,1770275334.3379436,198.63657836914064,-45.56328811645508,-10.071541786193848,204.04396448837662,7,2,0.13859138488769673,31.714285714285715,0.014285711837666375,0.9799152229688475,0.5,0.2799152229688476,0.2,True,88.10909736852705,False,0.16276131997274093,0.17645086494956297,122.39508455384507,-0.08456929046265367,0.0702835786249873,True,25,0.9615384615384616,25,1.0,25,1.0,True
100m_cross_10,top_clutter_label_span,8,1559,26,1770275335.3242373,198.6668212890625,-45.53636169433594,-10.041208648681641,204.06590109223063,8,2,0.2259419759114607,29.625,0.006250000791624188,0.9679529717855175,0.5,0.2679529717855175,0.2,True,89.71258798760384,False,0.05129721687184364,0.18507069866662806,108.08002022755835,0.022241449774733545,0.028491450566357733,True,26,0.9629629629629629,26,1.0,26,1.0,True
100m_cross_10,top_clutter_label_span,9,1618,27,1770275336.3327715,198.6843231201172,-45.614707946777344,-9.950466918945313,204.09599120677004,9,2,0.16337966918945312,33.0,-0.11333333411150509,0.9764673249117206,0.5,0.2764673249117207,0.2,False,nan,False,0.12012969446887115,0.12158136923789271,78.97527368250135,0.02983549268541579,0.0834978414260893,True,27,0.9642857142857143,27,1.0,27,1.0,True
100m_cross_10,top_clutter_label_span,10,1677,28,1770275337.336372,198.63741149902344,-45.72480239868164,-10.031752967834473,204.07894273794764,10,2,0.1743621826171875,30.1,-0.09199999868869782,0.9749533325224664,0.5,0.2749533325224665,0.2,True,92.76248436008852,False,0.14414928750142764,0.18425637689050384,88.59940369195807,-0.016987308414288235,0.10898730710298606,True,28,0.9655172413793104,28,1.0,28,1.0,True
100m_cross_10,top_clutter_label_span,11,1731,29,1770275338.325019,198.66756286621094,-45.55763397216797,-10.053191947937012,204.07196087822544,8,2,0.10442428588867259,34.0,0.01999999862164259,0.984738248434756,0.5,0.28473824843475604,0.2,False,nan,False,0.17317947810511988,0.29645623312138986,136.8681251948433,-0.007062035119194604,0.012937963502447986,True,29,0.9666666666666667,29,1.0,29,1.0,True
100m_cross_10,top_clutter_label_span,12,1794,30,1770275339.3381367,198.68994140625,-45.69565963745117,-9.95872097015381,204.11997023584493,6,2,0.2704124450683594,28.666666666666668,-0.1316666677594185,0.9620607251067623,0.5,0.2620607251067624,0.2,False,nan,False,0.16656528771786325,0.3260627496590826,147.70962359867443,0.04738773524938668,0.08427893251003181,True,30,0.967741935483871,30,1.0,30,1.0,True
100m_cross_10,top_clutter_label_span,13,1857,31,1770275340.3380077,198.6373545328776,-45.68115743001302,-10.099466641743978,204.07245278678218,6,2,0.1452891031901089,31.666666666666668,-0.033333332588275276,0.978979394166869,0.5,0.2789793941668689,0.2,True,105.21728996289401,False,0.15096660661063385,0.28634553784658073,130.29884531006775,-0.04752357886549584,0.08085691145377111,True,31,0.96875,31,1.0,31,1.0,True
100m_cross_10,silver_feasible,0,1045,18,1770275327.3188448,110.8974404335022,-19.567283153533936,0.6626234129071236,112.61243241534247,25,2,0.3314406606886138,36.88,-6.1587999725341795,0.9541849481341209,0.5,0.2541849481341209,0.2,True,0.14086164348762997,True,nan,nan,nan,nan,nan,True,0,0.0,0,0.0,0,0.0,False
100m_cross_10,silver_feasible,1,1105,19,1770275328.3327084,112.25296815236409,-26.290514945983887,1.624483789006869,115.30203373193994,46,2,0.37764323841441794,38.69565217391305,-4.85000002902487,0.9483802543236415,0.5,0.24838025432364141,0.2,True,0.1904685090189533,True,6.830937927074573,nan,nan,2.6528237263136787,2.1971763027111915,True,0,0.0,0,0.0,0,0.0,False
100m_cross_10,silver_feasible,2,1173,20,1770275329.3416195,112.9245491027832,-29.909772816826315,2.181058610186857,116.8388005616376,40,3,0.14601760752060855,38.8,-2.4162499964237214,0.9788777938236795,0.5,0.2788777938236794,0.2,True,0.016942190606250893,True,3.689996413528015,3.1069645589147306,1.0715651790183451,1.523193450560579,0.8930565458631423,True,0,0.0,0,0.0,0,0.0,False
100m_cross_10,silver_feasible,3,1237,21,1770275330.3456955,113.26298434917743,-31.08174595466027,2.3492352687395535,117.47381606817726,41,2,0.12788815131554543,39.58536585365854,-0.08243902481910659,0.9814172374930545,0.5,0.28141723749305453,0.2,True,0.05047818138187933,True,1.226399922242255,2.456359725445394,5.587948042091149,0.6324376879758082,0.5499986631567017,True,0,0.0,0,0.0,1,0.047619047619047616,False
100m_cross_10,silver_feasible,4,1305,22,1770275331.3233402,113.2716468528465,-30.521693759494358,2.3244746967598244,117.33474742513492,27,1,0.0,37.51851851851852,-0.040000001520470334,1.0,0.5,0.3,0.2,True,0.0,True,0.5734866755989495,1.7976524830154101,162.26662603922054,-0.14224865701485614,0.18224865853532649,True,0,0.0,1,0.045454545454545456,2,0.09090909090909091,False
100m_cross_10,silver_feasible,5,1368,23,1770275332.31876,113.33599003878507,-30.483714363791726,2.3002544858238916,117.38651817898162,44,1,0.0,38.20454545454545,-0.046136364213783636,1.0,0.5,0.3,0.2,True,0.0,True,0.07890501556438873,0.544946074205558,59.38337847997231,0.05200896840913831,0.005872604195354673,True,0,0.0,2,0.08695652173913043,3,0.13043478260869565,False
100m_cross_10,silver_feasible,6,1424,24,1770275333.3226686,113.36465906213832,-29.89995391280563,2.3209289886333324,117.26440158732332,46,2,0.18894128260324194,38.130434782608695,0.6804347809242166,0.9729563339128531,0.5,0.27295633391285307,0.2,True,0.0793786605802764,True,0.5825525732608241,0.5465638887884715,59.20829463421497,-0.12164114093643481,0.5587936399877818,True,0,0.0,3,0.125,4,0.16666666666666666,False
100m_cross_10,silver_feasible,7,1481,25,1770275334.3379436,113.66814817231277,-25.734574942753234,2.2070033139195937,116.5658059639905,38,2,0.5448715531506281,36.026315789473685,1.7421052612756427,0.9284567005531219,0.5,0.22845670055312187,0.2,True,0.1320470190968042,True,4.115115593319109,3.500506740563974,3.8358848321064496,-0.6880851220436693,1.0540201392319735,True,0,0.0,0,0.0,1,0.04,False
100m_cross_10,silver_feasible,8,1548,26,1770275335.3242373,114.06682014465332,-18.492665767669678,1.9450269937515259,115.57249359217725,7,3,0.2567577362060547,42.857142857142854,1.9385714190346854,0.9638560281710515,0.5,0.2638560281710516,0.2,True,0.10361393908349212,True,7.358460838404282,3.2426323811928115,1.134802960771812,-1.0071161140224236,0.9314553050122618,True,0,0.0,0,0.0,0,0.0,False
100m_cross_10,silver_feasible,9,1668,28,1770275337.336372,114.75734100341796,-7.45277754465739,1.582204778989156,115.00997599890002,25,3,1.025334556897481,39.76,0.29400000013411043,0.8796688072220789,0.5,0.17966880722207887,0.2,True,0.3989952484574772,True,5.5003335654489165,1.2398856169204853,0.46810499836529185,-0.27956261310535313,0.014437387028757298,True,0,0.0,0,0.0,0,0.0,False
100m_cross_10,silver_feasible,10,1723,29,1770275338.325019,115.37039039248512,3.9171870322454545,1.2180211827868508,115.44329737651178,37,2,0.29950702474230795,40.21621621621622,-1.7743243236799497,0.9582760469326288,0.5,0.2582760469326288,0.2,False,nan,False,11.523124605987926,4.014409734459901,0.49471451532067806,0.438297374675228,1.3360269490047219,True,0,0.0,0,0.0,0,0.0,False
100m_cross_10,silver_feasible,11,1783,30,1770275339.3381367,115.81407928466797,14.11799669265747,0.9149506688117981,116.67500128946048,4,3,0.4566974639892578,33.0,-2.185000002384186,0.9184028826123808,0.5,0.2387540022715954,0.17964888034078544,False,nan,False,10.082688667787838,1.4437242600930917,0.6098826648437139,1.2157558823230228,0.969244120061163,True,0,0.0,0,0.0,0,0.0,False
100m_cross_10,silver_feasible,12,1846,31,1770275340.3380077,116.12212814823273,18.664165742935673,0.8750391775561918,117.61575329060567,32,2,0.277592320596014,37.6875,-1.1937499959021807,0.9611216300682177,0.5,0.26112163006821776,0.2,True,0.009077966868296584,True,4.557356426937335,5.493901443939605,1.831925918438875,0.9408733591791559,0.25287663672302474,True,0,0.0,0,0.0,0,0.0,False
200m_cross_5,top_clutter_full,0,12,0,1770276597.326433,198.66575622558594,-45.50683339436849,-10.041158517201742,204.05827463407192,9,2,0.17003122965494555,28.444444444444443,-0.016666668363743357,0.9755493826307744,0.5,0.2755493826307744,0.2,True,30.881215671719065,False,nan,nan,nan,nan,nan,True,0,0.0,0,0.0,0,0.0,True
200m_cross_5,top_clutter_full,1,81,1,1770276598.31947,198.6546914236886,-45.456636156354634,-10.057670865740095,204.0371263729611,9,2,0.33715084620884284,29.88888888888889,-0.060000000107619494,0.953460261544967,0.5,0.2534602615449669,0.2,True,32.193873701362335,False,0.0543679172511166,nan,nan,-0.021296549294548026,0.08129654940216752,True,1,0.5,1,1.0,1,1.0,True
200m_cross_5,top_clutter_full,2,142,2,1770276599.3165238,198.66742324829102,-45.52048921585083,-10.056178212165833,204.06368299822688,12,2,0.0822838544845581,32.666666666666664,-0.05083333281800151,0.9879078741138856,0.5,0.2879078741138857,0.2,True,36.94820147670944,False,0.0653195513776598,0.11904395451170684,163.4653722890547,0.02663509594425189,0.02419823687374962,True,2,0.6666666666666666,2,1.0,2,1.0,True
200m_cross_5,top_clutter_full,3,200,3,1770276600.3122969,198.68069763183593,-45.44529991149902,-10.037927722930908,204.0589495427483,11,2,0.4048091888427763,31.545454545454547,-0.07818181948228316,0.9450293208284433,0.5,0.24502932082844328,0.2,True,44.10007512809872,False,0.07883623530503009,0.1410685830175496,154.24592998253684,-0.004753548361419762,0.08293536784370292,True,3,0.75,3,1.0,3,1.0,True
200m_cross_5,top_clutter_full,4,263,4,1770276601.3208904,198.6301727294922,-45.442999521891274,-10.052639484405518,204.00996859148316,9,2,0.1842142740885464,32.333333333333336,-0.09111111259294881,0.9736022303589533,0.5,0.27360223035895326,0.2,True,53.57425369622771,False,0.0522246650667998,0.10209229187915486,100.67860945482177,-0.04856361694480586,0.13967472953775467,True,4,0.8,4,1.0,4,1.0,True
200m_cross_5,top_clutter_full,5,325,5,1770276602.3315082,198.67154693603516,-45.56859016418457,-10.061365962028503,204.0786883937921,9,2,0.06172072887420654,34.22222222222222,-0.05222222146888574,0.9908832867385864,0.5,0.29088328673858643,0.2,True,64.34996008323832,False,0.13112561302882936,0.1545221125778764,108.81285436174261,0.06799781961557141,0.015775598146685672,True,5,0.8333333333333334,5,1.0,5,1.0,True
200m_cross_5,top_clutter_full,6,395,6,1770276603.3015053,198.65802612304688,-45.417398834228514,-10.064662551879882,204.0319800723793,9,2,0.3109804153442397,30.88888888888889,-0.015555555000901222,0.9567986377228264,0.5,0.25679863772282635,0.2,True,73.06113383038252,False,0.15652673693415475,0.2883060939655818,165.95611141405146,-0.0481530492805334,0.06370860428143463,True,6,0.8571428571428571,6,1.0,6,1.0,True
200m_cross_5,top_clutter_full,7,452,7,1770276604.316519,198.65689086914062,-45.605600357055664,-10.055646657943726,204.07240652138773,8,2,0.10060596466064453,31.75,-0.05249999975785613,0.9852823787347651,0.5,0.2852823787347651,0.2,True,77.15221295976178,False,0.18563372659332436,0.344327569790432,174.34539432825164,0.039828476420574674,0.012671523337281457,True,7,0.875,7,1.0,7,1.0,True
200m_cross_5,top_clutter_full,8,520,8,1770276605.3302908,198.65956115722656,-45.46961648123605,-10.046531677246094,204.04421104474991,10,2,0.09495957692464252,32.0,-0.12500000260770322,0.9860889241784243,0.5,0.28608892417842424,0.2,True,76.97998356714946,False,0.13446337910056178,0.315042029277726,173.37734516746275,-0.027812449908223826,0.15281245251592704,True,8,0.8888888888888888,8,1.0,8,1.0,True
200m_cross_5,top_clutter_full,9,582,9,1770276606.3210464,198.68338584899902,-45.44061756134033,-10.07690167427063,204.06244506065082,11,2,0.2788483301798479,29.818181818181817,-0.057272725823250686,0.9609576959143666,0.5,0.2609576959143666,0.2,True,76.8819181537049,False,0.04872977129957234,0.11387944875466763,55.47306297022199,0.01840415201652137,0.03886857380672931,True,9,0.9,9,1.0,9,1.0,True
200m_cross_5,top_clutter_full,10,649,10,1770276607.3228793,198.66118469238282,-45.44305267333984,-10.048891067504883,204.03999007875774,9,2,0.23504600524902486,31.0,-0.04222222107152144,0.966736017824904,0.5,0.26673601782490414,0.2,True,76.94435521710787,False,0.0357592396243841,0.08139099497310896,146.98010086286715,-0.022413898068834894,0.06463611914035633,True,10,0.9090909090909091,10,1.0,10,1.0,True
200m_cross_5,top_clutter_full,11,713,11,1770276608.3127186,198.66683088030135,-45.51921354021345,-10.05543667929513,204.0627851916001,12,2,0.10475823538643958,30.166666666666668,-0.06416666693985462,0.984690708306337,0.5,0.2846907083063371,0.2,True,77.00851126144994,False,0.07743667667010241,0.08710202038098099,92.57228419341706,0.023029104307531054,0.04113756263232357,True,11,0.9166666666666666,11,1.0,11,1.0,True
200m_cross_5,top_clutter_full,12,777,12,1770276609.3237019,198.64085170200892,-45.45061165945871,-10.068349293300084,204.02283627724208,9,2,0.21039145333426035,31.666666666666668,-0.04222222293416659,0.9700444966936699,0.5,0.27004449669366987,0.2,True,76.95598735285131,False,0.07367484649641022,0.14823196237988118,157.82574535133185,-0.03951491303179963,0.08173713596596621,True,12,0.9230769230769231,12,1.0,12,1.0,True
200m_cross_5,top_clutter_full,13,833,13,1770276610.3278403,198.69246588812933,-45.47801547580295,-10.03807587093777,204.0777029945053,12,2,0.10130702124701507,29.25,-0.09999999792004625,0.9851823967137587,0.5,0.28518239671375867,0.2,True,74.68680290797126,False,0.0655426841847209,0.12879299190021795,137.45778324399345,0.05464058884212637,0.04535940907791988,True,13,0.9285714285714286,13,1.0,13,1.0,True
200m_cross_5,top_clutter_full,14,890,14,1770276611.327678,198.63994489397322,-45.4442868913923,-10.056917599269322,204.01998066401825,10,2,0.1069041206723167,35.7,-0.15300000086426735,0.9843854153155689,0.5,0.28438541531556893,0.2,True,70.14132060348263,False,0.06521091729069439,0.12984202015929458,168.53883142178506,-0.057731703982729934,0.21073170484699727,True,14,0.9333333333333333,14,1.0,14,1.0,True
200m_cross_5,top_clutter_full,15,950,15,1770276612.3159194,198.67601231166296,-45.44655990600586,-10.058747564043317,204.0556935689651,9,2,0.19115638732910156,25.88888888888889,-0.057777778142028384,0.97265418783244,0.5,0.27265418783244005,0.2,True,62.94747406744399,False,0.03661582260783198,0.09811875559722609,145.16393059285843,0.036137834050107696,0.021639944091920688,True,15,0.9375,15,1.0,15,1.0,True
200m_cross_5,top_clutter_full,16,1007,16,1770276613.308137,198.68491744995117,-45.448359966278076,-10.037144660949707,204.0637011294834,9,2,0.10734224319458008,25.333333333333332,-0.045555555158191256,0.9843231243108646,0.5,0.2843231243108646,0.2,True,55.95401389924569,False,0.023619412413171094,0.03663146257426957,70.30863431909333,0.008070367827128349,0.03748518733106291,True,16,0.9411764705882353,16,1.0,16,1.0,True
200m_cross_5,top_clutter_full,17,1071,17,1770276614.3261287,198.66445922851562,-45.48856789725168,-10.038246699741908,204.0527960276612,8,2,0.3150171552385572,26.0,-0.09624999831430614,0.9562808457935921,0.5,0.25628084579359217,0.2,True,47.315672318760605,False,0.04432927014106647,0.052528870345590645,97.25814054939552,-0.010712367254061989,0.10696236556836813,True,17,0.9444444444444444,17,1.0,17,1.0,True
200m_cross_5,top_clutter_full,18,1133,18,1770276615.3201883,198.6488800048828,-45.44045384724935,-10.066853364308676,204.02831644087257,9,2,0.2796694437662737,30.555555555555557,-0.05666666560702854,0.9608505799496658,0.5,0.2608505799496659,0.2,True,38.36737142575144,False,0.05845071040694175,0.09171222954475013,127.17374293606247,-0.024625875256967283,0.08129254086399582,True,18,0.9473684210526315,18,1.0,18,1.0,True
200m_cross_5,top_clutter_full,19,1194,19,1770276616.3091989,198.66104634602866,-45.49538930257162,-10.050875663757324,204.0516157365577,10,2,0.17820707956949633,31.2,-0.09400000236928463,0.9744252566692937,0.5,0.2744252566692936,0.2,True,29.367626930006214,False,0.0591410454175723,0.11764304320311508,165.46580373461364,0.023558186671141835,0.0704418156981428,True,19,0.95,19,1.0,19,1.0,True
200m_cross_5,top_clutter_full,20,1258,20,1770276617.3256395,198.65540568033853,-45.42797724405924,-10.060539881388346,204.03158036248126,7,2,0.12102635701497633,27.714285714285715,-0.08571428592715945,0.9823844092759482,0.5,0.2823844092759481,0.2,True,21.797930942462365,False,0.0672291803229405,0.12547119363945483,169.214380829887,-0.0197113077595438,0.10542559368670325,True,20,0.9523809523809523,20,1.0,20,1.0,True
200m_cross_5,top_clutter_full,21,1324,21,1770276618.3310142,198.68553161621094,-45.37390627179827,-10.053542409624372,204.04853726248666,10,2,0.3073477972121452,28.4,-0.08099999837577343,0.9572654872598503,0.5,0.2572654872598503,0.2,True,16.81484805221744,False,0.06195829947178175,0.040662505758575836,36.82129053038026,0.0168662494798213,0.06413374889595214,True,21,0.9545454545454546,21,1.0,21,1.0,True
200m_cross_5,top_clutter_full,22,1392,22,1770276619.128741,198.68553161621094,-45.37390627179827,-10.053542409624372,204.04853726248666,10,2,0.3073477972121452,28.4,-0.08099999837577343,0.9572654872598503,0.5,0.2572654872598503,0.2,False,nan,False,0.0,0.06872413794857114,nan,0.0,0.08099999837577343,True,22,0.9565217391304348,22,1.0,22,1.0,True
200m_cross_5,top_clutter_full,23,1453,23,1770276620.1213825,198.64568786621095,-45.435516357421875,-10.064039611816407,204.02397003247896,6,2,0.18252182006835938,26.833333333333332,-0.04833333287388086,0.9738338579472432,0.5,0.2738338579472432,0.2,False,nan,False,0.07466771871872034,0.08341045576462183,nan,-0.02474934935779925,0.07308268223168012,True,23,0.9583333333333334,23,1.0,23,1.0,True
200m_cross_5,top_clutter_full,24,1523,24,1770276620.4177127,198.64207712809244,-45.4909470876058,-10.03995911280314,204.03161973497427,11,2,0.06826798121134381,31.363636363636363,-0.10181818089701912,0.989932600543735,0.5,0.28993260054373493,0.2,False,nan,False,0.20430976325528552,0.24453805331100373,42.54241175020715,0.025814790883978634,0.07600339001304049,True,24,0.96,24,1.0,24,1.0,True
200m_cross_5,top_clutter_full,25,1592,25,1770276621.3377342,198.64534378051758,-45.583468437194824,-10.055058121681213,204.05619175676864,10,2,0.11135256290435791,31.5,-0.10899999924004078,0.9837535821984977,0.5,0.2837535821984977,0.2,False,nan,False,0.10195651786321282,0.2160739571529041,33.1799630261491,0.0267080941991041,0.08229190504093668,True,25,0.9615384615384616,25,1.0,25,1.0,True
200m_cross_5,top_clutter_full,26,1667,26,1770276622.336313,198.65142144097223,-45.54083718193902,-10.047072834438747,204.05219617610382,10,2,0.2679451836480027,29.4,-0.006999999098479748,0.9623842107550762,0.5,0.2623842107550762,0.2,False,nan,False,0.043858755937938275,0.1515092651559151,169.9383354872915,-0.004001267318550751,0.0110012664170305,True,26,0.9629629629629629,26,1.0,26,1.0,True
200m_cross_5,top_clutter_full,27,1733,27,1770276623.3160791,198.68664381239148,-45.51141230265299,-10.024508052402073,204.07881281727134,11,2,0.0997060139973982,29.0,-0.07818181812763214,0.9854107776537491,0.5,0.2854107776537491,0.2,False,nan,False,0.05219921068062356,0.036142012928219794,42.603577790099344,0.02716632096209288,0.05101549716553926,True,27,0.9642857142857143,27,1.0,27,1.0,True
200m_cross_5,top_clutter_full,28,1799,28,1770276624.3122437,198.6873033311632,-45.44188478257921,-10.033392058478462,204.06439756557734,13,2,0.14719698164198292,32.69230769230769,-0.11999999846403415,0.9787133916748225,0.5,0.2787133916748225,0.2,False,nan,False,0.07036579359908444,0.06277996966571563,58.58451242927589,-0.01447075339580674,0.1344707518598409,True,28,0.9655172413793104,28,1.0,28,1.0,True
200m_cross_5,top_clutter_full,29,1859,29,1770276625.3104184,198.65686798095703,-45.45245361328125,-10.040709018707275,204.037478354025,7,2,0.23168690999349195,30.857142857142858,-0.0642857128488166,0.9671843900967743,0.5,0.2671843900967742,0.2,False,nan,False,0.03309900976575616,0.08646840986840863,107.33140204622508,-0.026968437922358035,0.09125415077117463,True,29,0.9666666666666667,29,1.0,29,1.0,True
200m_cross_5,top_clutter_full,30,1926,30,1770276626.3233252,198.671537399292,-45.55694818496704,-9.961774945259094,204.071194098006,13,2,0.11127634048462198,26.307692307692307,-0.08692307741596149,0.9837643965968932,0.5,0.2837643965968933,0.2,False,nan,False,0.13009679636613378,0.13291147103980847,88.94239229643048,0.03328612693802317,0.05363695047793832,True,30,0.967741935483871,30,1.0,30,1.0,True
200m_cross_5,top_clutter_full,31,1988,31,1770276627.3233395,198.63624318440756,-45.39548428853353,-10.046303431193033,204.0049884508641,10,2,0.250425020853676,32.2,-0.03800000064074993,0.964692814815044,0.5,0.264692814815044,0.2,False,nan,False,0.18563499256470134,0.3124581890880616,169.61733166730858,-0.06620470007608215,0.10420470071683208,True,31,0.96875,31,1.0,31,1.0,True
200m_cross_5,top_clutter_full,32,2053,32,1770276628.318521,198.64812316894532,-45.50273399353027,-10.036277770996094,204.0399532222232,13,2,0.15489184061686245,31.23076923076923,-0.07999999878498223,0.9776431217673904,0.5,0.27764312176739037,0.2,False,nan,False,0.10889512079356937,0.28994606333221556,157.48094058848548,0.035134062714116385,0.04486593607086585,True,32,0.9696969696969697,32,1.0,32,1.0,True
200m_cross_5,top_clutter_full,33,2122,33,1770276629.3260574,198.65625953674316,-45.48646068572998,-10.050631046295166,204.0449527512824,11,2,0.17702579498291016,34.36363636363637,-0.060909091918305916,0.9745873917094228,0.5,0.27458739170942276,0.2,False,nan,False,0.023000727471110274,0.1261720723539836,135.54243083188726,0.004962132388671454,0.055946959529634466,True,33,0.9705882352941176,33,1.0,33,1.0,True
200m_cross_5,top_clutter_full,34,2199,34,1770276630.3232791,198.65353224012586,-45.51112365722656,-10.049388461642796,204.04773572984115,12,2,0.13180414835611742,32.583333333333336,-0.023333331880470116,0.9808667620493781,0.5,0.28086676204937805,0.2,False,nan,False,0.024913619619851578,0.0449298391095235,140.05059129979577,0.0027907320263735676,0.02054259985409655,True,34,0.9714285714285714,34,1.0,34,1.0,True
200m_cross_5,top_clutter_full,35,2271,35,1770276631.3171322,198.62840964577416,-45.572647441517226,-10.053749604658647,204.0372250211992,15,2,0.1109682429920511,32.8,-0.062000000725189845,0.9838081135136112,0.5,0.2838081135136111,0.2,False,nan,False,0.06701025681735724,0.044034139384857326,17.216732644573757,-0.010575716596866873,0.07257571732205671,True,35,0.9722222222222222,35,1.0,35,1.0,True
200m_cross_5,top_clutter_full,36,2346,36,1770276632.3178556,198.61676788330078,-45.480021476745605,-10.04863691329956,204.00497038491378,7,2,0.2120676040649414,30.714285714285715,0.005714283457824162,0.9698182738625771,0.5,0.26981827386257706,0.2,False,nan,False,0.09342701506591507,0.15577779064386063,150.67202396127448,-0.03223132137332358,0.02651703791549942,True,36,0.972972972972973,36,1.0,36,1.0,True
200m_cross_5,top_clutter_full,37,2418,37,1770276633.3178916,198.64742194281683,-45.45164447360568,-10.05571863386366,204.02884038078045,12,2,0.13818656073676294,29.916666666666668,-0.03833333325261871,0.9799718869246243,0.5,0.27997188692462444,0.2,False,nan,False,0.04236681714871919,0.07779205511368342,55.64521847520264,0.02386913654898703,0.01446419670363168,True,37,0.9736842105263158,37,1.0,37,1.0,True
200m_cross_5,top_clutter_full,38,2479,38,1770276634.3207512,198.6517835344587,-45.42314147949219,-10.063206808907646,204.02710852866159,12,2,0.22024688720703267,32.916666666666664,-0.1091666662444671,0.9687170671383816,0.5,0.26871706713838156,0.2,False,nan,False,0.029706274369239533,0.026268631900436323,37.93150097255346,-0.0017269138490821469,0.11089358009354924,True,38,0.9743589743589743,38,1.0,38,1.0,True
200m_cross_5,top_clutter_full,39,2543,39,1770276635.3198109,198.68914794921875,-45.570624033610024,-9.96597989400228,204.09159718824003,11,2,0.140416208902991,32.0,-0.004545455290512605,0.9796599414369651,0.5,0.2796599414369651,0.2,False,nan,False,0.1807254060647241,0.20731839156871162,152.44411878260735,0.06454935681528717,0.06000390152477457,True,39,0.975,39,1.0,39,1.0,True
200m_cross_5,top_clutter_full,40,2614,40,1770276636.3218834,198.6604287283761,-45.535645076206755,-10.049422809055873,204.05992211564634,9,2,0.058307715824671646,29.11111111111111,0.005555556466182073,0.9913801047563782,0.5,0.29138010475637816,0.2,False,nan,False,0.09473016893103357,0.2649775178835404,146.81855669662386,-0.031609559483384356,0.026054003017202284,True,40,0.975609756097561,40,1.0,40,1.0,True
200m_cross_5,top_clutter_full,41,2687,41,1770276637.3020985,198.66771189371744,-45.54629643758138,-10.034614245096842,204.06866087499338,12,2,0.08185450236002545,32.083333333333336,-0.01583333360031247,0.9879696876773048,0.5,0.2879696876773047,0.2,False,nan,False,0.020037976402656265,0.11537139845051496,167.0953812067233,0.008915144840179213,0.006918188760133259,True,41,0.9761904761904762,41,1.0,41,1.0,True
200m_cross_5,top_clutter_full,42,2751,42,1770276638.310787,198.69484165736608,-45.57232938494001,-9.9572571345738,204.09709521808304,12,2,0.08546720232282468,34.583333333333336,-0.10833333324020107,0.9874499831627572,0.5,0.2874499831627572,0.2,False,nan,False,0.08526995519552824,0.0666624017634942,16.426989359225797,0.02818942072114956,0.08014391251905151,True,42,0.9767441860465116,42,1.0,42,1.0,True
200m_cross_5,top_clutter_full,43,2820,43,1770276639.3164814,198.67077854701452,-45.451307569231304,-10.052790778023857,204.05136169762866,10,2,0.15922074090867255,29.4,-0.11000000014901161,0.9770428269604199,0.5,0.27704282696042,0.2,False,nan,False,0.15516765713367417,0.2294701859543664,146.50845308642505,-0.04547457054447885,0.15547457069349047,True,43,0.9772727272727273,43,1.0,43,1.0,True
200m_cross_5,top_clutter_full,44,2892,44,1770276640.3282204,198.64810180664062,-45.52108873639788,-10.06871237073626,204.045624407712,10,2,0.19041333879743405,31.1,-0.12399999983608723,0.9727555042989986,0.5,0.27275550429899853,0.2,False,nan,False,0.07420975989433401,0.20346130794120781,122.98295457314593,-0.005670721231767195,0.12967072106785443,True,44,0.9777777777777777,44,1.0,44,1.0,True
200m_cross_5,top_clutter_full,45,2958,45,1770276641.3192513,198.6836280822754,-45.41158390045166,-10.052014112472534,204.0549901570678,7,2,0.32559744517008227,28.714285714285715,-0.08857143191354615,0.9549286627430482,0.5,0.25492866274304815,0.2,False,nan,False,0.11738102887948915,0.19121572051101854,176.0098476479991,0.009450511642331528,0.07912092027121462,True,45,0.9782608695652174,45,1.0,45,1.0,True
200m_cross_5,top_clutter_full,46,3020,46,1770276642.3209777,198.63982137044272,-45.41723505655924,-10.04648208618164,204.01332230168725,4,2,0.4373677571614607,36.25,0.007500000298023224,0.9207215919903666,0.5,0.24107271164958127,0.17964888034078544,False,nan,False,0.04443807656239232,0.14175423195235273,113.71602303879676,-0.041596044429864,0.03409604413184077,True,46,0.9787234042553191,46,1.0,46,1.0,True
200m_cross_5,top_clutter_full,47,3083,47,1770276643.32406,198.7137481689453,-45.53779907226563,-9.959914207458496,204.10792426242784,9,2,0.10579891204834269,30.666666666666668,-0.024444443898068532,0.984542611351942,0.5,0.28454261135194203,0.2,False,nan,False,0.165306194896288,0.18242064464250562,106.35335424512286,0.09431126744189532,0.06986682354382678,True,47,0.9791666666666666,47,1.0,47,1.0,True
200m_cross_5,top_clutter_full,48,3138,48,1770276644.3219883,198.68246241978235,-45.462999071393696,-10.05907140459333,204.06565138522575,10,2,0.18640736171177252,27.1,-0.11299999952316284,0.9733023779571028,0.5,0.2733023779571029,0.2,False,nan,False,0.12835175767284285,0.288973492057454,159.66409389553388,-0.042360632294239725,0.15536063181740256,True,48,0.9795918367346939,48,1.0,48,1.0,True
200m_cross_5,top_clutter_full,49,3205,49,1770276645.3226283,198.69484202067056,-45.43317413330078,-10.0359787940979,204.06992533884468,6,1,0.0,25.666666666666668,-0.014999998112519583,1.0,0.5,0.3,0.2,False,nan,False,0.03967410952620625,0.13772811655974532,95.03411554890783,0.004271220398941161,0.01072877771357842,True,49,0.98,49,1.0,49,1.0,True
200m_cross_5,top_clutter_full,50,3268,50,1770276646.3229737,198.67126846313477,-45.44556665420532,-10.066334247589111,204.05122770142054,9,2,0.1002650260925293,28.666666666666668,-0.08888888959255484,0.985331014762979,0.5,0.28533101476297895,0.2,False,nan,False,0.04036848511330385,0.07694140510739716,148.1937746544656,-0.01869118020975464,0.10758006980230947,True,50,0.9803921568627451,50,1.0,50,1.0,True
200m_cross_5,top_clutter_full,51,3327,51,1770276647.3323886,198.67879486083984,-45.48585573832194,-10.081652641296387,204.06828837323764,7,2,0.31997235616048414,23.285714285714285,0.04142857316349234,0.9556466701932051,0.5,0.2556466701932052,0.2,False,nan,False,0.043347007439380685,0.04394527097995907,63.556065334649404,0.01690154526806448,0.05833011843155682,True,51,0.9807692307692307,51,1.0,51,1.0,True
200m_cross_5,top_clutter_full,52,3384,52,1770276648.3163302,198.64596252441407,-45.75096740722656,-10.064059257507324,204.09472000687975,10,2,0.29863662719726136,31.5,-0.10499999970197678,0.9583884728132541,0.5,0.2583884728132542,0.2,False,nan,False,0.27208494321854887,0.23624411827681413,29.804424723463768,0.02686301183965731,0.07813698786231947,True,52,0.9811320754716981,52,1.0,52,1.0,True
200m_cross_5,top_clutter_full,53,3441,53,1770276649.31697,198.6586093902588,-45.489755153656006,-10.06568431854248,204.04871700065044,10,2,0.12918329238891602,32.0,-0.04399999976158142,0.9812350589746255,0.5,0.28123505897462553,0.2,False,nan,False,0.2613560332236354,0.5369716725353508,174.5229296492582,-0.04597358701993712,0.08997358678151854,True,53,0.9814814814814815,53,1.0,53,1.0,True
200m_cross_5,top_clutter_full,54,3497,54,1770276650.3208318,198.6733169555664,-45.60536336898804,-10.036555647850037,204.0874040390949,10,2,0.07260787487030029,28.6,-0.03199999835342169,0.9893041443213157,0.5,0.2893041443213157,0.2,False,nan,False,0.11966305014897984,0.37661210183003285,163.105112257525,0.03853821673377414,0.006538218380352449,True,54,0.9818181818181818,54,1.0,54,1.0,True
200m_cross_5,top_clutter_full,55,3549,55,1770276651.3169498,198.65187072753906,-45.52045440673828,-10.044437026977539,204.04795570682825,8,2,0.07502454121907576,26.5,-0.046249999199062586,0.9889547796432177,0.5,0.2889547796432177,0.2,False,nan,False,0.08827211929758752,0.20696654387983643,168.794214001595,-0.03960206476159675,0.08585206396065934,True,55,0.9821428571428571,55,1.0,55,1.0,True
200m_cross_5,top_clutter_full,56,3611,56,1770276652.3280418,198.6780605316162,-45.50694513320923,-10.034306287765503,204.06994167353054,9,2,0.28317785263061523,26.11111111111111,-0.04666666852103339,0.960393395820635,0.5,0.2603933958206351,0.2,False,nan,False,0.030819635832757892,0.08764951854715636,79.36781720192643,0.02174477480059355,0.02492189372043984,True,56,0.9824561403508771,56,1.0,56,1.0,True
200m_cross_5,top_clutter_full,57,3669,57,1770276653.3132093,198.65717315673828,-45.48405075073242,-10.040722846984863,204.04481722065734,8,2,0.08907794952392578,32.125,-0.050000000512227416,0.9869314967233698,0.5,0.28693149672336987,0.2,False,nan,False,0.032124670860937385,0.05098471374499723,107.87789007347057,-0.025502721910324138,0.07550272242255156,True,57,0.9827586206896551,57,1.0,57,1.0,True
200m_cross_5,top_clutter_full,58,3728,58,1770276654.3264163,198.63053512573242,-45.41537618637085,-10.069243907928467,204.0049890354688,13,2,0.27145395278930806,30.153846153846153,-0.09615384701352853,0.9619242914997312,0.5,0.26192429149973134,0.2,False,nan,False,0.07795920159664947,0.0498186029313348,22.37357916845083,-0.03930903241806232,0.13546287943159085,True,58,0.9830508474576272,58,1.0,58,1.0,True
200m_cross_5,top_clutter_full,59,3786,59,1770276655.322864,198.66886393229166,-45.4902540842692,-10.054591019948324,204.0582649964887,9,2,0.09919246037801166,30.0,-0.03555555476082696,0.9854840739326767,0.5,0.2854840739326767,0.2,False,nan,False,0.0856888327416096,0.16187528915065447,167.36649754557678,0.0534658824424956,0.017910327681668642,True,59,0.9833333333333333,59,1.0,59,1.0,True
200m_cross_5,top_clutter_full,60,3843,60,1770276656.2990103,198.66215705871582,-45.49308919906616,-10.055910587310791,204.05243235461822,12,2,0.09183669090270996,27.75,-0.07166666692743699,0.9865359846685047,0.5,0.28653598466850466,0.2,False,nan,False,0.0075809205682202604,0.0879921435998358,95.82386587530569,-0.005975172309274734,0.07764183923671172,True,60,0.9836065573770492,60,1.0,60,1.0,True
200m_cross_5,top_clutter_full,61,3901,61,1770276657.3097687,198.6754353841146,-45.55108070373535,-10.054921309153238,204.07824729960555,13,2,0.08904472986857037,31.384615384615383,-0.05230769113852428,0.9869362626456661,0.5,0.28693626264566624,0.2,False,nan,False,0.058867164260446705,0.0584577748004108,80.3179852010176,0.025540173584772393,0.026767517553751886,True,61,0.9838709677419355,61,1.0,61,1.0,True
200m_cross_5,top_clutter_full,62,3956,62,1770276658.335995,198.67547416687012,-45.514402866363525,-10.051607966423035,204.06993832121125,12,2,0.07893359661102295,32.25,-0.05333333291734258,0.98839056109353,0.5,0.28839056109352995,0.2,False,nan,False,0.03588605361901125,0.09235074926966469,165.68595640573622,-0.00809663379224105,0.06142996670958363,True,62,0.9841269841269841,62,1.0,62,1.0,True
200m_cross_5,top_clutter_full,63,4018,63,1770276659.3226357,198.63434143066405,-45.56825637817383,-10.05948486328125,204.0423015471429,10,2,0.1270034790039034,26.6,-0.053000001795589925,0.9815417460473566,0.5,0.2815417460473565,0.2,False,nan,False,0.0691450479842586,0.09948575843194502,142.86500034333838,-0.028010981403102736,0.08101098319869265,True,63,0.984375,63,1.0,63,1.0,True
200m_cross_5,top_clutter_full,64,4077,64,1770276660.318473,198.6586456298828,-45.47927284240723,-10.060709834098816,204.04617032460914,8,1,0.0,28.125,0.008749999105930328,1.0,0.5,0.3,0.2,False,nan,False,0.09263669859722314,0.15993324438005585,156.7435604395397,0.0038849487595903455,0.012634947865520673,True,64,0.9846153846153847,64,1.0,64,1.0,True
200m_cross_5,top_clutter_full,65,4129,65,1770276661.3031163,198.6450653076172,-45.43109130859375,-10.056044578552246,204.0219842593516,5,1,0.0,32.8,0.047999999672174457,1.0,0.5,0.3,0.2,False,nan,False,0.05105985420794662,0.056485861968113234,31.56964621262841,-0.024563278093150096,0.02343672157902436,True,65,0.9848484848484849,65,1.0,65,1.0,True
200m_cross_5,top_clutter_full,66,4186,66,1770276662.3133843,198.6382090250651,-45.535531997680664,-10.04972251256307,204.03827994172264,8,2,0.07688363393147846,31.875,-0.022499999031424522,0.9886863075786392,0.5,0.2886863075786393,0.2,False,nan,False,0.10379053871710482,0.15286974045469012,158.63687655681358,0.016130059357930108,0.0063699396734944146,True,66,0.9850746268656716,66,1.0,66,1.0,True
200m_cross_5,top_clutter_full,67,4244,67,1770276663.145042,198.6382090250651,-45.535531997680664,-10.04972251256307,204.03827994172264,8,2,0.07688363393147846,31.875,-0.022499999031424522,0.9886863075786392,0.5,0.2886863075786393,0.2,False,nan,False,0.0,0.11269786090375619,nan,0.0,0.022499999031424522,True,67,0.9852941176470589,67,1.0,67,1.0,True
200m_cross_5,top_clutter_full,68,4307,68,1770276664.137345,198.64776916503905,-45.48197479248047,-10.05617847442627,204.0359599452508,9,2,0.10292615890502965,26.444444444444443,-0.12444444683690865,0.9849516153640956,0.5,0.2849516153640957,0.2,False,nan,False,0.05521043770772214,0.06053906233060997,nan,-0.0023379916828446747,0.12678243851975332,True,68,0.9855072463768116,68,1.0,68,1.0,True
200m_cross_5,top_clutter_full,69,4364,69,1770276664.4613674,198.640087890625,-45.476200866699216,-10.071720695495605,204.02796112354716,8,2,0.08820114135742152,27.375,0.008750000968575478,0.987057316241027,0.5,0.287057316241027,0.2,False,nan,False,0.05639412452884397,0.09773286152756318,70.38036744451782,-0.024686022765092006,0.015936021796516528,True,69,0.9857142857142858,69,1.0,69,1.0,True
200m_cross_5,top_clutter_full,70,4416,70,1770276665.3490608,198.67826189313615,-45.432032993861604,-10.050330570765905,204.0542342501488,12,2,0.2220548357282368,27.083333333333332,-0.05166666799535354,0.9684742635869188,0.5,0.2684742635869187,0.2,False,nan,False,0.07003982684469649,0.17044013857763093,109.04133267577527,0.029597073098855974,0.02206959489649757,True,70,0.9859154929577465,70,1.0,70,1.0,True
200m_cross_5,top_clutter_full,71,4477,71,1770276666.3457456,198.6438776652018,-45.62510426839193,-10.046683311462402,204.06365702625766,12,2,0.15110905965169508,32.083333333333336,-0.03499999890724818,0.9781687502531169,0.5,0.27816875025311694,0.2,False,nan,False,0.19679546483366742,0.2720505906580828,143.178165094228,0.009454118500293734,0.025545880406954442,True,71,0.9861111111111112,71,1.0,71,1.0,True
200m_cross_5,top_clutter_full,72,4542,72,1770276667.3281019,198.68279774983725,-45.45856920878092,-10.05862283706665,204.06496889370948,8,2,0.09834623336791992,29.125,0.05500000203028321,0.9856048916578362,0.5,0.28560489165783626,0.2,False,nan,False,0.17451790837798034,0.37499102258729483,175.76991604239842,0.0013354293534940654,0.05633543138377728,True,72,0.9863013698630136,72,1.0,72,1.0,True
200m_cross_5,top_clutter_full,73,4594,73,1770276668.3288982,198.64325205485025,-45.56795692443848,-10.040019512176514,204.04995044596097,7,2,0.28439903259277344,31.714285714285715,-0.07714285807950157,0.9602344507520792,0.5,0.26023445075207924,0.2,False,nan,False,0.11770108573832311,0.2939405940483086,171.60329499973224,-0.01500649780337157,0.09214935588287314,True,73,0.9864864864864865,73,1.0,73,1.0,True
200m_cross_5,top_clutter_full,74,4653,74,1770276669.320612,198.67564392089844,-45.54875055948893,-10.050504896375868,204.07771268216982,14,2,0.07966959211561431,31.357142857142858,-0.054999999435884614,0.9882844535401323,0.5,0.28828445354013227,0.2,False,nan,False,0.039417036203658745,0.1509488317371618,140.96992326742736,0.02799420282816666,0.027005796607717954,True,74,0.9866666666666667,74,1.0,74,1.0,True
200m_cross_5,top_clutter_full,75,4716,75,1770276670.324178,198.65742111206055,-45.5284743309021,-10.040734887123108,204.05496635678256,10,2,0.1379857063293457,31.3,-0.08599999938160181,0.980000005130238,0.5,0.28000000513023804,0.2,False,nan,False,0.028856538941433613,0.05486391827514333,105.53975312847845,-0.022665499610759702,0.10866549899236151,True,75,0.9868421052631579,75,1.0,75,1.0,True
200m_cross_5,top_clutter_full,76,4780,76,1770276671.3316443,198.65641348702567,-45.50780214582171,-10.052063805716378,204.04993178735828,12,2,0.11038938249860308,28.416666666666668,-0.07083333314706881,0.9838902680543586,0.5,0.2838902680543587,0.2,False,nan,False,0.023419610218683697,0.026955985207662996,61.42385203189799,-0.004997258313465086,0.0758305914605339,True,76,0.987012987012987,76,1.0,76,1.0,True
200m_cross_5,top_clutter_full,77,4842,77,1770276672.3163536,198.64972432454428,-45.56991195678711,-10.060263951619467,204.05768488528682,12,2,0.19908269246419508,32.0,-0.06583333263794582,0.9715757560941747,0.5,0.2715757560941748,0.2,False,nan,False,0.06398323883800913,0.08417380463176535,142.81349075167864,0.007873489385201694,0.05795984325274412,True,77,0.9871794871794872,77,1.0,77,1.0,True
200m_cross_5,top_clutter_full,78,4909,78,1770276673.3214624,198.65116271972656,-45.48681411743164,-10.048385047912598,204.03995871035696,7,2,0.28582992553710795,32.714285714285715,-0.13428571288074767,0.9600483335187502,0.5,0.2600483335187502,0.2,False,nan,False,0.08352818631873712,0.1481191942944831,174.85056813736833,-0.017636075161566504,0.15192178804231418,True,78,0.9873417721518988,78,1.0,78,1.0,True
200m_cross_5,top_clutter_full,79,4963,79,1770276674.3308773,198.66902770996094,-45.48464698791504,-10.049288749694824,204.05691335314083,10,1,0.0,31.8,-0.012999999150633813,1.0,0.5,0.3,0.2,False,nan,False,0.017850567828751034,0.08253374838802953,82.59198532894013,0.016796505177973393,0.00379650602733958,True,79,0.9875,79,1.0,79,1.0,True
200m_cross_5,top_clutter_full,80,5028,80,1770276675.3232229,198.67757606506348,-45.55671167373657,-10.046733379364014,204.08118497600185,13,2,0.08380689620971715,32.69230769230769,-0.09538461382572468,0.9876887097209672,0.5,0.28768870972096716,0.2,False,nan,False,0.07317500966276744,0.07533089489508887,90.25251685303279,0.024458841312603296,0.07092577251312138,True,80,0.9876543209876543,80,1.0,80,1.0,True
200m_cross_5,top_clutter_full,81,5094,81,1770276676.3303373,198.69066619873047,-45.41574048995972,-10.04490864276886,204.06241816755056,12,2,0.1683516502380371,29.833333333333332,-0.10583333453784387,0.9757808833588377,0.5,0.27578088335883766,0.2,False,nan,False,0.14058918282578692,0.2126998811090752,167.62147879372293,-0.0186342368428909,0.12446757138073478,True,81,0.9878048780487805,81,1.0,81,1.0,True
200m_cross_5,top_clutter_full,82,5150,82,1770276677.3288805,198.66776123046876,-45.53242111206055,-10.041251182556152,204.06593897552756,7,2,0.059809207916259766,31.714285714285715,-0.0642857136470931,0.991161434388137,0.5,0.29116143438813696,0.2,False,nan,False,0.11913733690662859,0.2586032079050667,173.68366486696775,0.003525944352422925,0.06075976929467017,True,82,0.9879518072289156,82,1.0,82,1.0,True
200m_cross_5,top_clutter_label_span,0,12,0,1770276597.326433,198.66575622558594,-45.50683339436849,-10.041158517201742,204.05827463407192,9,2,0.17003122965494555,28.444444444444443,-0.016666668363743357,0.9755493826307744,0.5,0.2755493826307744,0.2,True,30.881215671719065,False,nan,nan,nan,nan,nan,True,0,0.0,0,0.0,0,0.0,True
200m_cross_5,top_clutter_label_span,1,81,1,1770276598.31947,198.6546914236886,-45.456636156354634,-10.057670865740095,204.0371263729611,9,2,0.33715084620884284,29.88888888888889,-0.060000000107619494,0.953460261544967,0.5,0.2534602615449669,0.2,True,32.193873701362335,False,0.0543679172511166,nan,nan,-0.021296549294548026,0.08129654940216752,True,1,0.5,1,1.0,1,1.0,True
200m_cross_5,top_clutter_label_span,2,142,2,1770276599.3165238,198.66742324829102,-45.52048921585083,-10.056178212165833,204.06368299822688,12,2,0.0822838544845581,32.666666666666664,-0.05083333281800151,0.9879078741138856,0.5,0.2879078741138857,0.2,True,36.94820147670944,False,0.0653195513776598,0.11904395451170684,163.4653722890547,0.02663509594425189,0.02419823687374962,True,2,0.6666666666666666,2,1.0,2,1.0,True
200m_cross_5,top_clutter_label_span,3,200,3,1770276600.3122969,198.68069763183593,-45.44529991149902,-10.037927722930908,204.0589495427483,11,2,0.4048091888427763,31.545454545454547,-0.07818181948228316,0.9450293208284433,0.5,0.24502932082844328,0.2,True,44.10007512809872,False,0.07883623530503009,0.1410685830175496,154.24592998253684,-0.004753548361419762,0.08293536784370292,True,3,0.75,3,1.0,3,1.0,True
200m_cross_5,top_clutter_label_span,4,263,4,1770276601.3208904,198.6301727294922,-45.442999521891274,-10.052639484405518,204.00996859148316,9,2,0.1842142740885464,32.333333333333336,-0.09111111259294881,0.9736022303589533,0.5,0.27360223035895326,0.2,True,53.57425369622771,False,0.0522246650667998,0.10209229187915486,100.67860945482177,-0.04856361694480586,0.13967472953775467,True,4,0.8,4,1.0,4,1.0,True
200m_cross_5,top_clutter_label_span,5,325,5,1770276602.3315082,198.67154693603516,-45.56859016418457,-10.061365962028503,204.0786883937921,9,2,0.06172072887420654,34.22222222222222,-0.05222222146888574,0.9908832867385864,0.5,0.29088328673858643,0.2,True,64.34996008323832,False,0.13112561302882936,0.1545221125778764,108.81285436174261,0.06799781961557141,0.015775598146685672,True,5,0.8333333333333334,5,1.0,5,1.0,True
200m_cross_5,top_clutter_label_span,6,395,6,1770276603.3015053,198.65802612304688,-45.417398834228514,-10.064662551879882,204.0319800723793,9,2,0.3109804153442397,30.88888888888889,-0.015555555000901222,0.9567986377228264,0.5,0.25679863772282635,0.2,True,73.06113383038252,False,0.15652673693415475,0.2883060939655818,165.95611141405146,-0.0481530492805334,0.06370860428143463,True,6,0.8571428571428571,6,1.0,6,1.0,True
200m_cross_5,top_clutter_label_span,7,452,7,1770276604.316519,198.65689086914062,-45.605600357055664,-10.055646657943726,204.07240652138773,8,2,0.10060596466064453,31.75,-0.05249999975785613,0.9852823787347651,0.5,0.2852823787347651,0.2,True,77.15221295976178,False,0.18563372659332436,0.344327569790432,174.34539432825164,0.039828476420574674,0.012671523337281457,True,7,0.875,7,1.0,7,1.0,True
200m_cross_5,top_clutter_label_span,8,520,8,1770276605.3302908,198.65956115722656,-45.46961648123605,-10.046531677246094,204.04421104474991,10,2,0.09495957692464252,32.0,-0.12500000260770322,0.9860889241784243,0.5,0.28608892417842424,0.2,True,76.97998356714946,False,0.13446337910056178,0.315042029277726,173.37734516746275,-0.027812449908223826,0.15281245251592704,True,8,0.8888888888888888,8,1.0,8,1.0,True
200m_cross_5,top_clutter_label_span,9,582,9,1770276606.3210464,198.68338584899902,-45.44061756134033,-10.07690167427063,204.06244506065082,11,2,0.2788483301798479,29.818181818181817,-0.057272725823250686,0.9609576959143666,0.5,0.2609576959143666,0.2,True,76.8819181537049,False,0.04872977129957234,0.11387944875466763,55.47306297022199,0.01840415201652137,0.03886857380672931,True,9,0.9,9,1.0,9,1.0,True
200m_cross_5,top_clutter_label_span,10,649,10,1770276607.3228793,198.66118469238282,-45.44305267333984,-10.048891067504883,204.03999007875774,9,2,0.23504600524902486,31.0,-0.04222222107152144,0.966736017824904,0.5,0.26673601782490414,0.2,True,76.94435521710787,False,0.0357592396243841,0.08139099497310896,146.98010086286715,-0.022413898068834894,0.06463611914035633,True,10,0.9090909090909091,10,1.0,10,1.0,True
200m_cross_5,top_clutter_label_span,11,713,11,1770276608.3127186,198.66683088030135,-45.51921354021345,-10.05543667929513,204.0627851916001,12,2,0.10475823538643958,30.166666666666668,-0.06416666693985462,0.984690708306337,0.5,0.2846907083063371,0.2,True,77.00851126144994,False,0.07743667667010241,0.08710202038098099,92.57228419341706,0.023029104307531054,0.04113756263232357,True,11,0.9166666666666666,11,1.0,11,1.0,True
200m_cross_5,top_clutter_label_span,12,777,12,1770276609.3237019,198.64085170200892,-45.45061165945871,-10.068349293300084,204.02283627724208,9,2,0.21039145333426035,31.666666666666668,-0.04222222293416659,0.9700444966936699,0.5,0.27004449669366987,0.2,True,76.95598735285131,False,0.07367484649641022,0.14823196237988118,157.82574535133185,-0.03951491303179963,0.08173713596596621,True,12,0.9230769230769231,12,1.0,12,1.0,True
200m_cross_5,top_clutter_label_span,13,833,13,1770276610.3278403,198.69246588812933,-45.47801547580295,-10.03807587093777,204.0777029945053,12,2,0.10130702124701507,29.25,-0.09999999792004625,0.9851823967137587,0.5,0.28518239671375867,0.2,True,74.68680290797126,False,0.0655426841847209,0.12879299190021795,137.45778324399345,0.05464058884212637,0.04535940907791988,True,13,0.9285714285714286,13,1.0,13,1.0,True
200m_cross_5,top_clutter_label_span,14,890,14,1770276611.327678,198.63994489397322,-45.4442868913923,-10.056917599269322,204.01998066401825,10,2,0.1069041206723167,35.7,-0.15300000086426735,0.9843854153155689,0.5,0.28438541531556893,0.2,True,70.14132060348263,False,0.06521091729069439,0.12984202015929458,168.53883142178506,-0.057731703982729934,0.21073170484699727,True,14,0.9333333333333333,14,1.0,14,1.0,True
200m_cross_5,top_clutter_label_span,15,950,15,1770276612.3159194,198.67601231166296,-45.44655990600586,-10.058747564043317,204.0556935689651,9,2,0.19115638732910156,25.88888888888889,-0.057777778142028384,0.97265418783244,0.5,0.27265418783244005,0.2,True,62.94747406744399,False,0.03661582260783198,0.09811875559722609,145.16393059285843,0.036137834050107696,0.021639944091920688,True,15,0.9375,15,1.0,15,1.0,True
200m_cross_5,top_clutter_label_span,16,1007,16,1770276613.308137,198.68491744995117,-45.448359966278076,-10.037144660949707,204.0637011294834,9,2,0.10734224319458008,25.333333333333332,-0.045555555158191256,0.9843231243108646,0.5,0.2843231243108646,0.2,True,55.95401389924569,False,0.023619412413171094,0.03663146257426957,70.30863431909333,0.008070367827128349,0.03748518733106291,True,16,0.9411764705882353,16,1.0,16,1.0,True
200m_cross_5,top_clutter_label_span,17,1071,17,1770276614.3261287,198.66445922851562,-45.48856789725168,-10.038246699741908,204.0527960276612,8,2,0.3150171552385572,26.0,-0.09624999831430614,0.9562808457935921,0.5,0.25628084579359217,0.2,True,47.315672318760605,False,0.04432927014106647,0.052528870345590645,97.25814054939552,-0.010712367254061989,0.10696236556836813,True,17,0.9444444444444444,17,1.0,17,1.0,True
200m_cross_5,top_clutter_label_span,18,1133,18,1770276615.3201883,198.6488800048828,-45.44045384724935,-10.066853364308676,204.02831644087257,9,2,0.2796694437662737,30.555555555555557,-0.05666666560702854,0.9608505799496658,0.5,0.2608505799496659,0.2,True,38.36737142575144,False,0.05845071040694175,0.09171222954475013,127.17374293606247,-0.024625875256967283,0.08129254086399582,True,18,0.9473684210526315,18,1.0,18,1.0,True
200m_cross_5,top_clutter_label_span,19,1194,19,1770276616.3091989,198.66104634602866,-45.49538930257162,-10.050875663757324,204.0516157365577,10,2,0.17820707956949633,31.2,-0.09400000236928463,0.9744252566692937,0.5,0.2744252566692936,0.2,True,29.367626930006214,False,0.0591410454175723,0.11764304320311508,165.46580373461364,0.023558186671141835,0.0704418156981428,True,19,0.95,19,1.0,19,1.0,True
200m_cross_5,top_clutter_label_span,20,1258,20,1770276617.3256395,198.65540568033853,-45.42797724405924,-10.060539881388346,204.03158036248126,7,2,0.12102635701497633,27.714285714285715,-0.08571428592715945,0.9823844092759482,0.5,0.2823844092759481,0.2,True,21.797930942462365,False,0.0672291803229405,0.12547119363945483,169.214380829887,-0.0197113077595438,0.10542559368670325,True,20,0.9523809523809523,20,1.0,20,1.0,True
200m_cross_5,top_clutter_label_span,21,1324,21,1770276618.3310142,198.68553161621094,-45.37390627179827,-10.053542409624372,204.04853726248666,10,2,0.3073477972121452,28.4,-0.08099999837577343,0.9572654872598503,0.5,0.2572654872598503,0.2,True,16.81484805221744,False,0.06195829947178175,0.040662505758575836,36.82129053038026,0.0168662494798213,0.06413374889595214,True,21,0.9545454545454546,21,1.0,21,1.0,True
200m_cross_5,silver_feasible,0,15,0,1770276597.326433,209.26432037353516,-17.1528039932251,-3.9346375942230223,210.0029900721069,11,2,0.1048182964324953,20.636363636363637,0.0636363627219742,0.9846821590238357,0.5,0.2846821590238358,0.2,True,0.010071596540844755,True,nan,nan,nan,nan,nan,True,0,0.0,0,0.0,0,0.0,True
200m_cross_5,silver_feasible,1,85,1,1770276598.31947,208.89264351981026,-15.519071442740303,-3.870928628104074,209.50408631714868,9,2,0.2522832325526654,27.11111111111111,1.6855555375417073,0.9644470013835116,0.5,0.26444700138351157,0.2,True,0.06282036954557205,True,1.6884452393655482,nan,nan,-0.5024019873324367,1.1831535502092705,True,0,0.0,0,0.0,0,0.0,True
200m_cross_5,silver_feasible,2,144,2,1770276599.3165238,207.86917961968317,-10.26972484588623,-3.9338185522291393,208.15988569504015,14,3,0.1787114143371582,24.714285714285715,3.087857178279332,0.9743560642946589,0.5,0.27435606429465886,0.2,True,0.039742918903423005,True,5.364362201235344,3.6984829948541433,3.363343473553613,-1.3481725249297274,1.7396846533496044,True,0,0.0,0,0.0,0,0.0,True
200m_cross_5,silver_feasible,3,203,3,1770276600.3122969,206.20786813589243,-2.4132155638474684,-4.077108713296743,206.26228764843864,22,2,0.11397662325801994,25.636363636363637,3.879090894352306,0.9833815330590896,0.5,0.28338153305908964,0.2,True,0.05303861428281168,True,8.065607253729135,2.7132788049793417,0.9717154324312272,-1.905653095479637,1.9734377988726692,True,0,0.0,0,0.0,0,0.0,True
200m_cross_5,silver_feasible,4,265,4,1770276601.3208904,204.03146362304688,7.574453353881836,-4.040836493174235,204.2119948762496,6,3,0.1866447925567627,35.5,3.396666685740153,0.9732699346756317,0.5,0.27326993467563176,0.2,True,0.0781328029344061,True,10.13501657207031,2.0746445736538974,1.2755099792378182,-2.0328235822593257,1.3638431034808272,True,0,0.0,0,0.0,0,0.0,True
200m_cross_5,silver_feasible,5,326,5,1770276602.3315082,201.8534223768446,18.43020968967014,-4.14979690975613,202.73553602869492,9,1,0.0,35.111111111111114,1.9477777745988634,1.0,0.5,0.3,0.2,True,0.0,True,10.956301022975246,0.843265956061956,1.2196629599470017,-1.4609469034046574,0.486830871194206,True,0,0.0,0,0.0,0,0.0,True
200m_cross_5,silver_feasible,6,396,6,1770276603.3015053,200.0181427001953,27.577951431274414,-4.020491600036621,201.95040274059218,3,3,0.6016311645507812,29.333333333333332,0.7666666706403097,0.8768054035312216,0.5,0.22206428063740488,0.15474112289381664,True,0.19983150480596207,True,9.61953778913565,1.3720207307316636,1.3578433379245685,-0.809418124442199,0.04275145380188927,True,0,0.0,0,0.0,0,0.0,True
200m_cross_5,silver_feasible,7,454,7,1770276604.316519,199.32899475097656,31.317699273427326,-4.154950519402822,201.81702120989289,24,1,0.0,32.083333333333336,-0.28958333500971395,1.0,0.5,0.3,0.2,True,0.0,True,3.748807612677998,5.923313678811188,2.960216285494682,-0.13140860205872962,0.42099193706844357,True,0,0.0,0,0.0,0,0.0,True
200m_cross_5,silver_feasible,8,521,8,1770276605.3302908,199.38022783067493,31.285640080769856,-4.213085042105781,201.86385662284204,18,1,0.0,29.77777777777778,0.04999999846849176,1.0,0.5,0.3,0.2,True,0.0,True,0.08271927908586682,3.733983127352847,117.50907072122409,0.04619916851598819,0.09619916698447994,True,0,0.0,0,0.0,1,0.125,False
200m_cross_5,silver_feasible,9,584,9,1770276606.3210464,199.338623046875,31.215590053134495,-4.226616435580784,201.81219979744287,18,1,0.0,28.0,-0.2638888887854086,1.0,0.5,0.3,0.2,True,0.0,True,0.08336034695306345,0.10928628251720346,82.52634462883927,-0.052138819693038796,0.3160277084784474,True,1,0.1,1,0.1111111111111111,2,0.2222222222222222,True
200m_cross_5,silver_feasible,10,650,10,1770276607.3228793,199.39349147251673,31.277729851858957,-4.233475753239223,201.87615793659174,21,1,0.0,28.476190476190474,-0.05761904845989886,1.0,0.5,0.3,0.2,True,0.0,True,0.0830280325124574,0.16500816367057003,162.25187882960495,0.06384112079809909,0.006222072338200227,True,2,0.18181818181818182,2,0.2,3,0.3,True
200m_cross_5,silver_feasible,11,714,11,1770276608.3127186,199.26770983244242,31.263525511089124,-4.193633631656044,201.7488903867517,19,1,0.0,32.1578947368421,-0.02000000151364427,1.0,0.5,0.3,0.2,True,0.0,True,0.13406554708786123,0.20362267504574358,136.88207101201996,-0.12857394918361775,0.14857395069726204,True,1,0.08333333333333333,1,0.09090909090909091,4,0.36363636363636365,True
200m_cross_5,silver_feasible,12,778,12,1770276609.3237019,199.21319732666015,31.275342750549317,-4.150213623046875,201.69598242501533,10,1,0.0,35.9,0.04699999988079071,1.0,0.5,0.3,0.2,True,0.0,True,0.06991840255718294,0.07766357328853504,26.169586794248904,-0.052333174512958505,0.005333174632167793,True,2,0.15384615384615385,2,0.16666666666666666,5,0.4166666666666667,True
200m_cross_5,silver_feasible,13,834,13,1770276610.3278403,199.60470363071985,28.970023018973215,-4.140965121132987,201.73856234582865,7,1,0.0,32.0,-0.33285714047295706,1.0,0.5,0.3,0.2,True,0.0,True,2.3287086605937857,2.3324073006289514,106.94820147663575,0.04240443135916625,0.2904527091137908,True,0,0.0,0,0.0,1,0.07692307692307693,False
200m_cross_5,silver_feasible,14,891,14,1770276611.327678,200.48155721028647,24.504732131958008,-4.170624017715454,202.01665966701242,7,2,0.5623550415039062,30.285714285714285,-1.041428574493953,0.9264682942535443,0.5,0.2264682942535442,0.2,True,0.0812669903103463,True,4.551406464891326,2.220117184724596,1.589069885026358,0.2781424812460131,0.76328609324794,True,0,0.0,0,0.0,0,0.0,False
200m_cross_5,silver_feasible,15,951,15,1770276612.3159194,201.8937530517578,17.710593032836915,-4.1676836013793945,202.71191926845384,19,4,1.7825143814086921,30.736842105263158,-2.2084210671876607,0.8230419413643695,0.5,0.12304194136436944,0.2,True,0.5937638118175402,True,7.021921576424938,2.4864341762610604,0.7468506970764442,0.7035321303609443,1.5048889368267164,True,0,0.0,0,0.0,1,0.06666666666666667,False
200m_cross_5,silver_feasible,16,1008,16,1770276613.308137,203.56941562228732,10.168722576565212,-4.207700888315837,203.86665897690148,15,3,0.5098385281033018,29.866666666666667,-3.3546666622161867,0.9324937192315208,0.5,0.2324937192315209,0.2,True,0.2031485681636589,True,7.786480206686005,0.7799664655462025,0.8476978476652519,1.1637969104893076,2.190869751726879,True,0,0.0,0,0.0,0,0.0,False
200m_cross_5,silver_feasible,17,1073,17,1770276614.3261287,205.51424598693848,1.0843398123979568,-4.136523723602295,205.55873108414667,12,2,0.40539905428886414,28.5,-3.928333342075348,0.944957064319554,0.5,0.244957064319554,0.2,True,0.14992931406059204,True,9.12630429018025,1.3389327201806833,0.8587116423739398,1.6621667664083197,2.266166575667028,True,0,0.0,0,0.0,0,0.0,False
200m_cross_5,silver_feasible,18,1136,18,1770276615.3201883,207.29900687081474,-8.636303084237236,-4.131722450256348,207.51996316257106,14,3,1.0884969234466553,24.571428571428573,-4.5257143293108255,0.8740833161276875,0.5,0.17408331612768746,0.2,True,0.10096150961042755,True,9.942192702349148,0.8598807468389809,1.7293959581213771,1.972952277759643,2.5527620515511824,True,0,0.0,0,0.0,0,0.0,False
200m_cross_5,silver_feasible,19,1195,19,1770276616.3091989,208.99728393554688,-18.40204429626465,-3.9612913131713867,209.8432552063208,10,5,0.779326121012371,28.2,-5.59800009727478,0.9031855120406771,0.5,0.20318551204067709,0.2,True,0.311555323721219,True,10.023930157861567,0.20987841378770564,1.098398859958404,2.349107389249904,3.248892708024876,True,0,0.0,0,0.0,1,0.05263157894736842,False
200m_cross_5,silver_feasible,20,1262,20,1770276617.3256395,210.42629665798611,-28.27408175998264,-3.785742203394572,212.35108162803297,11,2,0.5086675220065651,28.90909090909091,-4.980909130790017,0.9326298848716661,0.5,0.2326298848716662,0.2,True,0.09292098149641409,True,9.815106713906937,0.3498816198869005,1.628525599714839,2.4672630626867624,2.513646068103254,True,0,0.0,1,0.05,1,0.05,False
200m_cross_5,silver_feasible,21,1328,21,1770276618.3310142,212.23568115234374,-37.69139760335286,-3.7201686541239423,215.58864873250744,15,1,0.0,31.266666666666666,-1.78133331934611,1.0,0.5,0.3,0.2,True,0.0,True,9.538520346514067,0.5289594120479144,2.710191322890764,3.220259273472731,1.438925954126621,True,0,0.0,0,0.0,0,0.0,False
200m_cross_10,top_clutter_full,0,14,0,1770275801.3312817,198.66361618041992,-45.532647132873535,-10.051011085510254,204.06243449652615,7,2,0.11759599049886305,32.42857142857143,-0.10142857075801917,0.9828691658914497,0.5,0.2828691658914497,0.2,False,nan,False,nan,nan,nan,nan,nan,True,0,0.0,0,0.0,0,0.0,True
200m_cross_10,top_clutter_full,1,80,1,1770275802.3255057,198.63445027669272,-45.652323404947914,-9.966554959615072,204.0566384285424,5,2,0.11556450525919537,26.6,-0.15399999767541886,0.9831566341312381,0.5,0.28315663413123815,0.2,False,nan,False,0.15021924496010045,nan,nan,-0.005829740145978983,0.15982973782139784,True,1,0.5,1,1.0,1,1.0,True
200m_cross_10,top_clutter_full,2,151,2,1770275803.3338487,198.65216827392578,-45.517857233683266,-10.057063420613607,204.0482879411742,8,2,0.08901151021321851,30.875,-0.0249999996740371,0.9869410286471239,0.5,0.2869410286471239,0.2,False,nan,False,0.1617056691608992,0.3112076844579363,174.8234314551343,-0.008281395837277395,0.033281395511314496,True,2,0.6666666666666666,2,1.0,2,1.0,True
200m_cross_10,top_clutter_full,3,206,3,1770275804.302667,198.63270263671876,-45.574798583984375,-10.05541934967041,204.04196696031826,7,2,0.11030006408691406,34.42857142857143,0.01999999981905733,0.9839029466513829,0.5,0.2839029466513829,0.2,False,nan,False,0.06213663054409633,0.21858844259377802,146.13336142904848,-0.006524424227484456,0.013475575591572874,True,3,0.75,3,1.0,3,1.0,True
200m_cross_10,top_clutter_full,4,265,4,1770275805.3083267,198.64623805454798,-45.595308031354634,-10.060080255780901,204.05995497022684,11,2,0.10812064579554992,33.63636363636363,-0.016363635659217834,0.984212486912631,0.5,0.28421248691263107,0.2,False,nan,False,0.024870614503500144,0.0520333533841829,53.44814927083688,0.017886774011452163,0.0015231383522343288,True,4,0.8,4,1.0,4,1.0,True
200m_cross_10,top_clutter_full,5,326,5,1770275806.305339,198.6506233215332,-45.587345123291016,-10.060302734375,204.06245581324114,12,2,0.12183976173400879,31.416666666666668,-0.08000000069538753,0.9822695862213913,0.5,0.2822695862213913,0.2,False,nan,False,0.009120541218439283,0.03007674590615064,116.9061113296751,0.002508336980095278,0.07749166371529224,True,5,0.8333333333333334,5,1.0,5,1.0,True
200m_cross_10,top_clutter_full,6,394,6,1770275807.3184383,198.65910847981772,-45.58237648010254,-10.067375659942627,204.06995486903062,8,2,0.18044090270996094,32.25,0.003749999450519681,0.9741189190328272,0.5,0.27411891903282715,0.2,False,nan,False,0.011955844572190316,0.00838334106859082,44.65623518228725,0.007402094323096899,0.011152093773616579,True,6,0.8571428571428571,6,1.0,6,1.0,True
200m_cross_10,top_clutter_full,7,453,7,1770275808.3234842,198.634130859375,-45.675717163085935,-10.055488204956054,204.0659254350455,10,2,0.13408203124999574,34.4,-0.056999999657273294,0.9805470533523155,0.5,0.2805470533523156,0.2,False,nan,False,0.09686458931968686,0.10402338927760083,130.11598673229764,-0.004009203979615779,0.061009203636889074,True,7,0.875,7,1.0,7,1.0,True
200m_cross_10,top_clutter_full,8,520,8,1770275809.3251147,198.6808795928955,-45.528783321380615,-10.056856393814087,204.07866715327614,10,2,0.23963022232055664,28.9,-0.036999999359250066,0.9661253300703263,0.5,0.26612533007032624,0.2,False,nan,False,0.15394648616262988,0.24953092167557972,172.97160321183125,0.012720976110943895,0.02427902324830617,True,8,0.8888888888888888,8,1.0,8,1.0,True
200m_cross_10,top_clutter_full,9,591,9,1770275810.3347442,198.6739761352539,-45.52778091430664,-10.061491680145263,204.0719511427334,13,2,0.08482205073038607,29.384615384615383,-0.03538461588323116,0.987542722526882,0.5,0.2875427225268821,0.2,False,nan,False,0.008295583539510546,0.15438147638210184,97.52358251584201,-0.006651955616008729,0.042036571499239894,True,9,0.9,9,1.0,9,1.0,True
200m_cross_10,top_clutter_full,10,655,10,1770275811.3485148,198.654296875,-45.56733932495117,-10.06845817565918,204.06196590764011,8,2,0.1454807281494137,27.875,-0.03999999910593033,0.9789526657398206,0.5,0.27895266573982075,0.2,False,nan,False,0.04412130944927742,0.04151933111478104,69.94080567898743,-0.009849600380416143,0.04984959948634647,True,10,0.9090909090909091,10,1.0,10,1.0,True
200m_cross_10,top_clutter_full,11,720,11,1770275812.3336523,198.66950607299805,-45.554771423339844,-10.036365032196045,204.0723853581891,6,2,0.06252908706665039,28.833333333333332,-0.08999999985098839,0.9907657415509004,0.5,0.2907657415509004,0.2,False,nan,False,0.03824118563328304,0.07387680537014887,127.253841936526,0.010576646350780464,0.07942335350020792,True,11,0.9166666666666666,11,1.0,11,1.0,True
200m_cross_10,top_clutter_full,12,779,12,1770275813.3197362,198.6142578125,-45.64378890991211,-10.078384971618652,204.0405663491919,10,2,0.11902084350585795,33.9,-0.0669999998062849,0.9826677141689402,0.5,0.2826677141689402,0.2,False,nan,False,0.11447419455704076,0.14834153635531686,141.05875589275718,-0.03226805170898827,0.09926805151527318,True,12,0.9230769230769231,12,1.0,12,1.0,True
200m_cross_10,top_clutter_full,13,843,13,1770275814.3281603,198.69720458984375,-45.56556558609009,-9.97302782535553,204.09865546593838,12,2,0.12257814407348633,30.416666666666668,-0.036666665536661945,0.9821653940172768,0.5,0.28216539401727686,0.2,False,nan,False,0.15394230380133117,0.26326586571468347,155.7156365476249,0.05760385932084889,0.020937193784186944,True,13,0.9285714285714286,13,1.0,13,1.0,True
200m_cross_10,top_clutter_full,14,912,14,1770275815.3308313,198.68104298909506,-45.66276295979818,-9.945654392242432,204.10330914918376,11,2,0.256342824300134,29.636363636363637,-0.04727272774008187,0.963910772353127,0.5,0.26391077235312704,0.2,False,nan,False,0.10199112147920039,0.2134933086127388,112.43927725543453,0.0046412863540183725,0.0426314413860635,True,14,0.9333333333333333,14,1.0,14,1.0,True
200m_cross_10,top_clutter_full,15,975,15,1770275816.3288374,198.65453592936197,-45.57647450764974,-10.049442715115017,204.06330138645947,10,2,0.21394602457682055,31.7,-0.009999998845160007,0.9695649767407726,0.5,0.2695649767407725,0.2,False,nan,False,0.13782602704587546,0.22571777291697334,140.15304059226642,-0.04008769335867989,0.0500876922038399,True,15,0.9375,15,1.0,15,1.0,True
200m_cross_10,top_clutter_full,16,1041,16,1770275817.3153162,198.64942714146204,-45.61394609723772,-10.057401520865303,204.0670926620572,10,2,0.1378951299758171,34.4,-0.022999999485909937,0.9800126861071115,0.5,0.2800126861071114,0.2,False,nan,False,0.03917634510316778,0.15981503244792566,115.30151846757902,0.0038432408039942682,0.01915675868191567,True,16,0.9411764705882353,16,1.0,16,1.0,True
200m_cross_10,top_clutter_full,17,1109,17,1770275818.3235276,198.67808151245117,-45.51771783828735,-10.061697840690613,204.07371333445053,10,2,0.2847476005554199,32.5,0.03100000023841858,0.9601891000079936,0.5,0.2601891000079936,0.2,False,nan,False,0.09967732878238554,0.13801425580748364,163.19795356353882,0.006566750348392268,0.037566750586810846,True,17,0.9444444444444444,17,1.0,17,1.0,True
200m_cross_10,top_clutter_full,18,1176,18,1770275819.323591,198.6515350341797,-45.51204147338867,-10.048408889770508,204.0459477954105,7,2,0.08583393096923864,25.0,-0.035714284383824894,0.9873972799232333,0.5,0.28739727992323333,0.2,False,nan,False,0.030222789139263448,0.10627304498413571,95.12891809745727,-0.027763778279467383,0.06347806266329228,True,18,0.9473684210526315,18,1.0,18,1.0,True
200m_cross_10,top_clutter_full,19,1244,19,1770275820.3265488,198.65432167053223,-45.51740264892578,-10.050537824630737,204.0499614625008,10,2,0.16571807861328125,33.2,-0.0759999992325902,0.9761442669100153,0.5,0.2761442669100153,0.2,False,nan,False,0.006387347215058516,0.03485884516323558,133.26176212734927,0.004001830392733635,0.07199816883985656,True,19,0.95,19,1.0,19,1.0,True
200m_cross_10,top_clutter_full,20,1308,20,1770275821.3189185,198.63983662923178,-45.51488494873047,-10.04316504796346,204.03493478364115,8,2,0.06740379333496094,32.0,-0.0350000006146729,0.9900579057327707,0.5,0.2900579057327707,0.2,False,nan,False,0.01657374503060411,0.02138680075462372,131.312529620991,-0.015142219265239969,0.05014221987991287,True,20,0.9523809523809523,20,1.0,20,1.0,True
200m_cross_10,top_clutter_full,21,1367,21,1770275822.3269553,198.62730625697546,-45.471428462437224,-10.067660195486885,204.01425288231374,9,2,0.22600119454519785,33.111111111111114,0.01333333489795526,0.9679450379985277,0.5,0.26794503799852765,0.2,False,nan,False,0.0510242399875103,0.05154149786043463,82.5070449607906,-0.020517009163677814,0.007183674265722554,True,21,0.9545454545454546,21,1.0,21,1.0,True
200m_cross_10,top_clutter_full,22,1433,22,1770275823.325609,198.66559491838728,-45.49202837262835,-10.058211871555873,204.0556563190197,11,2,0.13519368852887936,31.636363636363637,-0.01363636316223578,0.9803911605941946,0.5,0.2803911605941947,0.2,False,nan,False,0.044553227731657236,0.08791001708475757,134.5840432923708,0.041459255362653616,0.027822892200417837,True,22,0.9565217391304348,22,1.0,22,1.0,True
200m_cross_10,top_clutter_full,23,1499,23,1770275824.3333356,198.67323739188058,-45.52080808367048,-10.067143848964147,204.06995518605044,10,2,0.09167203449067607,32.0,-0.03599999994039536,0.9865595756331693,0.5,0.2865595756331693,0.2,False,nan,False,0.030849565568263702,0.03655289090448184,54.60894509807736,0.014189231530907833,0.02181076840948752,True,23,0.9583333333333334,23,1.0,23,1.0,True
200m_cross_10,top_clutter_full,24,1563,24,1770275825.322195,198.6980234781901,-45.631826400756836,-9.953147570292154,204.1132853622326,11,2,0.10341199239095111,33.45454545454545,0.02454545552080328,0.9848824042523994,0.5,0.2848824042523993,0.2,False,nan,False,0.16285644833000928,0.1510049529490162,61.793762504211756,0.04381833809994766,0.06836379362075094,True,24,0.96,24,1.0,24,1.0,True
200m_cross_10,top_clutter_full,25,1628,25,1770275826.3216853,198.65775844029017,-45.57701110839844,-10.06067167009626,204.06711161906819,10,2,0.0934170314243854,27.5,-0.04700000025331974,0.9863096618833027,0.5,0.28630966188330265,0.2,False,nan,False,0.1272946854211474,0.28779465067274723,160.72527832409224,-0.04619729172210394,0.09319729197542367,True,25,0.9615384615384616,25,1.0,25,1.0,True
200m_cross_10,top_clutter_full,26,1687,26,1770275827.3217409,198.66785430908203,-45.436705112457275,-10.046240210533142,204.04493977949753,10,2,0.3736109733581543,31.9,-0.05599999912083149,0.9488815269799855,0.5,0.2488815269799856,0.2,False,nan,False,0.1413992385444695,0.15728432269596176,71.41943910732772,-0.022170607959490794,0.07817060708032228,True,26,0.9629629629629629,26,1.0,26,1.0,True
200m_cross_10,top_clutter_full,27,1752,27,1770275828.33184,198.66397285461426,-45.58486986160278,-10.036086082458496,204.07370603419903,10,2,0.11365652084350586,29.2,0.06400000043213368,0.9834268922453695,0.5,0.2834268922453696,0.2,False,nan,False,0.14707763730764284,0.2859015642864899,169.8804775685846,0.028478643960956382,0.09247864439309006,True,27,0.9642857142857143,27,1.0,27,1.0,True
200m_cross_10,top_clutter_full,28,1815,28,1770275829.317971,198.65612411499023,-45.567726612091064,-10.065566301345825,204.06368854343359,11,2,0.1418427626291905,34.0,-0.027272727848453956,0.9794605375947298,0.5,0.27946053759472994,0.2,False,nan,False,0.0354861155623361,0.16923009088713367,122.70394712955199,-0.010158377786083346,0.037431105634537304,True,28,0.9655172413793104,28,1.0,28,1.0,True
200m_cross_10,top_clutter_full,29,1881,29,1770275830.3180628,198.6559829711914,-45.50494956970215,-10.07386048634847,204.04995141065297,10,2,0.20295333862304688,27.9,0.03700000233948231,0.9710506775278163,0.5,0.27105067752781625,0.2,False,nan,False,0.06331693656488238,0.05122244018092317,53.37932274257764,-0.01373587194909624,0.023264130390386068,True,29,0.9666666666666667,29,1.0,29,1.0,True
200m_cross_10,top_clutter_full,30,1946,30,1770275831.3356285,198.66621208190918,-45.50165796279907,-10.03868556022644,204.0574426677811,11,2,0.1523159344991072,29.818181818181817,-0.019999998875639656,0.9780009434546517,0.5,0.27800094345465176,0.2,True,49.80305804525919,False,0.03614477013183055,0.07341654155295568,92.1298105204656,0.007361939310286236,0.01263805956535342,True,30,0.967741935483871,30,1.0,30,1.0,True
200m_cross_10,top_clutter_full,31,2011,31,1770275832.3232634,198.63682301839194,-45.5281670888265,-10.043014208475748,204.0349567885359,10,2,0.13337008158365649,31.2,-0.04799999985843897,0.9806469388201304,0.5,0.28064693882013053,0.2,True,62.63389997387855,False,0.040312892720892564,0.06313275365249826,111.64520454533934,-0.02276740049202402,0.07076740035046299,True,31,0.96875,31,1.0,31,1.0,True
200m_cross_10,top_clutter_full,32,2074,32,1770275833.3298044,198.65044148763022,-45.510501861572266,-10.056980927785238,204.0449620752848,9,2,0.08739233016967773,29.333333333333332,0.004444444138142798,0.9871734273018755,0.5,0.28717342730187556,0.2,True,72.0541967431168,False,0.02614612446858306,0.06290864699567583,140.46193683126495,0.009940267323955348,0.014384711462098146,True,32,0.9696969696969697,32,1.0,32,1.0,True
200m_cross_10,top_clutter_full,33,2134,33,1770275834.3194036,198.67737325032553,-45.47479756673177,-10.0583389600118,204.06328929530392,9,2,0.09423573811848485,28.88888888888889,0.0066666681733396314,0.9861924840501235,0.5,0.28619248405012343,0.2,True,77.93793944595213,False,0.04521353182166236,0.026260308526446084,30.319321951827835,0.018519840661077636,0.025186508834417268,True,33,0.9705882352941176,33,1.0,33,1.0,True
200m_cross_10,top_clutter_full,34,2194,34,1770275835.3165312,198.64579264322916,-45.521172841389976,-10.066695849100748,204.0432955944174,10,2,0.2913881937662737,30.4,-0.01099999900907278,0.9593266276468455,0.5,0.2593266276468455,0.2,True,80.19633022361734,False,0.05688940733676382,0.10235315239355564,169.42137976963903,-0.020051297577938533,0.031051296587011314,True,34,0.9714285714285714,34,1.0,34,1.0,True
200m_cross_10,top_clutter_full,35,2263,35,1770275836.32418,198.6986083984375,-45.63906555175781,-9.963131523132324,204.11596035993975,9,2,0.12063136100769078,31.666666666666668,0.009999998948640294,0.9824401851406697,0.5,0.2824401851406696,0.2,True,80.237768405539,False,0.16431423501157952,0.15581873782371142,71.79761433654318,0.0721131928798355,0.08211319182847579,True,35,0.9722222222222222,35,1.0,35,1.0,True
200m_cross_10,top_clutter_full,36,2323,36,1770275837.327859,198.6275634765625,-45.48777103424072,-10.054161787033081,204.01748075971142,7,2,0.24278418223062914,33.42857142857143,-0.10714285767504148,0.9657059864943889,0.5,0.2657059864943889,0.2,True,80.02775508343937,False,0.1896281791494065,0.3505680949042328,169.81944556975387,-0.09811861819237717,0.20526147586741866,True,36,0.972972972972973,36,1.0,36,1.0,True
200m_cross_10,top_clutter_full,37,2385,37,1770275838.325653,198.6740239461263,-45.519386291503906,-10.058175086975098,204.06996154598886,9,2,0.0957663853963222,33.111111111111114,0.012222221949034266,0.9859735379697911,0.5,0.28597353796979125,0.2,True,80.0846302435512,False,0.056464647430824286,0.2334128432612327,136.04001954056685,0.05259680687518854,0.0648190288242228,True,37,0.9736842105263158,37,1.0,37,1.0,True
200m_cross_10,top_clutter_full,38,2450,38,1770275839.3352473,198.67708740234374,-45.588148498535155,-9.970025825500489,204.0839674182276,9,2,0.06450028419494558,29.88888888888889,-0.04666666479574309,0.9904793044327178,0.5,0.2904793044327179,0.2,True,77.77241533423788,False,0.11077599714097065,0.10713696802877393,71.85292535590568,0.0138727740416928,0.032793890754050294,True,38,0.9743589743589743,38,1.0,38,1.0,True
200m_cross_10,top_clutter_full,39,2510,39,1770275840.3155549,198.68901977539062,-45.586857604980466,-9.982575798034668,204.09590879085704,9,2,0.07836041450500453,30.88888888888889,0.023333333846595552,0.9884732230926405,0.5,0.2884732230926406,0.2,True,72.76560307267876,False,0.017714019615364236,0.1227926299558606,126.62027938817982,0.012181250950990943,0.0355145847975865,True,39,0.975,39,1.0,39,1.0,True
200m_cross_10,top_clutter_full,40,2562,40,1770275841.3229115,198.6581050327846,-45.534989493233816,-10.040769577026367,204.05708764231818,10,2,0.0723406473795567,31.0,0.020000001043081285,0.9893428019141255,0.5,0.2893428019141254,0.2,True,65.22936686163857,False,0.08324780593787218,0.0803476543506891,72.89158272984717,-0.03853764084700382,0.018537639803922534,True,40,0.975609756097561,40,1.0,40,1.0,True
200m_cross_10,top_clutter_full,41,2620,41,1770275842.3264282,198.58980814615884,-45.65819803873698,-10.070504188537598,204.01960200501335,6,2,0.14745839436848485,32.333333333333336,-0.030000001192092896,0.9786769644416948,0.5,0.27867696444169476,0.2,True,57.130905494741086,False,0.14347100414483555,0.17945951830807852,102.18711715665434,-0.03735427449735284,0.06735427568944574,True,41,0.9761904761904762,41,1.0,41,1.0,True
200m_cross_10,top_clutter_full,42,2683,42,1770275843.3202274,198.65001220703124,-45.48640060424805,-10.032390975952149,204.03795935677792,9,2,0.068723821640015,31.666666666666668,-0.022222222967280283,0.9898665265733588,0.5,0.2898665265733589,0.2,True,49.574409587363846,False,0.18714838259957928,0.3299510202540604,170.51910666381434,0.018471892095839226,0.003750330871441058,True,42,0.9767441860465116,42,1.0,42,1.0,True
200m_cross_10,top_clutter_full,43,2746,43,1770275844.3358884,198.68627057756697,-45.62694658551897,-9.93690926688058,204.0999621178754,10,2,0.12212476276216044,31.3,-0.07599999979138375,0.9822293655260497,0.5,0.2822293655260497,0.2,True,43.54120711262,False,0.17105821220454806,0.31566978828752823,124.54547923171285,0.0610467085217413,0.014953291269642448,True,43,0.9772727272727273,43,1.0,43,1.0,True
200m_cross_10,top_clutter_full,44,2817,44,1770275845.3265548,198.6443372453962,-45.5229503086635,-10.048608234950475,204.04138367480078,11,2,0.08457391602652464,26.90909090909091,-0.015454545278440823,0.9875783994041551,0.5,0.2875783994041551,0.2,True,40.191459148070564,False,0.15976400722727846,0.32768803022374754,167.08175032785758,-0.05913034266382865,0.07458488794226947,True,44,0.9777777777777777,44,1.0,44,1.0,True
200m_cross_10,top_clutter_full,45,2885,45,1770275846.3150702,198.64688110351562,-45.503103256225586,-10.093312422434488,204.04163970561956,9,2,0.23042996724446851,31.555555555555557,-0.065555556366841,0.9673523606144687,0.5,0.26735236061446876,0.2,True,39.3984161204507,False,0.04954699382512324,0.11863988148855574,26.27826625171518,0.00025900539811610007,0.0652965509687249,True,45,0.9782608695652174,45,1.0,45,1.0,True
200m_cross_10,top_clutter_full,46,2951,46,1770275847.3225572,198.67865498860678,-45.7320442199707,-9.948862711588541,204.11665215232497,4,2,0.31110382080078125,29.25,-0.07500000111758709,0.9364316733758833,0.5,0.2567827930350979,0.17964888034078544,True,40.05904631891698,False,0.27053505687929463,0.31299500554038523,144.88972593510914,0.07445499777109695,0.0005450033464901444,True,46,0.9787234042553191,46,1.0,46,1.0,True
200m_cross_10,top_clutter_full,47,3016,47,1770275848.3193035,198.6502482096354,-45.45818265279134,-10.060278097788492,204.03327346109296,8,2,0.13421694437662524,27.5,-0.004999999888241291,0.980528129250533,0.5,0.280528129250533,0.2,True,39.79942677446962,False,0.297988911107747,0.565114561430518,169.8735612420489,-0.08365086591633791,0.0886508658045792,True,47,0.9791666666666666,47,1.0,47,1.0,True
200m_cross_10,top_clutter_label_span,0,1946,30,1770275831.3356285,198.66621208190918,-45.50165796279907,-10.03868556022644,204.0574426677811,11,2,0.1523159344991072,29.818181818181817,-0.019999998875639656,0.9780009434546517,0.5,0.27800094345465176,0.2,True,49.80305804525919,False,nan,nan,nan,nan,nan,True,30,0.967741935483871,30,1.0,30,1.0,True
200m_cross_10,top_clutter_label_span,1,2011,31,1770275832.3232634,198.63682301839194,-45.5281670888265,-10.043014208475748,204.0349567885359,10,2,0.13337008158365649,31.2,-0.04799999985843897,0.9806469388201304,0.5,0.28064693882013053,0.2,True,62.63389997387855,False,0.040312892720892564,nan,nan,-0.02276740049202402,0.07076740035046299,True,31,0.96875,31,1.0,31,1.0,True
200m_cross_10,top_clutter_label_span,2,2074,32,1770275833.3298044,198.65044148763022,-45.510501861572266,-10.056980927785238,204.0449620752848,9,2,0.08739233016967773,29.333333333333332,0.004444444138142798,0.9871734273018755,0.5,0.28717342730187556,0.2,True,72.0541967431168,False,0.02614612446858306,0.06290864699567583,140.46193683126495,0.009940267323955348,0.014384711462098146,True,32,0.9696969696969697,32,1.0,32,1.0,True
200m_cross_10,top_clutter_label_span,3,2134,33,1770275834.3194036,198.67737325032553,-45.47479756673177,-10.0583389600118,204.06328929530392,9,2,0.09423573811848485,28.88888888888889,0.0066666681733396314,0.9861924840501235,0.5,0.28619248405012343,0.2,True,77.93793944595213,False,0.04521353182166236,0.026260308526446084,30.319321951827835,0.018519840661077636,0.025186508834417268,True,33,0.9705882352941176,33,1.0,33,1.0,True
200m_cross_10,top_clutter_label_span,4,2194,34,1770275835.3165312,198.64579264322916,-45.521172841389976,-10.066695849100748,204.0432955944174,10,2,0.2913881937662737,30.4,-0.01099999900907278,0.9593266276468455,0.5,0.2593266276468455,0.2,True,80.19633022361734,False,0.05688940733676382,0.10235315239355564,169.42137976963903,-0.020051297577938533,0.031051296587011314,True,34,0.9714285714285714,34,1.0,34,1.0,True
200m_cross_10,top_clutter_label_span,5,2263,35,1770275836.32418,198.6986083984375,-45.63906555175781,-9.963131523132324,204.11596035993975,9,2,0.12063136100769078,31.666666666666668,0.009999998948640294,0.9824401851406697,0.5,0.2824401851406696,0.2,True,80.237768405539,False,0.16431423501157952,0.15581873782371142,71.79761433654318,0.0721131928798355,0.08211319182847579,True,35,0.9722222222222222,35,1.0,35,1.0,True
200m_cross_10,top_clutter_label_span,6,2323,36,1770275837.327859,198.6275634765625,-45.48777103424072,-10.054161787033081,204.01748075971142,7,2,0.24278418223062914,33.42857142857143,-0.10714285767504148,0.9657059864943889,0.5,0.2657059864943889,0.2,True,80.02775508343937,False,0.1896281791494065,0.3505680949042328,169.81944556975387,-0.09811861819237717,0.20526147586741866,True,36,0.972972972972973,36,1.0,36,1.0,True
200m_cross_10,top_clutter_label_span,7,2385,37,1770275838.325653,198.6740239461263,-45.519386291503906,-10.058175086975098,204.06996154598886,9,2,0.0957663853963222,33.111111111111114,0.012222221949034266,0.9859735379697911,0.5,0.28597353796979125,0.2,True,80.0846302435512,False,0.056464647430824286,0.2334128432612327,136.04001954056685,0.05259680687518854,0.0648190288242228,True,37,0.9736842105263158,37,1.0,37,1.0,True
200m_cross_10,top_clutter_label_span,8,2450,38,1770275839.3352473,198.67708740234374,-45.588148498535155,-9.970025825500489,204.0839674182276,9,2,0.06450028419494558,29.88888888888889,-0.04666666479574309,0.9904793044327178,0.5,0.2904793044327179,0.2,True,77.77241533423788,False,0.11077599714097065,0.10713696802877393,71.85292535590568,0.0138727740416928,0.032793890754050294,True,38,0.9743589743589743,38,1.0,38,1.0,True
200m_cross_10,top_clutter_label_span,9,2510,39,1770275840.3155549,198.68901977539062,-45.586857604980466,-9.982575798034668,204.09590879085704,9,2,0.07836041450500453,30.88888888888889,0.023333333846595552,0.9884732230926405,0.5,0.2884732230926406,0.2,True,72.76560307267876,False,0.017714019615364236,0.1227926299558606,126.62027938817982,0.012181250950990943,0.0355145847975865,True,39,0.975,39,1.0,39,1.0,True
200m_cross_10,top_clutter_label_span,10,2562,40,1770275841.3229115,198.6581050327846,-45.534989493233816,-10.040769577026367,204.05708764231818,10,2,0.0723406473795567,31.0,0.020000001043081285,0.9893428019141255,0.5,0.2893428019141254,0.2,True,65.22936686163857,False,0.08324780593787218,0.0803476543506891,72.89158272984717,-0.03853764084700382,0.018537639803922534,True,40,0.975609756097561,40,1.0,40,1.0,True
200m_cross_10,top_clutter_label_span,11,2620,41,1770275842.3264282,198.58980814615884,-45.65819803873698,-10.070504188537598,204.01960200501335,6,2,0.14745839436848485,32.333333333333336,-0.030000001192092896,0.9786769644416948,0.5,0.27867696444169476,0.2,True,57.130905494741086,False,0.14347100414483555,0.17945951830807852,102.18711715665434,-0.03735427449735284,0.06735427568944574,True,41,0.9761904761904762,41,1.0,41,1.0,True
200m_cross_10,top_clutter_label_span,12,2683,42,1770275843.3202274,198.65001220703124,-45.48640060424805,-10.032390975952149,204.03795935677792,9,2,0.068723821640015,31.666666666666668,-0.022222222967280283,0.9898665265733588,0.5,0.2898665265733589,0.2,True,49.574409587363846,False,0.18714838259957928,0.3299510202540604,170.51910666381434,0.018471892095839226,0.003750330871441058,True,42,0.9767441860465116,42,1.0,42,1.0,True
200m_cross_10,top_clutter_label_span,13,2746,43,1770275844.3358884,198.68627057756697,-45.62694658551897,-9.93690926688058,204.0999621178754,10,2,0.12212476276216044,31.3,-0.07599999979138375,0.9822293655260497,0.5,0.2822293655260497,0.2,True,43.54120711262,False,0.17105821220454806,0.31566978828752823,124.54547923171285,0.0610467085217413,0.014953291269642448,True,43,0.9772727272727273,43,1.0,43,1.0,True
200m_cross_10,top_clutter_label_span,14,2817,44,1770275845.3265548,198.6443372453962,-45.5229503086635,-10.048608234950475,204.04138367480078,11,2,0.08457391602652464,26.90909090909091,-0.015454545278440823,0.9875783994041551,0.5,0.2875783994041551,0.2,True,40.191459148070564,False,0.15976400722727846,0.32768803022374754,167.08175032785758,-0.05913034266382865,0.07458488794226947,True,44,0.9777777777777777,44,1.0,44,1.0,True
200m_cross_10,top_clutter_label_span,15,2885,45,1770275846.3150702,198.64688110351562,-45.503103256225586,-10.093312422434488,204.04163970561956,9,2,0.23042996724446851,31.555555555555557,-0.065555556366841,0.9673523606144687,0.5,0.26735236061446876,0.2,True,39.3984161204507,False,0.04954699382512324,0.11863988148855574,26.27826625171518,0.00025900539811610007,0.0652965509687249,True,45,0.9782608695652174,45,1.0,45,1.0,True
200m_cross_10,top_clutter_label_span,16,2951,46,1770275847.3225572,198.67865498860678,-45.7320442199707,-9.948862711588541,204.11665215232497,4,2,0.31110382080078125,29.25,-0.07500000111758709,0.9364316733758833,0.5,0.2567827930350979,0.17964888034078544,True,40.05904631891698,False,0.27053505687929463,0.31299500554038523,144.88972593510914,0.07445499777109695,0.0005450033464901444,True,46,0.9787234042553191,46,1.0,46,1.0,True
200m_cross_10,top_clutter_label_span,17,3016,47,1770275848.3193035,198.6502482096354,-45.45818265279134,-10.060278097788492,204.03327346109296,8,2,0.13421694437662524,27.5,-0.004999999888241291,0.980528129250533,0.5,0.280528129250533,0.2,True,39.79942677446962,False,0.297988911107747,0.565114561430518,169.8735612420489,-0.08365086591633791,0.0886508658045792,True,47,0.9791666666666666,47,1.0,47,1.0,True
200m_cross_10,silver_feasible,0,1949,30,1770275831.3356285,207.21903584798176,3.75873064994812,-7.09657948811849,207.37458454279587,23,2,0.8460618257522583,30.91304347826087,3.911739142044731,0.8965175149180484,0.5,0.1965175149180484,0.2,True,0.29828973083043325,True,nan,nan,nan,nan,nan,True,1,0.03225806451612903,1,0.03333333333333333,1,0.03333333333333333,False
200m_cross_10,silver_feasible,1,2013,31,1770275832.3232634,204.7237981160482,16.075275421142578,-7.079443613688151,205.4759511884674,28,7,1.4481651782989502,31.5,2.26142857330186,0.8454307292339651,0.5,0.1454307292339652,0.2,True,0.6613385316697487,True,12.724107758595784,nan,nan,-1.9224040783183896,0.33902449498347065,True,0,0.0,0,0.0,1,0.03225806451612903,False
200m_cross_10,silver_feasible,2,2076,32,1770275833.3298044,202.84210077921549,26.465537707010906,-6.889133453369141,204.67731358014487,17,4,0.7045793533325195,25.647058823529413,1.1858823579900406,0.9109229282917999,0.5,0.2109229282917998,0.2,True,0.11979917349629308,True,10.49236137568645,2.259372770610719,1.5234882570709476,-0.7934476563183201,0.39243470167172045,True,0,0.0,0,0.0,1,0.03125,False
200m_cross_10,silver_feasible,3,2136,33,1770275834.3194036,201.5394069965069,32.345360829279976,-6.918621246631329,204.23570270556104,32,3,0.6201236431415396,31.718750000000004,0.1837499993853271,0.92002048443488,0.5,0.22002048443487995,0.2,True,0.03081214081522671,True,6.085771342588424,4.429863781348233,2.585331844640672,-0.4462522424543585,0.2625022430690314,True,4,0.11764705882352941,4,0.12121212121212122,6,0.18181818181818182,True
200m_cross_10,silver_feasible,4,2196,34,1770275835.3165312,201.12879689534506,34.63369909922282,-6.931630929311116,204.20659529311158,21,2,0.1306698057386555,29.523809523809526,-0.06952380912289732,0.981026106802003,0.5,0.281026106802003,0.2,True,0.07929233759891556,True,2.331619422223912,3.782350614881215,2.319923930325458,-0.029191263391440316,0.09871507251433764,True,0,0.0,0,0.0,0,0.0,False
200m_cross_10,silver_feasible,5,2264,35,1770275836.32418,201.16090670498934,34.50680073824796,-7.079217195510864,204.22180343847666,23,2,0.11577057838439941,29.26086956521739,-0.10173913180504156,0.9831274601479987,0.5,0.2831274601479986,0.2,True,0.005468714241405875,True,0.1957738177942703,2.4589246828388074,131.12523847632704,0.015092705689929825,0.08664642611511174,True,0,0.0,1,0.02857142857142857,1,0.02857142857142857,False
200m_cross_10,silver_feasible,6,2325,36,1770275837.327859,201.13799467540923,34.446708497546965,-7.118467512584868,204.19045327362306,21,1,0.0,31.952380952380953,0.17904762329444998,1.0,0.5,0.3,0.2,True,0.0,True,0.0750672113987084,0.13663738067407785,31.42723603695867,-0.031235249213092946,0.14781237408135703,True,0,0.0,2,0.05555555555555555,2,0.05555555555555555,False
200m_cross_10,silver_feasible,7,2388,37,1770275838.325653,201.04853762113132,34.475513018094574,-7.099193352919358,204.10652616640752,29,2,0.10554891977554703,25.482758620689655,-0.13068965597656265,0.984578180301946,0.5,0.2845781803019459,0.2,True,0.013226102846393858,True,0.09614830803066164,0.12542218437495828,93.47247334458616,-0.08411264698803872,0.21480230296460137,True,0,0.0,3,0.08108108108108109,3,0.08108108108108109,False
200m_cross_10,silver_feasible,8,2451,38,1770275839.3352473,201.53829065958658,32.08170530531142,-7.185081852806939,204.20221305979126,36,1,0.0,32.02777777777778,-0.31833333403079045,1.0,0.5,0.3,0.2,True,0.0,True,2.421668928924463,2.460907127338884,119.19719602169204,0.09477757814995602,0.22355575588083443,True,3,0.07692307692307693,3,0.07894736842105263,7,0.18421052631578946,True
200m_cross_10,silver_feasible,9,2512,39,1770275840.3155549,202.5329303741455,26.88718056678772,-7.223361492156982,204.43748510489922,13,2,0.350653982162477,29.923076923076923,-0.8769230785278174,0.951754771205243,0.5,0.251754771205243,0.2,True,0.14109569173595937,True,5.395278208282204,2.9907687455602345,1.7543204774660284,0.2399981905048961,0.6369248880229212,True,1,0.025,1,0.02564102564102564,2,0.05128205128205128,False
200m_cross_10,silver_feasible,10,2565,40,1770275841.3229115,203.90251617431642,19.42519359588623,-7.294669437408447,204.95557189463304,10,1,0.0,28.0,-1.3159999966621398,1.0,0.5,0.3,0.2,True,0.0,True,7.531562049815141,2.150149106714881,0.45640111671887806,0.5143032440257168,0.801696752636423,True,1,0.024390243902439025,1,0.025,1,0.025,False
200m_cross_10,silver_feasible,11,2623,41,1770275842.3264282,205.22302964154412,11.373694868648753,-7.318699023302863,205.66821870579062,28,2,0.5151419359094955,34.0,-1.6357142882687705,0.9318780314004707,0.5,0.2318780314004706,0.2,True,0.3678018780966309,True,8.130510841407563,0.6157661174191619,1.147526583983668,0.710149447031446,0.9255648412373245,True,0,0.0,0,0.0,1,0.024390243902439025,False
200m_cross_10,silver_feasible,12,2685,42,1770275843.3202274,206.44494247436523,3.5043618083000183,-7.298287570476532,206.6036297512433,10,2,0.5688943266868591,30.1,-2.2250000119209288,0.9257290330915176,0.5,0.22572903309151762,0.2,True,0.11696082340656376,True,8.013349718442985,0.14312031562353295,0.581102491903122,0.9412475240689014,1.2837524878520274,True,0,0.0,0,0.0,2,0.047619047619047616,False
200m_cross_10,silver_feasible,13,2750,43,1770275844.3358884,207.46508178710937,-3.097516942024231,-7.253884315490723,207.61496480215638,23,2,0.2531662066777547,27.565217391304348,-1.9356521627177363,0.9643302772216715,0.5,0.26433027722167163,0.2,True,0.033209030177060075,True,6.577370443043887,1.4295333781477189,0.23774388351369063,0.9957407537680186,0.9399114089497177,True,0,0.0,0,0.0,2,0.046511627906976744,False
200m_cross_10,silver_feasible,14,2819,44,1770275845.3265548,208.1313417222765,-6.572631041208903,-7.181072102652656,208.3588795383158,18,1,0.0,31.61111111111111,-0.9777777857250638,1.0,0.5,0.3,0.2,True,0.0,True,3.572499860294882,3.0012261946651853,2.2175632396217675,0.7509235642494198,0.22685422147564405,True,0,0.0,0,0.0,1,0.022727272727272728,False
200m_cross_10,silver_feasible,15,2888,45,1770275846.3150702,208.34052762118253,-7.426375735889781,-7.189654155211016,208.59678241266062,22,1,0.0,26.09090909090909,-0.03727272872559049,1.0,0.5,0.3,0.2,True,0.0,True,0.8892533503470592,2.713567112675889,3.3931339152055275,0.24066684228633248,0.203394113560742,True,1,0.021739130434782608,1,0.022222222222222223,3,0.06666666666666667,False
200m_cross_10,silver_feasible,16,2953,46,1770275847.3225572,208.3575963973999,-6.942350476980209,-7.1442630887031555,208.59560086858886,17,2,0.29045334458351135,28.529411764705884,-0.18705882504582405,0.9594478716238082,0.5,0.2594478716238083,0.2,True,0.01863617363555689,True,0.4828334974461934,1.3619014479273233,163.5255052228318,-0.0011727635224923272,0.18823158856831637,True,2,0.0425531914893617,2,0.043478260869565216,4,0.08695652173913043,False
200m_cross_10,silver_feasible,17,3020,47,1770275848.3193035,208.48678768382354,-6.949267976424274,-7.156361944535199,208.7252895085046,23,2,0.1918815444497497,34.47826086956522,-0.24478260865030083,0.9725553471893813,0.5,0.27255534718938135,0.2,True,0.06096205534731718,True,0.13036501111068408,0.5024180319108831,91.53414379697666,0.13011198506673816,0.11467062358356267,True,3,0.0625,3,0.06382978723404255,5,0.10638297872340426,True
300m_cross_10,top_clutter_full,0,8,0,1770276937.3051655,198.67229919433595,-45.524899291992185,-10.025553131103516,204.06790692878278,7,2,0.1416580200195341,30.285714285714285,-0.09857142769864627,0.979486352921515,0.5,0.2794863529215149,0.2,True,102.01042235405335,False,nan,nan,nan,nan,nan,True,0,0.0,0,0.0,0,0.0,True
300m_cross_10,top_clutter_full,1,75,1,1770276938.3119748,198.64270782470703,-45.620330810546875,-10.04993979136149,204.06161139471,11,2,0.09473139444986955,29.09090909090909,-0.11818181638690559,0.9861215662798397,0.5,0.28612156627983976,0.2,True,103.21479774592258,False,0.1021515606243122,nan,nan,-0.006252956226751454,0.12443477261365704,True,1,0.5,1,1.0,1,1.0,True
300m_cross_10,top_clutter_full,2,130,2,1770276939.3120868,198.67214393615723,-45.49532079696655,-10.051436305046082,204.06243251123533,9,2,0.35703516006469727,29.77777777777778,-0.08888888855775197,0.9509528052660035,0.5,0.2509528052660035,0.2,True,105.45553351438924,False,0.12842325062250667,0.22786158967964848,165.08592472229446,0.0008210245239906053,0.08806786403376136,True,2,0.6666666666666666,2,1.0,2,1.0,True
300m_cross_10,top_clutter_full,3,190,3,1770276940.3178558,198.68136596679688,-45.41618283589681,-10.04194164276123,204.05331518446962,7,2,0.42494646708170336,30.571428571428573,-0.12142857217362948,0.9425745876723324,0.5,0.24257458767233236,0.2,True,109.90488285658142,False,0.0797769846199591,0.051568992052886814,9.955924151181977,-0.009065030474734921,0.1304936026483644,True,3,0.75,3,1.0,3,1.0,True
300m_cross_10,top_clutter_full,4,251,4,1770276941.321488,198.6672864641462,-45.50121416364397,-10.041230474199567,204.05851491870885,8,2,0.3241947719029028,29.0,-0.0037499999161809683,0.955107516264114,0.5,0.255107516264114,0.2,True,116.89039803807202,False,0.08588010072619981,0.16450357100819932,172.2289344588929,0.005180916793844469,0.0014309168776635009,True,4,0.8,4,1.0,4,1.0,True
300m_cross_10,top_clutter_full,5,319,5,1770276942.3038828,198.6620661417643,-45.443047841389976,-10.03100856145223,204.0399672946198,8,2,0.2544771830240862,29.625,-0.019999999552965164,0.9641570686254382,0.5,0.26415706862543814,0.2,True,124.73689661445502,False,0.060350417152460825,0.145538341609374,162.18784906076905,-0.01888000787950491,0.038880007432470075,True,5,0.8333333333333334,5,1.0,5,1.0,True
300m_cross_10,top_clutter_full,6,387,6,1770276943.3101075,198.69029235839844,-45.39601952689035,-10.062319483075823,204.05852381052634,9,2,0.257239750453401,28.22222222222222,-0.03333333362307814,0.9637924446509867,0.5,0.26379244465098667,0.2,True,132.87308545847353,False,0.0627659002814394,0.05502040815306076,52.719642586085826,0.018441722962796146,0.014891610660281992,True,6,0.8571428571428571,6,1.0,6,1.0,True
300m_cross_10,top_clutter_full,7,453,7,1770276944.3239286,198.67581685384116,-45.488287183973526,-10.050519731309679,204.06439527840746,12,2,0.2142490810818103,27.333333333333332,-0.09166666663562258,0.969524133125472,0.5,0.26952413312547213,0.2,True,139.8990098340548,False,0.09285533522624478,0.14882199256535594,149.3946601975971,0.005791423887467941,0.08587524274815464,True,7,0.875,7,1.0,7,1.0,True
300m_cross_10,top_clutter_full,8,523,8,1770276945.3243392,198.67111206054688,-45.46211395263672,-10.049396133422851,204.05392653674505,9,2,0.09546318054199077,31.22222222222222,-0.11777777680092388,0.9860168955387258,0.5,0.2860168955387259,0.2,False,nan,False,0.02660553030318195,0.11719828909573063,158.64335668192817,-0.010464445413255793,0.1282422222141797,True,8,0.8888888888888888,8,1.0,8,1.0,True
300m_cross_10,top_clutter_full,9,581,9,1770276946.3253787,198.66777992248535,-45.50223207473755,-10.056195855140686,204.05995927224254,8,1,0.0,31.25,-0.061249999795109034,1.0,0.5,0.3,0.2,True,144.76404790253437,False,0.04078410445168306,0.06667606914204614,163.51415291157068,0.006026470950769403,0.055223528844339634,True,9,0.9,9,1.0,9,1.0,True
300m_cross_10,top_clutter_full,10,649,10,1770276947.326003,198.7122039794922,-45.45474624633789,-10.053467988967896,204.09249419150984,6,2,0.07787704467773438,25.833333333333332,-0.06499999947845936,0.9885429511444195,0.5,0.28854295114441947,0.2,True,144.2084759042008,False,0.06504273264524633,0.10006788892816404,141.228210295328,0.03251461654706035,0.03248538293139901,True,10,0.9090909090909091,10,1.0,10,1.0,True
300m_cross_10,top_clutter_full,11,711,11,1770276948.3239117,198.66053771972656,-45.514771052769255,-10.05512523651123,204.05565215058078,13,2,0.09257396062215228,29.0,-0.08615384465799882,0.9864303769825244,0.5,0.2864303769825245,0.2,False,nan,False,0.0793817140314278,0.14449194615379518,177.34140659458433,-0.036919254144256244,0.12307309880225506,True,11,0.9166666666666666,11,1.0,11,1.0,True
300m_cross_10,top_clutter_full,12,777,12,1770276949.324032,198.65358924865723,-45.532891273498535,-10.045520186424255,204.0524569440768,12,2,0.06353175640106201,33.0,0.01833333447575569,0.990620007138534,0.5,0.2906200071385341,0.2,False,nan,False,0.021651044992953897,0.06253626273936755,33.4773351832032,-0.003194821843022287,0.015138512632733404,True,12,0.9230769230769231,12,1.0,12,1.0,True
300m_cross_10,top_clutter_full,13,841,13,1770276950.3148463,198.6516587999132,-45.461978912353516,-10.060360802544487,204.035496740302,13,2,0.09339679612053686,32.38461538461539,-0.01769230901621855,0.9863125586794586,0.5,0.2863125586794585,0.2,False,nan,False,0.0731462706673329,0.09355395222747667,154.29894247554682,-0.017117441010646765,0.034809750026865316,True,13,0.9285714285714286,13,1.0,13,1.0,True
300m_cross_10,top_clutter_full,14,903,14,1770276951.3102007,198.66148812430245,-45.54478291102818,-10.043789999825615,204.0627154375234,11,2,0.14651843479701654,31.363636363636363,-0.12636363540183415,0.9788079677637773,0.5,0.2788079677637774,0.2,False,nan,False,0.08541272784011839,0.15950370301867686,174.8624760963242,0.02734573418165134,0.09901790122018281,True,14,0.9333333333333333,14,1.0,14,1.0,True
300m_cross_10,top_clutter_full,15,961,15,1770276952.3173425,198.63761138916016,-45.43419901529948,-10.046368598937988,204.01494215027137,9,2,0.17849095662435133,30.77777777777778,-0.03999999910593033,0.9743863079167028,0.5,0.27438630791670277,0.2,False,nan,False,0.11235914115261575,0.19658444216713866,168.70514631001436,-0.04743451805732772,0.08743451716325805,True,15,0.9375,15,1.0,15,1.0,True
300m_cross_10,top_clutter_full,16,1018,16,1770276953.318288,198.68330819266183,-45.463013240269255,-10.042039053780693,204.06563913511457,10,2,0.19541240873790855,30.7,-0.04000000040978193,0.9720745937120991,0.5,0.27207459371209924,0.2,False,nan,False,0.054144765130467086,0.1545030915754462,134.36964089307332,0.05064909267764345,0.010649092267861517,True,16,0.9411764705882353,16,1.0,16,1.0,True
300m_cross_10,top_clutter_full,17,1082,17,1770276954.3138268,198.64099339076452,-45.5491703578404,-10.054128919328962,204.044251778588,12,2,0.1195460728236597,31.166666666666668,0.020833331781129043,0.9825934912300438,0.5,0.2825934912300439,0.2,False,nan,False,0.09717937831001743,0.10685961933582756,84.5657102804598,-0.021483199275402654,0.00064986749427361,True,17,0.9444444444444444,17,1.0,17,1.0,True
300m_cross_10,top_clutter_full,18,1143,18,1770276955.3229878,198.6411895751953,-45.487619400024414,-10.073108355204264,204.03164761003583,10,2,0.12398854891459088,31.1,-0.012999998964369297,0.98196648044383,0.5,0.28196648044383005,0.2,False,nan,False,0.06382629506330965,0.15337406324514324,144.63858359125655,-0.012489750008753754,0.02548974897312305,True,18,0.9473684210526315,18,1.0,18,1.0,True
300m_cross_10,top_clutter_full,19,1205,19,1770276956.3211083,198.68688201904297,-45.401638984680176,-10.03226089477539,204.0549733959091,6,2,0.23272228240966797,27.166666666666668,-0.15333333487311998,0.9670461082194033,0.5,0.2670461082194034,0.2,False,nan,False,0.10578739324384143,0.07894823241673703,48.281903404812795,0.02336970815676062,0.12996362671635936,True,19,0.95,19,1.0,19,1.0,True
300m_cross_10,top_clutter_full,20,1271,20,1770276957.313976,198.663578578404,-45.449398040771484,-10.029659271240234,204.04278791700375,9,2,0.2049999237060547,31.22222222222222,-0.07555555552244186,0.9707734552550651,0.5,0.270773455255065,0.2,False,nan,False,0.053586955384192926,0.1565393690897857,154.36549485809522,-0.012273013619662276,0.08782856914210414,True,20,0.9523809523809523,20,1.0,20,1.0,True
300m_cross_10,top_clutter_full,21,1330,21,1770276958.3174455,198.72719955444336,-45.51560592651367,-10.039280652999878,204.11995831284833,6,2,0.27593421936035156,33.166666666666664,-0.0016666663189729054,0.9613382028794617,0.5,0.2613382028794617,0.2,False,nan,False,0.09200459128917791,0.08969272579352387,70.31767436438382,0.07690358139420463,0.07523691507523173,True,21,0.9545454545454546,21,1.0,21,1.0,True
300m_cross_10,top_clutter_full,22,1381,22,1770276959.3181255,198.64984348842077,-45.53908211844308,-10.040349551609584,204.04993736162447,12,2,0.15444128853933847,30.083333333333332,-0.08999999891966581,0.977705675155677,0.5,0.2777056751556769,0.2,False,nan,False,0.0807920494573644,0.1469303178230568,116.72674963703723,-0.06997337144533382,0.15997337036499965,True,22,0.9565217391304348,22,1.0,22,1.0,True
300m_cross_10,top_clutter_full,23,1446,23,1770276960.3124802,198.63275146484375,-45.70775858561198,-10.07931931813558,204.0729326180518,6,2,0.22199376424153172,33.0,-0.07500000111758709,0.9684824617732966,0.5,0.2684824617732966,0.2,False,nan,False,0.1749489251909339,0.16298968242155804,67.75748132796572,0.023125807975623334,0.05187419314196376,True,23,0.9583333333333334,23,1.0,23,1.0,True
300m_cross_10,top_clutter_full,24,1519,24,1770276961.3054347,198.66605922154017,-45.48601150512695,-10.046854291643415,204.05420752931943,9,2,0.10416821071079774,35.77777777777778,-0.1111111133876774,0.9847747079676095,0.5,0.28477470796760945,0.2,False,nan,False,0.22818026613861225,0.4052560147999761,174.56957474180055,-0.018857952577385095,0.1299690659650625,True,24,0.96,24,1.0,24,1.0,True
300m_cross_10,top_clutter_full,25,1578,25,1770276962.3155584,198.68108622233072,-45.45451863606771,-10.041927973429361,204.06157797181072,11,2,0.16507593790689867,33.18181818181818,-0.08454545434903014,0.976232942882175,0.5,0.2762329428821749,0.2,False,nan,False,0.03488713226990607,0.19474225486194244,16.795258791411133,0.007296573948856578,0.07724888040017357,True,25,0.9615384615384616,25,1.0,25,1.0,True
300m_cross_10,top_clutter_full,26,1642,26,1770276963.3067234,198.66145133972168,-45.48784923553467,-10.068320989608765,204.05118907771435,11,2,0.2007048924764021,32.81818181818182,-0.04999999888241291,0.971355570305168,0.5,0.271355570305168,0.2,False,nan,False,0.047247433433431046,0.07991974500771455,153.3321222758674,-0.010481498949656573,0.060481497832069485,True,26,0.9629629629629629,26,1.0,26,1.0,True
300m_cross_10,top_clutter_full,27,1695,27,1770276964.3137624,198.6481187608507,-45.49585469563802,-10.044685999552408,204.03882865411,11,2,0.08040920893351178,34.45454545454545,-0.034545451402664185,0.9881778632352543,0.5,0.28817786323525424,0.2,False,nan,False,0.02809460314747823,0.05672860694029444,94.11990319459609,-0.012274025875441841,0.04681947727810602,True,27,0.9642857142857143,27,1.0,27,1.0,True
300m_cross_10,top_clutter_full,28,1753,28,1770276965.3096554,198.66350708007812,-45.49193840026855,-10.064939308166505,204.05393529174378,11,2,0.14130516052246378,35.45454545454545,-0.049090909686955536,0.9795356669785853,0.5,0.2795356669785853,0.2,False,nan,False,0.02584198830303929,0.05361853796463425,169.18886229824267,0.015168936432095803,0.03392197325485973,True,28,0.9655172413793104,28,1.0,28,1.0,True
300m_cross_10,top_clutter_full,29,1813,29,1770276966.3219557,198.65300750732422,-45.413195292154946,-10.040510177612305,204.02496794014,11,2,0.16260045369466525,30.636363636363637,-0.08363636210560799,0.9765750597092007,0.5,0.2765750597092007,0.2,False,nan,False,0.0821015049344408,0.08962597441948576,99.36240849895897,-0.028615375250968293,0.11225173735657629,True,29,0.9666666666666667,29,1.0,29,1.0,True
300m_cross_10,top_clutter_full,30,1866,30,1770276967.30636,198.68947982788086,-45.50475835800171,-10.07223355770111,204.08243999995415,12,2,0.10996806621551514,31.083333333333332,-0.1333333340783914,0.98395007815015,0.5,0.28395007815015005,0.2,False,nan,False,0.1051797034421159,0.1863116939492684,166.50986512537727,0.05838257545834192,0.07495075862004949,True,30,0.967741935483871,30,1.0,30,1.0,True
300m_cross_10,top_clutter_full,31,1934,31,1770276968.3302352,198.67741176060267,-45.482579367501394,-10.041744095938546,204.06424379175652,10,2,0.17726916358584788,31.2,-0.06699999906122685,0.9745539807673052,0.5,0.27455398076730525,0.2,False,nan,False,0.0386641689770679,0.1386383273246538,147.0148234790057,-0.01777189988462307,0.08477189894584991,True,31,0.96875,31,1.0,31,1.0,True
300m_cross_10,top_clutter_full,32,1994,32,1770276969.3072774,198.6490238734654,-45.46735654558454,-10.06306757245745,204.034263117967,9,2,0.3118487766810816,35.77777777777778,-0.0566666680905554,0.9566871649200694,0.5,0.25668716492006943,0.2,False,nan,False,0.03953796616897337,0.05472931070511576,88.8732285869078,-0.03068513708553187,0.08735180517608727,True,32,0.9696969696969697,32,1.0,32,1.0,True
300m_cross_10,top_clutter_full,33,2056,33,1770276970.3188367,198.6527557373047,-45.79984664916992,-10.073700586954752,204.1127697098551,6,2,0.4002901713053362,35.5,-0.08499999965230624,0.9455835926826921,0.5,0.24558359268269214,0.2,False,nan,False,0.3288794148571405,0.3479931708476532,112.6089449640934,0.07760948461061716,0.007390515041689083,True,33,0.9705882352941176,33,1.0,33,1.0,True
300m_cross_10,top_clutter_full,34,2111,34,1770276971.317501,198.65282185872397,-45.517852783203125,-10.043817043304443,204.04827079695295,9,2,0.0969950358072893,33.333333333333336,-0.06888888859086567,0.9857979111688238,0.5,0.28579791116882375,0.2,False,nan,False,0.2839521195516409,0.6092941783736435,175.73186051259503,-0.06458517420935893,0.1334740628002246,True,34,0.9714285714285714,34,1.0,34,1.0,True
300m_cross_10,top_clutter_full,35,2175,35,1770276972.3174524,198.68255310058595,-45.485556030273436,-10.042003631591797,204.06992564042162,7,2,0.25512466430664205,32.714285714285715,-0.11999999838215965,0.9640715640880368,0.5,0.26407156408803695,0.2,False,nan,False,0.04393749240919615,0.25356575114672353,42.64956117215685,0.021655896754966427,0.09834410162719322,True,35,0.9722222222222222,35,1.0,35,1.0,True
300m_cross_10,top_clutter_full,36,2243,36,1770276973.3140492,198.67873573303223,-45.48897075653076,-10.051774978637695,204.0674512831131,11,2,0.08705298105875592,32.45454545454545,-0.05818181722001596,0.9872221574595101,0.5,0.2872221574595102,0.2,False,nan,False,0.011069983657685805,0.050462871831884186,119.8833507895601,-0.0024828067637293985,0.06066462398374536,True,36,0.972972972972973,36,1.0,36,1.0,True
300m_cross_10,top_clutter_full,37,2314,37,1770276974.3164766,198.60821024576822,-45.361185709635414,-10.044883410135904,203.96999296154942,5,2,0.1926472981770928,32.4,-0.024000000581145285,0.9724510120279068,0.5,0.2724510120279068,0.2,False,nan,False,0.14576379290295063,0.14785247808079333,98.36339590155875,-0.09722232995664462,0.12122233053778991,True,37,0.9736842105263158,37,1.0,37,1.0,True
300m_cross_10,top_clutter_full,38,2383,38,1770276975.3128214,198.6491241455078,-45.59276853288923,-10.043159757341657,204.06136362423553,12,2,0.0836378914969309,30.666666666666668,-0.1316666677594185,0.9877130211220171,0.5,0.2877130211220172,0.2,False,nan,False,0.23603827959522644,0.3770263560035381,160.87386640269855,0.09170586552891628,0.039960802230502204,True,38,0.9743589743589743,38,1.0,38,1.0,True
300m_cross_10,top_clutter_full,39,2449,39,1770276976.3149915,198.6537105015346,-45.55803952898298,-10.051925659179688,204.05850355035335,11,2,0.07318472862243652,34.63636363636363,-0.06181818229908293,0.9892207132631936,0.5,0.28922071326319365,0.2,False,nan,False,0.03603246152438638,0.26997102354779273,157.93062368691858,-0.002853880715853447,0.06467206301493637,True,39,0.975,39,1.0,39,1.0,True
300m_cross_10,top_clutter_full,40,2512,40,1770276977.3107436,198.64662606375558,-45.58329718453543,-10.048724855695452,204.05708980565385,11,2,0.08092018536158996,31.636363636363637,-0.0645454539494081,0.9881042465921435,0.5,0.28810424659214345,0.2,False,nan,False,0.026539685748793476,0.0623709878017869,169.30679910980643,-0.0014197757704292793,0.06596522971983737,True,40,0.975609756097561,40,1.0,40,1.0,True
300m_cross_10,top_clutter_full,41,2570,41,1770276978.3183613,198.6728744506836,-45.50868034362793,-10.06144126256307,204.06661566605055,9,2,0.10452540715535541,32.111111111111114,-0.03444444491631455,0.9847238522525217,0.5,0.2847238522525218,0.2,False,nan,False,0.07950897739121042,0.10581508436148351,175.72827262559602,0.00945384373762322,0.02499060117869133,True,41,0.9761904761904762,41,1.0,41,1.0,True
300m_cross_10,top_clutter_full,42,2629,42,1770276979.3216944,198.6571750640869,-45.51270532608032,-10.040720224380493,204.0512083109683,14,2,0.1960972150166853,31.5,-0.0899999997179423,0.9719814504642446,0.5,0.27198145046424466,0.2,False,nan,False,0.02621912264669772,0.094035386967875,117.5846185507461,-0.015356171553760232,0.10535617127170253,True,42,0.9767441860465116,42,1.0,42,1.0,True
300m_cross_10,top_clutter_full,43,2679,43,1770276980.3139052,198.63246372767858,-45.47239467075893,-10.048010689871651,204.01852083192003,10,2,0.16316059657505377,35.3,-0.08800000324845314,0.976497609780169,0.5,0.27649760978016896,0.2,False,nan,False,0.04821644615719171,0.053620137412679986,86.60006981701068,-0.03294408497288503,0.12094408822133818,True,43,0.9772727272727273,43,1.0,43,1.0,True
300m_cross_10,top_clutter_full,44,2741,44,1770276981.2997863,198.6509748186384,-45.458841051374165,-10.063170978001185,204.03427024953893,11,2,0.16285732814243659,33.72727272727273,-0.053636363622817124,0.9765395394574456,0.5,0.2765395394574457,0.2,False,nan,False,0.02789282394147903,0.0524888576770419,81.28009288490402,0.01597496673385154,0.03766139688896558,True,44,0.9777777777777777,44,1.0,44,1.0,True
300m_cross_10,top_clutter_full,45,2800,45,1770276982.3276834,198.6355481828962,-45.52988270350865,-10.045311519077845,204.03421160293254,12,2,0.12236262730189651,34.5,-0.10416666511446238,0.9821958013429561,0.5,0.28219580134295613,0.2,False,nan,False,0.07282724820182142,0.09463742344770847,137.5606218623107,-5.7054937966976034e-05,0.10422372005242936,True,45,0.9782608695652174,45,1.0,45,1.0,True
300m_cross_10,top_clutter_full,46,2851,46,1770276983.3316045,198.67781677246094,-45.50103988647461,-10.02583293914795,204.0679711134156,7,2,0.1411815643310561,34.285714285714285,-0.09142857204590525,0.9795529422842708,0.5,0.2795529422842709,0.2,False,nan,False,0.054539749009876466,0.11153588979950305,125.03847604160669,0.03362765537188468,0.05780091667402057,True,46,0.9787234042553191,46,1.0,46,1.0,True
300m_cross_10,top_clutter_full,47,2911,47,1770276984.335356,198.6809336344401,-45.6034132639567,-9.945653279622396,204.08993289805963,11,2,0.11879488627115364,29.181818181818183,-0.10545454394410957,0.9826996513805342,0.5,0.28269965138053416,0.2,False,nan,False,0.12958614707171182,0.14864888435954407,100.18382247856657,0.021879702582221227,0.08357484136188834,True,47,0.9791666666666666,47,1.0,47,1.0,True
300m_cross_10,top_clutter_full,48,2971,48,1770276985.329619,198.6771240234375,-45.38393688201904,-10.051688432693481,204.04249012762855,7,2,0.18739795684814453,30.142857142857142,-0.08285714153732572,0.9731670454716133,0.5,0.27316704547161336,0.2,False,nan,False,0.24518492060240274,0.37319402466491297,167.71131124685397,-0.04771652328729732,0.13057366482462304,True,48,0.9795918367346939,48,1.0,48,1.0,True
300m_cross_10,top_clutter_full,49,3038,49,1770276986.3359692,198.7206024169922,-45.610810089111325,-9.980178070068359,204.13188819061938,9,2,0.1407487869262667,34.55555555555556,-0.021111111260122724,0.9796134409280779,0.5,0.2796134409280778,0.2,False,nan,False,0.24029127625472166,0.48242054892716324,167.4512575344783,0.08883394268305368,0.06772283142293095,True,49,0.98,49,1.0,49,1.0,True
300m_cross_10,top_clutter_full,50,3095,50,1770276987.318133,198.66310337611608,-45.50023923601423,-10.04102052961077,204.0542146265055,8,2,0.3145648411342066,29.375,0.00375000131316483,0.9563388120686998,0.5,0.25633881206869974,0.2,False,nan,False,0.14120472659075742,0.37940697966577996,162.22860623434832,-0.07908411583001297,0.07533411451684814,True,50,0.9803921568627451,50,1.0,50,1.0,True
300m_cross_10,top_clutter_full,51,3158,51,1770276988.3201382,198.65611267089844,-45.49657974243164,-10.06855125427246,204.047949252454,9,2,0.08522267341613698,31.444444444444443,-0.0711111111773385,0.9874851302263867,0.5,0.28748513022638683,0.2,False,nan,False,0.02858187086846822,0.12634930711670286,51.33227134219843,-0.006252836487503015,0.0773639476648415,True,51,0.9807692307692307,51,1.0,51,1.0,True
300m_cross_10,top_clutter_full,52,3218,52,1770276989.3232145,198.6641642252604,-45.49283790588379,-10.067631562550863,204.0549084274415,9,2,0.11630900700887103,32.22222222222222,-0.12444444456034237,0.983051248442641,0.5,0.283051248442641,0.2,False,nan,False,0.008898693450431034,0.03203166340069457,105.40629578035023,0.0069378320312531465,0.11750661252908923,True,52,0.9811320754716981,52,1.0,52,1.0,True
300m_cross_10,top_clutter_full,53,3277,53,1770276990.318361,198.67468479701452,-45.488263266427175,-10.070056506565638,204.06425094130105,10,2,0.10762873150053487,33.1,-0.03999999836087227,0.9842823996026087,0.5,0.2842823996026086,0.2,False,nan,False,0.011782805359537107,0.004302081107879635,17.905437291835685,0.009388078778007562,0.03061191958286471,True,53,0.9814814814814815,53,1.0,53,1.0,True
300m_cross_10,top_clutter_full,54,3338,54,1770276991.3285217,198.67794799804688,-45.48192893134223,-10.059476216634115,204.06549424580166,14,2,0.09712289174397881,29.214285714285715,-0.10285714335207428,0.9857796412729904,0.5,0.28577964127299044,0.2,False,nan,False,0.012627666084273808,0.014906462342993436,75.42018747018444,0.0012307987427910188,0.10162634460928327,True,54,0.9818181818181818,54,1.0,54,1.0,True
300m_cross_10,top_clutter_full,55,3395,55,1770276992.3212125,198.63907165527343,-45.559326171875,-10.039810180664062,204.04394325185913,7,2,0.13907241821289062,34.857142857142854,-0.01571428562913622,0.9798479067892649,0.5,0.2798479067892649,0.2,False,nan,False,0.08947094031139308,0.09462973498391955,111.16461506684263,-0.02170967425843561,0.03742395988757183,True,55,0.9821428571428571,55,1.0,55,1.0,True
300m_cross_10,top_clutter_full,56,3449,56,1770276993.3086116,198.65930938720703,-45.334709803263344,-10.067375659942627,204.01497291087867,7,2,0.45541318257649976,27.428571428571427,0.06142857298254967,0.9389073651702751,0.5,0.2389073651702751,0.2,False,nan,False,0.23010412812492498,0.318025941865649,158.0252938400983,-0.029340052004882843,0.032088520977666825,True,56,0.9824561403508771,56,1.0,56,1.0,True
300m_cross_10,top_clutter_full,57,3506,57,1770276994.3137398,198.6592025756836,-45.52101945877075,-10.038335680961609,204.05491947957526,11,2,0.147648652394615,33.09090909090909,-0.020909090611067684,0.9786504554380111,0.5,0.27865045543801115,0.2,False,nan,False,0.18759730007224648,0.4188060089797574,174.59211953244326,0.039742762041483526,0.01883367143041584,True,57,0.9827586206896551,57,1.0,57,1.0,True
300m_cross_10,top_clutter_full,58,3568,58,1770276995.3154614,198.6432822091239,-45.43608093261719,-10.057088579450335,204.0214107588316,11,2,0.1584911346435547,29.0,-0.11545454473658041,0.9771439114884033,0.5,0.27714391148840334,0.2,False,nan,False,0.08827698918043456,0.27383130907300396,168.99989910951237,-0.03345113058950078,0.14890567532608118,True,58,0.9830508474576272,58,1.0,58,1.0,True
300m_cross_10,top_clutter_full,59,3627,59,1770276996.3187926,198.66465759277344,-45.65902328491211,-9.94815476735433,204.08664426429598,5,2,0.16063499450683594,31.6,-0.09399999976158142,0.9768469918012879,0.5,0.2768469918012878,0.2,False,nan,False,0.24822486862387722,0.33357145870522326,165.47540399442224,0.06501692210855904,0.028983077653022382,True,59,0.9833333333333333,59,1.0,59,1.0,True
300m_cross_10,top_clutter_full,60,3681,60,1770276997.3010473,198.64230092366537,-45.58462715148926,-10.033331553141275,204.05241897817234,12,2,0.10068893432617188,30.833333333333332,-0.1308333327372869,0.9852705440884737,0.5,0.28527054408847374,0.2,False,nan,False,0.11736356500673134,0.3615607061188799,156.56479383791194,-0.03484359464535722,0.1656769273826441,True,60,0.9836065573770492,60,1.0,60,1.0,True
300m_cross_10,top_clutter_full,61,3747,61,1770276998.3114173,198.64441680908203,-45.49788398742676,-10.050031471252442,204.03594023927945,14,2,0.10389785766601278,29.214285714285715,-0.06500000080892018,0.9848132054242154,0.5,0.28481320542421534,0.2,False,nan,False,0.08745451640668812,0.0754196364866773,39.778336157966244,-0.01630960799542081,0.08130960880434099,True,61,0.9838709677419355,61,1.0,61,1.0,True
300m_cross_10,top_clutter_full,62,3815,62,1770276999.3138387,198.63157908121744,-45.51303482055664,-10.04606835047404,204.0266258020691,8,2,0.2995262145996094,30.5,-0.06000000052154064,0.9582735688042749,0.5,0.25827356880427504,0.2,False,nan,False,0.020201056634701172,0.10343413196158661,141.87419270310116,-0.009291937906203853,0.06929193842774449,True,62,0.9841269841269841,62,1.0,62,1.0,True
300m_cross_10,top_clutter_label_span,0,8,0,1770276937.3051655,198.67229919433595,-45.524899291992185,-10.025553131103516,204.06790692878278,7,2,0.1416580200195341,30.285714285714285,-0.09857142769864627,0.979486352921515,0.5,0.2794863529215149,0.2,True,102.01042235405335,False,nan,nan,nan,nan,nan,True,0,0.0,0,0.0,0,0.0,True
300m_cross_10,top_clutter_label_span,1,75,1,1770276938.3119748,198.64270782470703,-45.620330810546875,-10.04993979136149,204.06161139471,11,2,0.09473139444986955,29.09090909090909,-0.11818181638690559,0.9861215662798397,0.5,0.28612156627983976,0.2,True,103.21479774592258,False,0.1021515606243122,nan,nan,-0.006252956226751454,0.12443477261365704,True,1,0.5,1,1.0,1,1.0,True
300m_cross_10,top_clutter_label_span,2,130,2,1770276939.3120868,198.67214393615723,-45.49532079696655,-10.051436305046082,204.06243251123533,9,2,0.35703516006469727,29.77777777777778,-0.08888888855775197,0.9509528052660035,0.5,0.2509528052660035,0.2,True,105.45553351438924,False,0.12842325062250667,0.22786158967964848,165.08592472229446,0.0008210245239906053,0.08806786403376136,True,2,0.6666666666666666,2,1.0,2,1.0,True
300m_cross_10,top_clutter_label_span,3,190,3,1770276940.3178558,198.68136596679688,-45.41618283589681,-10.04194164276123,204.05331518446962,7,2,0.42494646708170336,30.571428571428573,-0.12142857217362948,0.9425745876723324,0.5,0.24257458767233236,0.2,True,109.90488285658142,False,0.0797769846199591,0.051568992052886814,9.955924151181977,-0.009065030474734921,0.1304936026483644,True,3,0.75,3,1.0,3,1.0,True
300m_cross_10,top_clutter_label_span,4,251,4,1770276941.321488,198.6672864641462,-45.50121416364397,-10.041230474199567,204.05851491870885,8,2,0.3241947719029028,29.0,-0.0037499999161809683,0.955107516264114,0.5,0.255107516264114,0.2,True,116.89039803807202,False,0.08588010072619981,0.16450357100819932,172.2289344588929,0.005180916793844469,0.0014309168776635009,True,4,0.8,4,1.0,4,1.0,True
300m_cross_10,top_clutter_label_span,5,319,5,1770276942.3038828,198.6620661417643,-45.443047841389976,-10.03100856145223,204.0399672946198,8,2,0.2544771830240862,29.625,-0.019999999552965164,0.9641570686254382,0.5,0.26415706862543814,0.2,True,124.73689661445502,False,0.060350417152460825,0.145538341609374,162.18784906076905,-0.01888000787950491,0.038880007432470075,True,5,0.8333333333333334,5,1.0,5,1.0,True
300m_cross_10,top_clutter_label_span,6,387,6,1770276943.3101075,198.69029235839844,-45.39601952689035,-10.062319483075823,204.05852381052634,9,2,0.257239750453401,28.22222222222222,-0.03333333362307814,0.9637924446509867,0.5,0.26379244465098667,0.2,True,132.87308545847353,False,0.0627659002814394,0.05502040815306076,52.719642586085826,0.018441722962796146,0.014891610660281992,True,6,0.8571428571428571,6,1.0,6,1.0,True
300m_cross_10,top_clutter_label_span,7,453,7,1770276944.3239286,198.67581685384116,-45.488287183973526,-10.050519731309679,204.06439527840746,12,2,0.2142490810818103,27.333333333333332,-0.09166666663562258,0.969524133125472,0.5,0.26952413312547213,0.2,True,139.8990098340548,False,0.09285533522624478,0.14882199256535594,149.3946601975971,0.005791423887467941,0.08587524274815464,True,7,0.875,7,1.0,7,1.0,True
300m_cross_10,top_clutter_label_span,8,523,8,1770276945.3243392,198.67111206054688,-45.46211395263672,-10.049396133422851,204.05392653674505,9,2,0.09546318054199077,31.22222222222222,-0.11777777680092388,0.9860168955387258,0.5,0.2860168955387259,0.2,False,nan,False,0.02660553030318195,0.11719828909573063,158.64335668192817,-0.010464445413255793,0.1282422222141797,True,8,0.8888888888888888,8,1.0,8,1.0,True
300m_cross_10,top_clutter_label_span,9,581,9,1770276946.3253787,198.66777992248535,-45.50223207473755,-10.056195855140686,204.05995927224254,8,1,0.0,31.25,-0.061249999795109034,1.0,0.5,0.3,0.2,True,144.76404790253437,False,0.04078410445168306,0.06667606914204614,163.51415291157068,0.006026470950769403,0.055223528844339634,True,9,0.9,9,1.0,9,1.0,True
300m_cross_10,top_clutter_label_span,10,649,10,1770276947.326003,198.7122039794922,-45.45474624633789,-10.053467988967896,204.09249419150984,6,2,0.07787704467773438,25.833333333333332,-0.06499999947845936,0.9885429511444195,0.5,0.28854295114441947,0.2,True,144.2084759042008,False,0.06504273264524633,0.10006788892816404,141.228210295328,0.03251461654706035,0.03248538293139901,True,10,0.9090909090909091,10,1.0,10,1.0,True
300m_cross_10,silver_feasible,0,27,0,1770276937.3051655,293.38975524902344,-7.706050872802734,-7.908769965171814,293.5974801450075,5,2,0.13235437870025635,36.2,-0.35000000298023226,0.9807895019700055,0.5,0.2807895019700056,0.2,True,0.026694535730808842,True,nan,nan,nan,nan,nan,True,0,0.0,0,0.0,0,0.0,True
300m_cross_10,silver_feasible,1,90,1,1770276938.3119748,293.6689046223958,-5.376789251963298,-8.10732332865397,293.8299918257719,3,1,0.0,20.333333333333332,-0.6099999944368998,0.9547411228938167,0.5,0.3,0.15474112289381664,True,0.0,True,2.3383941077002737,nan,nan,0.2309391618287498,0.37906083260815,True,0,0.0,0,0.0,0,0.0,True
300m_cross_10,silver_feasible,2,147,2,1770276939.3120868,293.93292236328125,-0.2940499782562256,-8.291107177734375,294.049981759294,1,1,0.0,26.0,-0.949999988079071,0.8773705614469084,0.5,0.3,0.07737056144690832,True,0.0,True,5.092338203588361,2.7591773203234284,4.745335274117991,0.21996528493105016,0.7300347031480209,True,0,0.0,0,0.0,0,0.0,True
300m_cross_10,silver_feasible,3,208,3,1770276940.3178558,294.72654724121094,8.287566661834717,-8.652709484100342,294.9699828648948,3,2,0.7689418792724609,22.333333333333332,-2.15666663646698,0.8589843421677841,0.5,0.20424321927396738,0.15474112289381664,True,0.2596450264822674,True,8.576341234578928,3.484128605247525,2.332522601918779,0.9147240494255976,1.2419425870413825,True,0,0.0,0,0.0,0,0.0,True
300m_cross_10,silver_feasible,4,272,4,1770276941.321488,295.9472961425781,22.129695892333984,-9.325425148010254,296.9200045274504,1,1,0.0,15.0,-3.880000114440918,0.8773705614469084,0.5,0.3,0.07737056144690832,True,2.4899121391343355,True,13.861781431868888,5.261378399932323,0.4420969905127559,1.942964681478937,1.937035432961981,True,0,0.0,0,0.0,0,0.0,True
300m_cross_10,silver_feasible,5,339,5,1770276942.3038828,296.7806396484375,31.57579231262207,-9.660642051696778,298.6119668318009,5,1,0.0,20.8,-4.474000072479248,1.0,0.5,0.3,0.2,True,0.0,True,9.658750406074107,4.235327808913453,0.7470326748325412,1.722283214528699,2.751716857950549,True,0,0.0,0,0.0,0,0.0,True
300m_cross_10,silver_feasible,6,408,6,1770276943.3101075,297.8323974609375,43.51533889770508,-9.981118520100912,301.1599980469257,11,3,0.9600001017252566,23.363636363636363,-5.021818247708407,0.8856350080999575,0.5,0.18563500809995762,0.2,True,0.43245210212162793,True,11.91589351260428,2.271957895354969,0.4930089291917835,2.5322687732199713,2.489549474488436,True,0,0.0,0,0.0,0,0.0,True
300m_cross_10,silver_feasible,7,476,7,1770276944.3239286,298.61327209472654,52.60036010742188,-10.2255295753479,303.3830015172999,14,2,0.6657144546508817,23.142857142857142,-3.8435714074543545,0.9150617609977136,0.5,0.21506176099771365,0.2,True,0.19551370043517513,True,8.997438540293414,2.8895758565851573,0.12161437279215129,2.1926979182913207,1.650873489163034,True,0,0.0,0,0.0,0,0.0,True
300m_cross_10,silver_feasible,8,606,9,1770276946.3253787,299.2754405628551,58.58663662997159,-10.541579593311656,305.13817888954094,11,1,0.0,29.727272727272727,0.3172727281397039,1.0,0.5,0.3,0.2,True,0.0,True,3.0133525456818897,3.9710673660901716,2.0277688039539203,0.8769528681940828,1.1942255963337867,True,0,0.0,0,0.0,0,0.0,False
300m_cross_10,silver_feasible,9,668,10,1770276947.326003,299.14221954345703,58.03260517120361,-10.567854046821594,304.9024931277171,8,1,0.0,25.0,0.17250000406056643,1.0,0.5,0.3,0.2,True,0.0,True,0.5700728609482006,2.383229750477337,170.8472562488918,-0.23553868716695553,0.0630386831063891,True,0,0.0,0,0.0,1,0.1,False
